timestamp,Pitch,Roll,Yaw,accl_x,accl_y,accl_z,gyro_x,gyro_y,gyro_z,magn_x,magn_y,magn_z,quat_w,quat_x,quat_y,quat_z
0,0.5337964,4.270004,174.87039,-0.12861422,0.62632126,9.625727,-0.024129178,-0.01450805,0.028710665,-0.29275444,-0.10886873,-0.9499697,-0.044891182,0.0029832558,-0.037424773,-0.9982862
99,0.5337964,4.270004,174.87039,-0.12861422,0.62632126,9.625727,-0.024129178,-0.01450805,0.028710665,-0.29275444,-0.10886873,-0.9499697,-0.044891182,0.0029832558,-0.037424773,-0.9982862
206,0.29031214,3.549114,175.21748,-0.08135597,0.634098,9.636495,-0.023823744,-0.019547688,0.02733622,-0.29541898,-0.082429,-0.9518052,-0.04178147,0.0012379934,-0.031045498,-0.9986436
312,0.51595503,3.8794544,175.18936,-0.12502497,0.61854464,9.629914,-0.024129178,-0.016798794,0.027488936,-0.2883471,-0.09706651,-0.9525933,-0.042096253,0.0030754565,-0.034006853,-0.9985299
419,0.57141435,4.053012,175.1903,-0.1381855,0.61495537,9.587442,-0.02657264,-0.017867807,0.030543262,-0.28848103,-0.098698005,-0.9523851,-0.042109553,0.0034952338,-0.035539348,-0.9984746
526,0.798723,4.6036625,175.03864,-2.1122642,3.7040892,8.19123,-0.02397646,-0.020158552,0.031001411,-0.28115195,-0.11168306,-0.9531424,-0.043526273,0.005219619,-0.040426556,-0.9982204
632,-3.3664231,5.045452,154.2024,-4.6504507,10.062417,11.270792,1.156826,-1.8745927,-5.004208,-0.27405998,-0.18630923,-0.9434935,-0.22165692,-0.038425762,-0.03633579,-0.97368956
739,-12.982843,16.995993,168.88174,-3.266801,-1.0576276,10.214959,2.3970351,-0.7797695,1.2061534,-0.43651575,0.078432344,-0.89627135,-0.07856709,-0.12551095,-0.13530517,-0.97967684
846,-17.649284,39.904076,170.48294,-2.9593232,-5.7427745,8.400602,5.003444,0.059406642,0.09865474,-0.47590274,0.3978984,-0.78434265,-0.024885824,-0.1716783,-0.32406923,-0.9299927
952,-25.029797,58.314754,175.6026,-0.8943174,-8.803194,8.5423765,4.1317396,-0.29168814,2.4233024,-0.3971378,0.6974233,-0.59655875,0.07278986,-0.20734356,-0.4680237,-0.855958
1059,-41.550686,68.967896,-170.11029,0.5521438,-9.855437,1.4985051,1.5294538,0.49098295,3.9351938,-0.106531166,0.93310237,-0.34346914,0.26650852,-0.24566014,-0.5525935,-0.7505096
1166,-58.62229,48.309357,-131.40822,3.2847471,-7.037291,1.6360924,0.47510046,2.0134118,2.7304149,0.36580765,0.9211365,-0.13301235,0.50994337,-0.26031652,-0.5090008,-0.6427373
1272,-57.693806,36.039574,-112.11813,3.691527,-7.257431,-0.55692947,1.052979,2.1058052,1.6212363,0.51448107,0.8574559,0.008868747,0.5888866,-0.2293444,-0.48096013,-0.6076932
1379,-39.058968,-12.396058,-67.32381,4.922036,-4.843073,-5.642276,-2.4550672,3.4596353,1.7851009,0.7599196,0.6207972,0.19269939,0.7598483,-0.268904,-0.2202111,-0.549389
1486,-25.723005,-26.48214,-62.46593,6.1477594,-5.349155,-6.483951,-1.4908167,0.58291817,1.1371257,0.8059078,0.5348131,0.2539441,0.7850149,-0.30328938,-0.06948713,-0.5356666
1592,-14.655377,-39.384094,-58.341873,6.2075796,-5.0662036,-6.02752,-1.4123204,0.9068295,1.0552697,0.8531282,0.44374147,0.27434608,0.7944419,-0.35035557,0.058046427,-0.4926903
1699,-0.33652103,-55.971504,-53.93312,6.55095,-5.0871406,-6.25424,-2.4886649,0.64568454,1.6102408,0.9211021,0.25662205,0.29277292,0.7864216,-0.419405,0.21047965,-0.40167
1806,17.755022,-76.28018,-43.01975,7.63789,-4.3800616,-3.1980073,-3.3403637,-0.39202276,3.345098,0.9718477,-0.011632901,0.23532243,0.7579065,-0.52318746,0.33665442,-0.19625601
1912,35.997852,-96.16835,-45.935856,6.8165536,-3.050849,-3.3846474,-3.169169,0.7498371,3.9605448,0.9036958,-0.2628797,0.3379765,0.6747019,-0.57105666,0.4662188,-0.036215767
2019,45.003906,-108.03433,-51.6105,7.37767,-3.2285159,-3.258426,-4.04515,1.1768318,5.003444,0.8343966,-0.3793378,0.39985648,0.6234938,-0.57515097,0.5278725,0.042514514
2126,84.11595,112.69353,174.31035,6.481558,3.7166517,-0.54675996,1.8432859,0.09987646,3.7400224,0.39658362,-0.84845316,0.3504977,0.577348,-0.34009412,0.63569754,0.38326746
2232,61.920174,112.4163,159.40552,4.2574296,12.516854,0.5694918,2.0002782,0.5859725,3.5219436,0.101209454,-0.99171364,0.0791245,0.50590175,-0.15412088,0.7523256,0.39283124
2339,46.687607,116.07265,150.97119,0.9002995,15.6059885,1.457229,0.728915,0.7473936,2.4300218,-0.19194236,-0.9681825,-0.16056383,0.44725612,-0.007851221,0.8066505,0.38628387
2446,39.53706,118.9944,151.986,-2.879762,11.267801,2.9563322,0.030848695,1.0537425,1.3878858,-0.27941298,-0.919045,-0.27800137,0.3983627,0.029683137,0.8282703,0.3929305
2552,36.444958,128.00977,160.50638,-0.39182466,8.817552,3.205784,-0.07925977,0.23900104,-0.24297166,-0.23007062,-0.8889121,-0.39610958,0.34749398,0.0094563505,0.86463416,0.36272067
2659,33.460613,134.00223,165.55986,-0.32901308,9.6891365,2.4687946,0.91446525,1.2852604,0.06872234,-0.18815826,-0.8792335,-0.4376585,0.30991068,-0.00078807364,0.8886932,0.33790395
2766,30.720322,124.55336,158.3389,-0.60717875,10.345368,2.8342984,0.38163808,-0.019547688,0.27305678,-0.22521457,-0.87390476,-0.430777,0.3145927,0.039362382,0.86153466,0.3965351
2872,30.720322,124.55336,158.3389,-0.60717875,10.345368,2.8342984,0.38163808,-0.019547688,0.27305678,-0.22521457,-0.87390476,-0.430777,0.3145927,0.039362382,0.86153466,0.3965351
2979,30.086294,123.17271,158.4408,-1.0019945,9.626924,3.1902308,-0.36193764,-0.098502025,0.02351831,-0.22398792,-0.8702437,-0.43875423,0.310198,0.037541896,0.85750425,0.40872276
3086,35.985287,109.763504,149.44139,-1.0013963,10.39143,0.9954142,-0.93294394,-0.25167647,-0.02076942,-0.24179135,-0.91316587,-0.3281235,0.38791767,0.033597335,0.7972933,0.4612098
3192,35.49549,102.81755,149.76483,-2.1810577,9.485747,0.78544396,-1.7053831,0.36346483,0.0739147,-0.2451243,-0.93566227,-0.25387043,0.384947,0.010586086,0.7682432,0.5113767
3299,34.41747,96.79442,151.14915,-0.59641105,9.458827,-0.77527446,0.07452556,-0.6191119,0.046273045,-0.2549895,-0.9574918,-0.1348694,0.37225592,-0.012298858,0.7407071,0.5591308
3406,33.687504,95.70127,150.60771,-0.30329025,9.567103,-0.51924247,-0.020922136,-0.013591751,0.028405234,-0.25227097,-0.9596348,-0.12433998,0.3707421,-0.008070241,0.735707,0.56676304
3512,32.871273,94.90814,150.61772,-0.29072794,9.580861,-0.53359944,-0.02107485,-0.017867807,0.02687807,-0.24766727,-0.96426487,-0.09409641,0.3661136,-0.005855017,0.732049,0.5744831
3619,32.58737,94.65019,150.61934,-0.29850462,9.578468,-0.5515456,-0.022296581,-0.017256944,0.030848695,-0.23465459,-0.9669448,-0.09977455,0.36452085,-0.0050006416,0.73084164,0.57703555
3726,31.556643,93.74194,150.72328,-0.3194418,9.560522,-0.53659046,-0.025045475,-0.010231993,0.03145956,-0.2558037,-0.9598536,-0.11508932,0.3582659,-0.0023720218,0.72649866,0.58637834
3832,30.435997,92.75457,150.7482,-0.30209383,9.5665045,-0.5174479,-0.026267204,-0.02443461,0.03023783,-0.24587746,-0.9643754,-0.09759286,0.35195762,0.0011527333,0.72160673,0.59616125
3939,30.435997,92.75457,150.7482,-0.30209383,9.5665045,-0.5174479,-0.026267204,-0.02443461,0.03023783,-0.24587746,-0.9643754,-0.09759286,0.35195762,0.0011527333,0.72160673,0.59616125
4046,28.585997,91.24228,150.91368,-0.3475575,9.561121,-0.51625144,-0.024129178,-0.01740966,0.030695977,-0.24544042,-0.96189344,-0.12049909,0.34098876,0.006784278,0.71377355,0.6117254
4152,28.182766,90.92977,150.95311,-0.276371,9.592826,-0.5282156,-0.022449298,-0.01695151,0.03145956,-0.24861862,-0.96042866,-0.12556109,0.33859247,0.008079638,0.7120999,0.6149826
4259,26.545784,89.68997,151.14705,-0.24586251,9.5868435,-0.552742,-0.024281893,-0.017256944,0.025809057,-0.24102196,-0.96450835,-0.10785219,0.32872334,0.013346453,0.7052671,0.6279819
4366,26.12463,89.39643,151.19704,-0.24765714,9.57787,-0.50069815,-0.02275473,-0.017104227,0.027794369,-0.24470687,-0.9632092,-0.111115046,0.32619172,0.014807722,0.70359915,0.63113225
4472,24.426115,88.266846,151.41808,-0.3086741,9.580861,-0.4677968,-0.021533,-0.014660766,0.026267204,-0.23866215,-0.9639002,-0.118054286,0.31590554,0.020863127,0.69699067,0.6434069
4579,23.548378,87.70107,151.54973,-0.33379874,9.573085,-0.5186443,-0.02687807,-0.017867807,0.030543262,-0.25118434,-0.9599691,-0.123958565,0.31051195,0.024014514,0.6935683,0.64959115
4686,23.129936,87.460976,151.62225,-0.2871387,9.582656,-0.5240281,-0.018936822,-0.0154243475,0.031001411,-0.24558648,-0.9611346,-0.1261251,0.30788368,0.0255562,0.692082,0.6523627
4792,22.662792,87.20269,151.71399,-0.34576285,9.567103,-0.529412,-0.022449298,-0.012675454,0.031612277,-0.24697216,-0.96228313,-0.114087336,0.30488813,0.027251286,0.6904636,0.65540874
4899,22.186163,86.944275,151.78665,-0.30388847,9.555139,-0.5318048,-0.024740042,-0.018936822,0.030390546,-0.23847109,-0.96545196,-0.1050434,0.30195284,0.02913401,0.6888186,0.6584107
5006,22.186163,86.944275,151.78665,-0.30388847,9.555139,-0.5318048,-0.024740042,-0.018936822,0.030390546,-0.23847109,-0.96545196,-0.1050434,0.30195284,0.02913401,0.6888186,0.6584107
5112,22.186163,86.944275,151.78665,-0.30388847,9.555139,-0.5318048,-0.024740042,-0.018936822,0.030390546,-0.23847109,-0.96545196,-0.1050434,0.30195284,0.02913401,0.6888186,0.6584107
5219,17.424599,84.69569,152.72946,-0.29312077,9.546165,-0.54317075,-0.02321288,-0.019700404,0.028863383,-0.22190006,-0.96403885,-0.14625123,0.27137893,0.048175555,0.6734816,0.68589735
5326,15.939362,84.14532,153.05965,-0.30927232,9.563514,-0.5240281,-0.02275473,-0.02031127,0.0290161,-0.23966622,-0.96290374,-0.1240018,0.26158893,0.054491136,0.6693196,0.6932627
5432,14.407751,83.69733,153.43538,-0.29072794,9.598209,-0.5449653,-0.021533,-0.013439035,0.0290161,-0.2486209,-0.9601733,-0.12749451,0.25121623,0.061157648,0.66565436,0.70003885
5539,13.880268,83.551575,153.5818,-0.2781656,9.558728,-0.50428736,-0.0206167,-0.013591751,0.02977968,-0.25597286,-0.9573956,-0.13368452,0.24753177,0.063391455,0.6644297,0.7023124
5646,12.300923,83.193115,154.00452,-0.30448666,9.572487,-0.535394,-0.02855795,-0.019700404,0.028710665,-0.256508,-0.95900977,-0.12043226,0.23653576,0.07038549,0.66116923,0.70848566
5752,10.727426,83.01594,154.46057,-0.28175485,9.592228,-0.54795635,-0.018478675,-0.014049901,0.02855795,-0.2406673,-0.9627208,-0.12348255,0.22521655,0.07757185,0.6589753,0.7134505
5859,10.727426,83.01594,154.46057,-0.28175485,9.592228,-0.54795635,-0.018478675,-0.014049901,0.02855795,-0.2406673,-0.9627208,-0.12348255,0.22521655,0.07757185,0.6589753,0.7134505
5966,8.99826,82.98111,154.94717,-0.33619156,9.552148,-0.5282156,-0.026267204,-0.012675454,0.030543262,-0.2388223,-0.9633723,-0.12197423,0.2126956,0.08588497,0.6574781,0.7177095
6072,7.385782,82.99988,155.35904,-0.2865405,9.552746,-0.50668013,-0.029168814,-0.01863139,0.032223143,-0.23358086,-0.962697,-0.13658135,0.20117556,0.093967654,0.6563078,0.7210815
6179,7.385782,82.99988,155.35904,-0.2865405,9.552746,-0.50668013,-0.029168814,-0.01863139,0.032223143,-0.23358086,-0.962697,-0.13658135,0.20117556,0.093967654,0.6563078,0.7210815
6286,4.8502636,83.49539,156.09894,-0.26859432,9.570692,-0.52582276,-0.021838432,-0.01863139,0.028710665,-0.15677027,-0.9800296,-0.12233213,0.18191522,0.10686694,0.6573741,0.7234263
6392,4.411045,83.5674,156.23833,-0.30029923,9.5563345,-0.50069815,-0.024281893,-0.02611449,0.02977968,-0.24108204,-0.9623308,-0.12569365,0.17849505,0.1089968,0.65747124,0.72387207
6499,2.5372775,83.92147,157.13345,-0.2757728,9.582656,-0.55872405,-0.021991149,-0.016340645,0.025809057,-0.2586157,-0.95721954,-0.12980247,0.16187534,0.116369195,0.6584561,0.72573423
6606,2.153905,84.08079,157.3199,-0.27876383,9.601798,-0.51625144,-0.01817324,-0.017256944,0.032986723,-0.25872067,-0.9583137,-0.12123733,0.15834779,0.11796573,0.6592097,0.72557056
6712,0.52958083,84.941376,158.81474,-0.30687952,9.546764,-0.5491528,-0.02443461,-0.018936822,0.029932396,-0.2528171,-0.95875996,-0.12985684,0.13865924,0.12076877,0.6643262,0.7244717
6819,0.17491221,85.25707,159.58752,-0.3086741,9.543175,-0.50189453,-0.024281893,-0.012980886,0.027183503,-0.2565438,-0.9589815,-0.12058099,0.13138796,0.11889649,0.66672426,0.7239334
6926,0.060229454,85.53406,159.76659,-0.2973082,9.576076,-0.54376894,-0.024740042,-0.015577063,0.029321533,-0.23944788,-0.96516013,-0.10550172,0.12930241,0.11889239,0.6685293,0.72264385
7032,-0.045601413,86.006935,161.21526,-0.29012975,9.583853,-0.5198407,-0.02367103,-0.013744468,0.02855795,-0.24264622,-0.96479833,-0.1014247,0.11907842,0.111592755,0.67285156,0.7215526
7139,0.043128844,86.07018,162.15598,-0.2943172,9.562317,-0.48634118,-0.022449298,-0.0154243475,0.03176499,-0.24043913,-0.96405685,-0.113063745,0.113614544,0.10556876,0.6742314,0.7220519
7246,0.212062,85.70702,163.27809,-0.2961118,9.579067,-0.506082,-0.022449298,-0.0154243475,0.032375857,-0.2522361,-0.95756376,-0.13945833,0.10784356,0.09755396,0.67309374,0.7251192
7352,0.32843912,85.97301,164.03905,-0.33559337,9.585647,-0.5341976,-0.02367103,-0.020158552,0.028863383,-0.25082952,-0.960087,-0.12376396,0.103495196,0.09258508,0.6755112,0.72415566
7459,0.29943907,85.94575,164.80882,-0.2871387,9.571889,-0.49651068,-0.02367103,-0.012064589,0.02947425,-0.2567356,-0.9574863,-0.13155544,0.09847829,0.08820531,0.67592144,0.7250187
7566,0.3576855,86.07089,165.53497,-0.28115666,9.571889,-0.53300124,-0.02611449,-0.027183503,0.029168814,-0.24493127,-0.9622994,-0.1182731,0.09413432,0.08365417,0.6773047,0.72484416
7672,0.53157806,86.51957,166.73444,-0.3188436,9.596415,-0.5108676,-0.018936822,-0.0206167,0.027641652,-0.24779178,-0.9622736,-0.112377696,0.08727419,0.075800225,0.68110335,0.72300464
7779,0.65776205,86.85005,167.81671,-0.31226337,9.561719,-0.5318048,-0.018478675,-0.013591751,0.028099801,-0.25011545,-0.96206635,-0.1089522,0.08099374,0.06880026,0.6839545,0.7217429
7886,0.6258118,87.123795,168.67833,-0.276371,9.569495,-0.5096712,-0.02657264,-0.016187929,0.029626964,-0.25210527,-0.9627088,-0.0981568,0.0752213,0.06403715,0.68615717,0.7207145
7992,0.7704652,86.908264,169.33926,-0.28055844,9.573683,-0.48275197,-0.025809057,-0.011911872,0.02855795,-0.24707821,-0.96112746,-0.123232976,0.07204001,0.05903193,0.68523735,0.7223401
8099,0.8323486,87.039345,169.67776,-0.31585258,9.593424,-0.5694918,-0.022143863,-0.009010263,0.031306844,-0.25110137,-0.961979,-0.107445724,0.07021077,0.056697194,0.6862675,0.72172904
8206,1.0387977,87.07208,171.67041,-0.30927232,9.588638,-0.5072784,-0.0206167,-0.014813482,0.02855795,-0.24828313,-0.9621253,-0.11256306,0.05887459,0.04346875,0.6874408,0.72254366
8312,1.1284066,87.16407,172.39723,-0.3062813,9.574282,-0.5288138,-0.024281893,-0.016798794,0.033292156,-0.2562882,-0.96079177,-0.10580894,0.05479669,0.03858573,0.6883153,0.7223092
8419,1.2076912,87.409225,173.13976,-0.3391826,9.548558,-0.5270192,-0.02321288,-0.0096211275,0.03344487,-0.25796553,-0.961183,-0.09788242,0.050519,0.033732496,0.69012034,0.7211407
8526,1.3553929,87.58064,173.9163,-0.27696922,9.567103,-0.5174479,-0.024281893,-0.018325957,0.029321533,-0.2516591,-0.9620925,-0.10509836,0.046477474,0.028193587,0.69145095,0.7203753
8632,1.7250702,87.359184,175.14336,-0.3397808,9.567103,-0.5216353,-0.025198191,-0.010995574,0.032375857,-0.24363789,-0.9624694,-0.11955448,0.041025747,0.018381037,0.6903878,0.72204137
8739,1.7453549,87.64753,175.99629,-0.29491538,9.585647,-0.5180461,-0.020922136,-0.016035212,0.030695977,-0.2623159,-0.9589803,-0.1074575,0.035739288,0.013203806,0.69232345,0.72058076
8846,1.9826537,87.668495,177.21957,-0.3164508,9.597611,-0.51505506,-0.018784106,-0.018936822,0.027641652,-0.2395182,-0.96387154,-0.11654498,0.029477034,0.004323969,0.69256973,0.72073543
8952,2.088929,87.44111,177.97781,-0.29491538,9.543175,-0.53001016,-0.019394971,-0.01863139,0.028863383,-0.253966,-0.9580412,-0.13288471,0.025347352,-0.0009780882,0.6911518,0.72226435
9059,2.1201215,87.82366,179.16072,-0.27936202,9.560522,-0.55094737,-0.022602012,-0.014355333,0.027794369,-0.24983968,-0.96080106,-0.120172784,0.018106101,-0.0082488,0.69351095,0.72017133
9166,2.1201215,87.82366,179.16072,-0.28773692,9.580861,-0.535394,-0.023365596,-0.025045475,0.031154126,-0.25719592,-0.9580857,-0.12618247,0.0156298,-0.011094343,0.6934833,0.7202177
9272,2.1581945,87.82553,179.5914,-0.28773692,9.580861,-0.535394,-0.023365596,-0.025045475,0.031154126,-0.25719592,-0.9580857,-0.12618247,0.0156298,-0.011094343,0.6934833,0.7202177
9379,2.207932,88.17183,-179.53162,-0.30927232,9.588638,-0.5814559,-0.022296581,-0.01817324,0.026725354,-0.24658981,-0.96332985,-0.10577835,0.0104689915,-0.016682273,0.6955447,0.7182128
9486,2.454954,88.2749,-177.53731,-0.29312077,9.583853,-0.49710888,-0.021838432,-0.019394971,0.02641992,-0.2546256,-0.9587652,-0.1262341,-0.000504432,-0.030331722,0.6957311,0.71766144
9593,2.454954,88.2749,-177.53731,-0.29312077,9.583853,-0.49710888,-0.021838432,-0.019394971,0.02641992,-0.2546256,-0.9587652,-0.1262341,-0.000504432,-0.030331722,0.6957311,0.71766144
9699,2.454954,88.2749,-177.53731,-0.29312077,9.583853,-0.49710888,-0.021838432,-0.019394971,0.02641992,-0.2546256,-0.9587652,-0.1262341,-0.000504432,-0.030331722,0.6957311,0.71766144
9806,2.6976838,88.72372,-175.47466,-0.3272185,9.570692,-0.54675996,-0.021991149,-0.016493361,0.027030788,-0.24440011,-0.9608494,-0.13052587,-0.011772778,-0.04441304,0.69778436,0.7148327
9912,2.784087,88.863846,-174.34364,-0.29491538,9.602397,-0.50488555,-0.022449298,-0.019089539,0.027794369,-0.2480861,-0.96143067,-0.118761726,-0.018236982,-0.051857807,0.69814634,0.7138417
10019,2.8239264,89.0418,-173.63197,-0.2853441,9.600602,-0.5629115,-0.02351831,-0.024892759,0.02977968,-0.24852733,-0.9603835,-0.12608649,-0.022339027,-0.05647492,0.6988986,0.71263754
10126,2.881182,89.76672,-172.09343,-0.27996022,9.575478,-0.49531427,-0.021533,-0.0206167,0.027030788,-0.24649407,-0.96387136,-0.100958966,-0.031135354,-0.06640617,0.70253617,0.70785856
10232,3.0113728,89.82293,-171.36493,-0.29491538,9.557531,-0.54795635,-0.027183503,-0.018936822,0.024129178,-0.24866402,-0.96198064,-0.1129576,-0.034798868,-0.07168901,0.7023657,0.7073416
10339,3.0113728,89.82293,-171.36493,-0.29491538,9.557531,-0.54795635,-0.027183503,-0.018936822,0.024129178,-0.24866402,-0.96198064,-0.1129576,-0.034798868,-0.07168901,0.7023657,0.7073416
10446,3.0780253,90.08137,-169.85173,-0.2961118,9.603594,-0.57009,-0.020158552,-0.022143863,0.031306844,-0.24796018,-0.9619857,-0.11445183,-0.04354261,-0.08146493,0.7029029,0.70526236
10552,3.0780253,90.08137,-169.85173,-0.2961118,9.603594,-0.57009,-0.020158552,-0.022143863,0.031306844,-0.24796018,-0.9619857,-0.11445183,-0.04354261,-0.08146493,0.7029029,0.70526236
10659,3.171536,90.152176,-168.5898,-0.30329025,9.582656,-0.5425725,-0.02321288,-0.022602012,0.029626964,-0.25208578,-0.9597979,-0.12345311,-0.0506751,-0.08980385,0.7023256,0.70434797
10766,3.171536,90.152176,-168.5898,-0.30329025,9.582656,-0.5425725,-0.02321288,-0.022602012,0.029626964,-0.25208578,-0.9597979,-0.12345311,-0.0506751,-0.08980385,0.7023256,0.70434797
10872,3.4166975,90.21739,-167.4129,-0.31046873,9.5455675,-0.5395815,-0.021685716,-0.014202617,0.02855795,-0.24416783,-0.9623723,-0.11925444,-0.05634025,-0.09854045,0.70155793,0.7035141
10979,3.4166975,90.21739,-167.4129,-0.31046873,9.5455675,-0.5395815,-0.021685716,-0.014202617,0.02855795,-0.24416783,-0.9623723,-0.11925444,-0.05634025,-0.09854045,0.70155793,0.7035141
11086,3.4166975,90.21739,-167.4129,-0.31046873,9.5455675,-0.5395815,-0.021685716,-0.014202617,0.02855795,-0.24416783,-0.9623723,-0.11925444,-0.05634025,-0.09854045,0.70155793,0.7035141
11192,3.4166975,90.21739,-167.4129,-0.31046873,9.5455675,-0.5395815,-0.021685716,-0.014202617,0.02855795,-0.24416783,-0.9623723,-0.11925444,-0.05634025,-0.09854045,0.70155793,0.7035141
11299,3.52832,91.157295,-164.86256,-0.31226337,9.577272,-0.5742774,-0.025350908,-0.017562376,0.030390546,-0.24987005,-0.962148,-0.10879426,-0.07035181,-0.115387924,0.7048156,0.6963987
11406,3.466226,91.59332,-163.80481,-0.30568308,9.569495,-0.5216353,-0.024892759,-0.013591751,0.032070424,-0.26167452,-0.96014106,-0.09826295,-0.07669864,-0.121807925,0.70642763,0.69299364
11512,3.466226,91.59332,-163.80481,-0.30568308,9.569495,-0.5216353,-0.024892759,-0.013591751,0.032070424,-0.26167452,-0.96014106,-0.09826295,-0.07669864,-0.121807925,0.70642763,0.69299364
11619,3.5604537,91.5816,-162.70355,-0.3086741,9.568299,-0.5132604,-0.02947425,-0.020463986,0.028405234,-0.2550247,-0.9613615,-0.10366476,-0.0827829,-0.12914646,0.7050495,0.692368
11726,3.5604537,91.5816,-162.70355,-0.3086741,9.568299,-0.5132604,-0.02947425,-0.020463986,0.028405234,-0.2550247,-0.9613615,-0.10366476,-0.0827829,-0.12914646,0.7050495,0.692368
11832,3.566815,91.317566,-162.04529,-0.30149564,9.60479,-0.5306084,-0.024892759,-0.015882496,0.027641652,-0.25518647,-0.95897746,-0.12345885,-0.08702606,-0.13303229,0.70269275,0.6935069
11939,3.4781199,91.78095,-161.73737,-0.2961118,9.597611,-0.52342993,-0.028710665,-0.013133602,0.031306844,-0.2544518,-0.9624223,-0.09485544,-0.08889408,-0.13474947,0.70523274,0.690353
12046,3.6769574,91.4316,-161.17628,-0.43310088,9.57787,-0.5389833,-0.02611449,-0.018936822,0.028863383,-0.23994908,-0.9628648,-0.12375715,-0.09146305,-0.13910727,0.7022217,0.6922199
12152,3.5736098,92.05351,-160.4418,-0.30089745,9.574282,-0.54317075,-0.024129178,-0.01863139,0.02977968,-0.23847419,-0.96581,-0.10169136,-0.095759824,-0.14351033,0.70518535,0.6877125
12259,3.5736098,92.05351,-160.4418,-0.30089745,9.574282,-0.54317075,-0.024129178,-0.01863139,0.02977968,-0.23847419,-0.96581,-0.10169136,-0.095759824,-0.14351033,0.70518535,0.6877125
12366,3.5736098,92.05351,-160.4418,-0.30089745,9.574282,-0.54317075,-0.024129178,-0.01863139,0.02977968,-0.23847419,-0.96581,-0.10169136,-0.095759824,-0.14351033,0.70518535,0.6877125
12472,3.5736098,92.05351,-160.4418,-0.30089745,9.574282,-0.54317075,-0.024129178,-0.01863139,0.02977968,-0.23847419,-0.96581,-0.10169136,-0.095759824,-0.14351033,0.70518535,0.6877125
12579,3.6556609,92.34777,-158.83745,-0.2991028,9.579067,-0.5288138,-0.019242255,-0.018784106,0.027794369,-0.25029585,-0.9622094,-0.10726133,-0.104473986,-0.15412329,0.7047601,0.6845761
12686,3.6432037,92.11617,-158.51833,-0.3080759,9.588638,-0.52223355,-0.022143863,-0.016340645,0.030390546,-0.23820597,-0.9643403,-0.11535012,-0.10677255,-0.15579636,0.70296025,0.68569237
12792,3.6931932,92.1224,-158.35587,-0.31286153,9.562916,-0.5312066,-0.02031127,-0.020005837,0.02977968,-0.27519795,-0.9527031,-0.12892972,-0.107425876,-0.157094,0.7027092,0.6855515
12899,3.6245172,92.03612,-157.79431,-0.2889333,9.57129,-0.5030909,-0.02351831,-0.010537425,0.028863383,-0.25625455,-0.9584492,-0.1253344,-0.111330405,-0.16004664,0.7015086,0.6854753
13006,3.5441391,92.45057,-157.22284,-0.2889333,9.5766735,-0.53300124,-0.021227568,-0.010537425,0.029168814,-0.25065827,-0.9614176,-0.11334278,-0.1146545,-0.16348468,0.7032856,0.6822877
13112,3.531343,92.5215,-156.92816,-0.2853441,9.598209,-0.53240305,-0.026267204,-0.01863139,0.030390546,-0.24504974,-0.963226,-0.11020999,-0.11638581,-0.1652896,0.70330274,0.6815416
13219,3.5544415,92.49146,-156.79762,-0.2991028,9.572487,-0.51625144,-0.01771509,-0.0154243475,0.0290161,-0.24872585,-0.9618286,-0.11411033,-0.11706224,-0.16619554,0.7029029,0.6816179
13326,3.6004553,92.51185,-156.67075,-0.31106693,9.583853,-0.55692947,-0.023823744,-0.0206167,0.030085113,-0.25127563,-0.960628,-0.11855131,-0.11750149,-0.16726464,0.7027747,0.681413
13432,3.6004553,92.51185,-156.67075,-0.31106693,9.583853,-0.55692947,-0.023823744,-0.0206167,0.030085113,-0.25127563,-0.960628,-0.11855131,-0.11750149,-0.16726464,0.7027747,0.681413
13539,3.5423594,92.88611,-155.90515,-0.3188436,9.552148,-0.529412,-0.02107485,-0.01695151,0.028710665,-0.24587937,-0.9615113,-0.12263504,-0.12185051,-0.17201473,0.70394474,0.67825156
13646,3.5423594,92.88611,-155.90515,-0.3188436,9.552148,-0.529412,-0.02107485,-0.01695151,0.028710665,-0.24587937,-0.9615113,-0.12263504,-0.12185051,-0.17201473,0.70394474,0.67825156
13752,3.4908628,93.18472,-155.5717,-0.29312077,9.559326,-0.50069815,-0.025350908,-0.015882496,0.028252516,-0.24187994,-0.9659555,-0.0917827,-0.1236906,-0.17408496,0.7052805,0.6759989
13859,3.455627,92.9201,-155.43855,-0.2883351,9.563514,-0.49232325,-0.02611449,-0.009010263,0.031154126,-0.24721621,-0.96042514,-0.12832631,-0.12509857,-0.17441092,0.70356673,0.67744005
13966,3.455627,92.9201,-155.43855,-0.2883351,9.563514,-0.49232325,-0.02611449,-0.009010263,0.031154126,-0.24721621,-0.96042514,-0.12832631,-0.12509857,-0.17441092,0.70356673,0.67744005
14072,3.5336833,93.07895,-155.0393,-0.30269206,9.5868435,-0.57547385,-0.024129178,-0.019394971,0.03176499,-0.25245473,-0.96117413,-0.111404255,-0.12672722,-0.17749174,0.70377666,0.6761178
14179,3.4664268,93.24916,-154.98776,-0.31046873,9.602995,-0.53240305,-0.02443461,-0.019089539,0.03313944,-0.24471334,-0.96403533,-0.10368828,-0.12718606,-0.17760627,0.7048001,0.67493445
14286,3.5475285,93.10511,-154.8099,-0.28235307,9.594022,-0.53240305,-0.018478675,-0.015118915,0.03023783,-0.24944103,-0.9620473,-0.110653445,-0.12795351,-0.17900996,0.70355344,0.6757188
14392,3.5732067,93.114784,-154.6939,-0.31345975,9.582058,-0.50668013,-0.028405234,-0.018325957,0.027030788,-0.25186142,-0.96161866,-0.10888219,-0.12846267,-0.17988218,0.70339024,0.6755605
14499,3.523238,93.02573,-154.52711,-0.31106693,9.568299,-0.5455635,-0.022296581,-0.018936822,0.0290161,-0.24048105,-0.9635011,-0.1176204,-0.12989679,-0.18051463,0.70267826,0.6758584
14606,3.5041068,93.01989,-154.5018,-0.29132614,9.555139,-0.4881358,-0.023823744,-0.02076942,0.029626964,-0.24516268,-0.96366996,-0.10599761,-0.13017409,-0.18055199,0.70263296,0.67584217
14712,3.4259222,93.74708,-154.61931,-0.29012975,9.580861,-0.54376894,-0.02657264,-0.0154243475,0.029321533,-0.24926117,-0.9647418,-0.08451088,-0.12882592,-0.18019797,0.7072103,0.6714061
14819,3.4259222,93.74708,-154.61931,-0.29012975,9.580861,-0.54376894,-0.02657264,-0.0154243475,0.029321533,-0.24926117,-0.9647418,-0.08451088,-0.12882592,-0.18019797,0.7072103,0.6714061
14926,3.2175977,93.61233,-154.58838,-0.18245272,9.528219,-0.6227321,-0.028710665,-0.014049901,0.033292156,-0.25538516,-0.961357,-0.10281591,-0.13051946,-0.17903209,0.70668274,0.67194617
15032,3.2175977,93.61233,-154.58838,-0.18245272,9.528219,-0.6227321,-0.028710665,-0.014049901,0.033292156,-0.25538516,-0.961357,-0.10281591,-0.13051946,-0.17903209,0.70668274,0.67194617
15139,3.2175977,93.61233,-154.58838,-0.18245272,9.528219,-0.6227321,-0.028710665,-0.014049901,0.033292156,-0.25538516,-0.961357,-0.10281591,-0.13051946,-0.17903209,0.70668274,0.67194617
15246,2.9276152,95.36958,-177.37111,-0.90269226,10.19462,-0.10348957,1.0241156,-0.16890423,0.02687807,-0.23917827,-0.97062606,-0.02605512,0.0034467713,-0.034149934,0.73862207,0.6732454
15352,2.9276152,95.36958,-177.37111,-0.90269226,10.19462,-0.10348957,1.0241156,-0.16890423,0.02687807,-0.23917827,-0.97062606,-0.02605512,0.0034467713,-0.034149934,0.73862207,0.6732454
15459,2.9276152,95.36958,-177.37111,-0.90269226,10.19462,-0.10348957,1.0241156,-0.16890423,0.02687807,-0.23917827,-0.97062606,-0.02605512,0.0034467713,-0.034149934,0.73862207,0.6732454
15566,2.9276152,95.36958,-177.37111,-0.90269226,10.19462,-0.10348957,1.0241156,-0.16890423,0.02687807,-0.23917827,-0.97062606,-0.02605512,0.0034467713,-0.034149934,0.73862207,0.6732454
15672,2.9276152,95.36958,-177.37111,-0.90269226,10.19462,-0.10348957,1.0241156,-0.16890423,0.02687807,-0.23917827,-0.97062606,-0.02605512,0.0034467713,-0.034149934,0.73862207,0.6732454
15779,-12.264169,-178.48149,-148.93785,3.0675986,0.60777694,8.514859,4.0301833,1.4796683,-2.6494753,0.2724038,-0.11124212,-0.9557308,-0.09938349,-0.26756933,0.95750946,-0.041294094
15886,-23.069147,-169.72191,-138.93974,3.4672,-3.638885,7.311867,1.8067867,1.5131131,-1.8968893,0.42918554,0.23674388,-0.8716376,-0.15572779,-0.35900933,0.90760505,-0.15203378
15992,-42.742325,-161.45584,-129.8733,4.685745,-7.5074806,3.3523443,1.762499,2.49569,-1.97508,0.5153766,0.5850483,-0.62618315,-0.2622209,-0.44252327,0.8076596,-0.2882695
16099,-57.555195,-163.04033,-126.220505,4.84068,-6.79442,3.604189,-0.07925977,3.8525743,-1.6296358,0.5527669,0.68213636,-0.47868434,-0.36621007,-0.4553972,0.74107426,-0.3306245
16206,-78.5268,-179.36249,-109.752335,3.5856447,-8.919246,1.9513469,-0.16126841,4.1861067,-2.017077,0.5320452,0.7632952,-0.36648107,-0.5151582,-0.44833112,0.63122725,-0.3676458
16312,-78.5268,-179.36249,-109.752335,3.5856447,-8.919246,1.9513469,-0.16126841,4.1861067,-2.017077,0.5320452,0.7632952,-0.36648107,-0.5151582,-0.44833112,0.63122725,-0.3676458
16419,-63.10369,24.733366,32.771095,3.6538398,-8.836095,2.0853448,-1.2070698,4.1308236,-1.0387764,0.5610927,0.79481137,-0.23119228,-0.7669725,-0.31928298,0.43888408,-0.3423337
16526,-31.396267,4.3260484,39.322376,4.50389,-9.399007,1.1587243,-1.3397801,1.7756326,-0.552833,0.66307557,0.74526525,-0.07007503,-0.902492,-0.12518688,0.24238779,-0.33329368
16632,-31.396267,4.3260484,39.322376,4.50389,-9.399007,1.1587243,-1.3397801,1.7756326,-0.552833,0.66307557,0.74526525,-0.07007503,-0.902492,-0.12518688,0.24238779,-0.33329368
16739,-21.281528,-15.306945,49.50132,4.776074,-5.0279183,3.368496,-0.98181313,2.5302038,0.43172902,0.8689344,0.49475303,-0.013132874,-0.8948673,0.042248335,0.22099476,-0.38547236
16846,-14.299781,-15.836374,49.062515,4.6881375,-9.039486,2.736791,-0.21899518,3.4315355,0.8501717,0.875529,0.47562173,0.085046455,-0.90117353,0.07316551,0.16890237,-0.3924348
16952,-14.299781,-15.836374,49.062515,4.6881375,-9.039486,2.736791,-0.21899518,3.4315355,0.8501717,0.875529,0.47562173,0.085046455,-0.90117353,0.07316551,0.16890237,-0.3924348
17059,14.536053,-30.007235,58.591652,9.376275,-1.6510476,2.158924,-2.462856,3.5517232,3.0582967,0.8975429,0.24058068,0.36951,-0.8195803,0.28375044,0.01908741,-0.49740273
17166,79.776566,-58.615337,36.149143,2.5938196,-0.79501534,-7.77428,-1.9482019,3.6451855,4.1263947,0.24006608,0.1195835,0.9633629,-0.5386756,0.5305542,-0.41508585,-0.5060085
17272,44.79181,-58.110012,42.442413,4.089932,-8.201399,-5.241478,1.0520626,-0.98181313,-0.19700405,0.2664694,0.45326567,0.8506141,-0.686437,0.53912646,-0.14794086,-0.465038
17379,47.397987,-55.95296,43.022823,8.3688965,-3.351148,-8.84447,0.87720245,0.45081854,1.3095423,0.28748798,0.40240136,0.8691512,-0.68319815,0.5297883,-0.1727272,-0.47194272
17486,36.00025,-6.765495,84.38185,4.9872403,-0.44745782,-7.680362,2.3426683,-2.4485006,1.397507,0.5868019,-0.09902353,0.8036528,-0.691174,0.24875492,-0.19086781,-0.651129
17592,16.206568,12.01238,90.05633,9.517452,3.711866,-2.8313074,2.9866729,-4.7013717,1.0435106,0.75081897,-0.39044818,0.5327486,-0.706296,0.0259599,-0.17236248,-0.6861218
17699,-19.845652,22.051271,93.05612,6.245865,4.852046,3.3409784,0.16936238,-4.674035,0.68019843,0.6683328,-0.7438016,-0.009509542,-0.64128125,-0.2523577,-0.020346064,-0.7243342
17806,-45.273785,8.744528,86.213036,4.8586264,5.8073807,2.8995028,-5.004208,-4.6680794,0.022602012,0.58885044,-0.80483735,-0.07410789,-0.6518282,-0.3136227,0.23210098,-0.65029985
17912,-51.23008,9.649715,84.51903,1.1419746,7.2861447,5.0614176,1.5609134,-1.9260582,0.54229563,0.6168111,-0.78703225,0.011151741,-0.6405497,-0.3458346,0.2678267,-0.63116026
18019,-42.118137,-5.895778,78.94814,1.3010972,8.45803,5.764908,-3.5477526,4.463287,1.0823004,0.6870413,-0.6755255,0.2676558,-0.73115146,-0.19108807,0.30751485,-0.5782193
18126,-41.127644,-12.46714,50.087383,3.0071797,7.6091757,-1.3716855,-3.5428658,0.26816985,-4.92113,0.5206255,-0.32259205,0.79049575,-0.8593867,-0.05570318,0.35938123,-0.35943955
18232,-56.23442,-9.072279,2.0253894,5.022535,-1.948954,-2.891128,-5.004208,-1.0410671,-5.004208,0.6312097,0.39940625,0.66486764,-0.87974405,0.061440233,0.47096008,0.021727141
18339,-61.697205,13.319073,-52.30745,4.7174497,-7.335796,-2.2474587,-1.6946929,-1.1304061,-3.1693215,0.23489332,0.9554218,0.17886959,-0.79163665,0.13512604,0.5010508,0.32249105
18446,-64.383835,28.4843,-70.40399,0.8805587,-7.152745,-2.4598215,-0.3355177,-2.6791022,-3.4263432,0.150033,0.9809194,0.12364146,-0.7458094,0.12754932,0.54196763,0.3657467
18552,-61.53095,72.280914,-127.77894,-2.1984057,-11.873185,-0.62572306,-0.48319438,-2.321899,-0.42195517,-0.14971077,0.98760074,0.047237664,-0.5762912,0.14790593,0.63685507,0.49033448
18659,-62.013676,78.40011,-142.2178,0.029312076,-9.285946,0.8901299,0.72219545,-0.11636983,0.827417,-0.17699492,0.982019,-0.06566137,-0.523098,0.20231017,0.6417881,0.5230172
18766,-63.38887,85.206276,-146.1917,-0.25603202,-9.736993,0.6939185,-0.15302174,0.025350908,0.03023783,-0.14331503,0.98967695,0.000611323,-0.52238387,0.20253529,0.6635231,0.49581414
18872,-63.38887,85.206276,-146.1917,-0.25603202,-9.736993,0.6939185,-0.15302174,0.025350908,0.03023783,-0.14331503,0.98967695,0.000611323,-0.52238387,0.20253529,0.6635231,0.49581414
18979,-63.866135,75.2909,-135.96255,-0.31525436,-10.050453,0.17467603,-0.019547688,-0.020005837,0.029626964,-0.14390406,0.98956925,0.006657823,-0.5514234,0.19392914,0.637551,0.501849
19086,-64.60091,74.651245,-135.83107,-0.15373884,-10.03789,0.1896312,-0.021838432,-0.01695151,0.031306844,-0.135742,0.9906004,0.016880149,-0.55294394,0.20105463,0.6346737,0.5010183
19192,-65.0983,74.195724,-135.71938,-0.27397817,-10.044471,0.23030917,-0.022449298,-0.019547688,0.029321533,-0.14163956,0.9897897,0.015955033,-0.55397826,0.20587021,0.6326759,0.5004465
19299,-65.84155,73.50517,-135.53784,-0.31405795,-10.029515,0.21894327,-0.022296581,-0.020463986,0.02855795,-0.14397165,0.9895619,0.0062747933,-0.55548453,0.2130477,0.6296905,0.4995373
19406,-66.85765,72.49555,-135.20967,-0.16749758,-10.07139,0.24945174,-0.024129178,-0.01771509,0.028099801,-0.14952491,0.9887163,0.009078445,-0.5575966,0.22276896,0.6255143,0.49818853
19512,-67.63168,71.75815,-134.9805,-0.32841492,-10.046864,0.20578274,-0.019089539,-0.017562376,0.031001411,-0.14911075,0.98878515,0.008360939,-0.55903995,0.23015693,0.62246674,0.4970285
19619,-68.15421,71.203636,-134.75877,-0.2871387,-10.035498,0.17228322,-0.02367103,-0.017562376,0.030085113,-0.15638937,0.9874533,0.021871977,-0.5601225,0.2350685,0.62031835,0.49619627
19726,-68.15421,71.203636,-134.75877,-0.2871387,-10.035498,0.17228322,-0.02367103,-0.017562376,0.030085113,-0.15638937,0.9874533,0.021871977,-0.5601225,0.2350685,0.62031835,0.49619627
19832,-68.15421,71.203636,-134.75877,-0.2871387,-10.035498,0.17228322,-0.02367103,-0.017562376,0.030085113,-0.15638937,0.9874533,0.021871977,-0.5601225,0.2350685,0.62031835,0.49619627
19939,-68.15421,71.203636,-134.75877,-0.2871387,-10.035498,0.17228322,-0.02367103,-0.017562376,0.030085113,-0.15638937,0.9874533,0.021871977,-0.5601225,0.2350685,0.62031835,0.49619627
20046,-71.89592,66.529,-132.37546,-0.26679972,-10.068398,0.20638095,-0.021838432,-0.018020526,0.029168814,-0.14241783,0.9897155,-0.013428557,-0.56788296,0.26979688,0.6044231,0.48927626
20152,-72.70073,65.22641,-131.56485,-0.26799613,-10.058828,0.18185452,-0.024587328,-0.014202617,0.028099801,-0.14018926,0.9901049,-0.0062679374,-0.56963086,0.27726427,0.60068464,0.48767117
20259,-73.50747,63.87433,-130.703,-0.2973082,-10.059426,0.21236299,-0.021838432,-0.016798794,0.03023783,-0.12927021,0.9916058,0.0026608098,-0.5712598,0.2847708,0.5969935,0.48596975
20366,-74.31491,62.456654,-129.75356,-0.26620153,-10.050453,0.19920248,-0.020922136,-0.010537425,0.029932396,-0.13589522,0.9907038,-0.0062006754,-0.5728661,0.29220182,0.59338903,0.4840785
20472,-75.12059,60.85336,-128.61456,-0.2979064,-10.048059,0.18005991,-0.023060162,-0.018325957,0.027641652,-0.1323091,0.991205,-0.0026400553,-0.5745427,0.29962242,0.58965516,0.48211402
20579,-75.674,59.610264,-127.68971,-0.35473597,-10.039087,0.16689937,-0.021991149,-0.010995574,0.031001411,-0.14314878,0.989701,-0.0006123268,-0.5757577,0.3047342,0.58698386,0.48071834
20686,-76.23975,58.336903,-126.73506,-0.27936202,-10.0474615,0.18843476,-0.022602012,-0.016646078,0.028863383,-0.14926398,0.9887724,0.0070298025,-0.57688123,0.30995852,0.58437717,0.47920465
20792,-77.34684,55.43484,-124.44314,-0.2979064,-10.044471,0.20937198,-0.021380283,-0.016646078,0.031154126,-0.14693417,0.9890345,-0.014871848,-0.5792504,0.32019264,0.57908446,0.47603238
20899,-78.45798,52.104748,-121.73157,-0.29970104,-10.072586,0.21894327,-0.022602012,-0.022143863,0.028405234,-0.14906864,0.98882633,-0.0010277352,-0.58142596,0.33064646,0.5737808,0.47264412
21006,-78.45798,52.104748,-121.73157,-0.29970104,-10.072586,0.21894327,-0.022602012,-0.022143863,0.028405234,-0.14906864,0.98882633,-0.0010277352,-0.58142596,0.33064646,0.5737808,0.47264412
21112,-78.45798,52.104748,-121.73157,-0.29970104,-10.072586,0.21894327,-0.022602012,-0.022143863,0.028405234,-0.14906864,0.98882633,-0.0010277352,-0.58142596,0.33064646,0.5737808,0.47264412
21219,-80.54744,42.82305,-113.69833,-0.3164508,-10.03131,0.21714865,-0.023823744,-0.01771509,0.031154126,-0.1370091,0.99056506,0.0030517809,-0.58600825,0.35155424,0.56230015,0.46564198
21326,-81.49279,36.439842,-107.928505,-0.30568308,-10.051051,0.192024,-0.02565634,-0.014660766,0.029932396,-0.13152236,0.99114865,0.018060092,-0.5883761,0.36200044,0.55628294,0.46186423
21432,-81.49279,36.439842,-107.928505,-0.30568308,-10.051051,0.192024,-0.02565634,-0.014660766,0.029932396,-0.13152236,0.99114865,0.018060092,-0.5883761,0.36200044,0.55628294,0.46186423
21539,-81.49279,36.439842,-107.928505,-0.30568308,-10.051051,0.192024,-0.02565634,-0.014660766,0.029932396,-0.13152236,0.99114865,0.018060092,-0.5883761,0.36200044,0.55628294,0.46186423
21646,-81.49279,36.439842,-107.928505,-0.30568308,-10.051051,0.192024,-0.02565634,-0.014660766,0.029932396,-0.13152236,0.99114865,0.018060092,-0.5883761,0.36200044,0.55628294,0.46186423
21752,-83.296974,13.0835085,-86.02396,-0.29072794,-10.063015,0.2129612,-0.02321288,-0.017256944,0.027030788,-0.15213884,0.988346,0.005104327,-0.59447634,0.38812962,0.5408408,0.4510482
21859,-83.40994,10.077467,-83.163185,-0.3164508,-10.045667,0.22253248,-0.024281893,-0.019547688,0.03191771,-0.1477219,0.98901373,-0.0054845763,-0.5950733,0.39079243,0.53924406,0.4498721
21966,-83.670616,-2.7125795,-70.95959,-0.2991028,-10.035498,0.2129612,-0.022907447,-0.015118915,0.03023783,-0.14111315,0.989762,0.021408008,-0.5973884,0.4013849,0.5327569,0.44518238
22072,-83.66274,-9.411791,-64.54511,-0.1597209,-10.0474615,0.19441684,-0.022143863,-0.015577063,0.030695977,-0.15302101,0.98820764,0.005500504,-0.59866494,0.40659696,0.529369,0.44277266
22179,-83.66274,-9.411791,-64.54511,-0.1597209,-10.0474615,0.19441684,-0.022143863,-0.015577063,0.030695977,-0.15302101,0.98820764,0.005500504,-0.59866494,0.40659696,0.529369,0.44277266
22286,-83.64433,-12.770072,-61.32701,-0.30149564,-10.080363,0.21894327,-0.021533,-0.02275473,0.030543262,-0.14199689,0.98976684,0.014090647,-0.59922385,0.40925327,0.5277602,0.44148803
22392,-81.87638,-46.39192,-29.33836,-0.2961118,-10.057034,0.20638095,-0.018325957,-0.011453724,0.030390546,-0.13775638,0.99016875,0.02427098,-0.6063613,0.44036186,0.50729614,0.42550912
22499,-80.84832,-54.091007,-22.165663,-0.2859423,-10.044471,0.1914258,-0.02351831,-0.025198191,0.028099801,-0.13392928,0.9909557,0.008351679,-0.60869515,0.45070773,0.50022155,0.41967988
22606,-80.26977,-57.200672,-19.315908,-0.2847459,-10.03131,0.21595223,-0.02351831,-0.012370021,0.02733622,-0.13698351,0.99053425,0.008798859,-0.60996145,0.45573562,0.49651682,0.4168011
22712,-79.367226,-61.451607,-15.447117,-0.30329025,-10.038489,0.18484555,-0.024281893,-0.0206167,0.030543262,-0.14448887,0.9893106,0.01968422,-0.6117021,0.46340558,0.4910862,0.4122016
22819,-78.071236,-66.05798,-11.338977,-0.29491538,-10.069596,0.19621144,-0.023823744,-0.018936822,0.02641992,-0.13588184,0.99028945,0.029375669,-0.61412865,0.4734728,0.4836153,0.40593812
22926,-77.73187,-67.055786,-10.466706,-0.30149564,-10.025328,0.18843476,-0.022143863,-0.014660766,0.030543262,-0.13316078,0.9909519,0.01681006,-0.6147484,0.47598314,0.4816873,0.40435347
23032,-77.73187,-67.055786,-10.466706,-0.30149564,-10.025328,0.18843476,-0.022143863,-0.014660766,0.030543262,-0.13316078,0.9909519,0.01681006,-0.6147484,0.47598314,0.4816873,0.40435347
23139,-75.29384,-72.93167,-5.440245,-0.30269206,-10.048059,0.20398813,-0.024129178,-0.016493361,0.02977968,-0.15049809,0.98859066,0.0062277885,-0.61882085,0.49337608,0.4683207,0.3928314
23246,-75.29384,-72.93167,-5.440245,-0.30269206,-10.048059,0.20398813,-0.024129178,-0.016493361,0.02977968,-0.15049809,0.98859066,0.0062277885,-0.61882085,0.49337608,0.4683207,0.3928314
23352,-73.46384,-76.16155,-2.7949665,-0.317049,-10.0474615,0.17587246,-0.020158552,-0.016646078,0.031612277,-0.13282438,0.9910466,0.013576426,-0.6216653,0.5056414,0.45857203,0.38414937
23459,-72.331184,-77.76625,-1.5111957,-0.30448666,-10.028918,0.19920248,-0.020005837,-0.015577063,0.02947425,-0.15113014,0.9885027,-0.0047025355,-0.6234968,0.5127925,0.45264375,0.37869406
23566,-70.409615,-80.094055,0.29012826,-0.2991028,-10.070193,0.21954148,-0.01985312,-0.024281893,0.028252516,-0.15041883,0.98855394,0.011630644,-0.6264381,0.52461404,0.44265065,0.3693451
23672,-70.409615,-80.094055,0.29012826,-0.2991028,-10.070193,0.21954148,-0.01985312,-0.024281893,0.028252516,-0.15041883,0.98855394,0.011630644,-0.6264381,0.52461404,0.44265065,0.3693451
23779,-70.409615,-80.094055,0.29012826,-0.2991028,-10.070193,0.21954148,-0.01985312,-0.024281893,0.028252516,-0.15041883,0.98855394,0.011630644,-0.6264381,0.52461404,0.44265065,0.3693451
23886,-67.671684,-82.68368,2.1697297,-0.25722843,-10.03789,0.22911276,-0.026267204,-0.02275473,0.029168814,-0.13755292,0.99046844,0.0071702935,-0.63047874,0.54066354,0.42836025,0.35593113
23992,-65.660866,-84.221375,3.2359526,-0.29072794,-10.048059,0.1698904,-0.019089539,-0.021685716,0.02641992,-0.15061003,0.9884077,0.019155754,-0.63337785,0.5518808,0.4179469,0.34580418
24099,-64.852264,-84.74939,3.5807676,-0.2883351,-10.058229,0.21415763,-0.02031127,-0.018325957,0.027794369,-0.14852102,0.988829,0.012596183,-0.6345559,0.5562382,0.41370866,0.3417354
24206,-63.22998,-85.74337,4.2141314,-0.30329025,-10.039685,0.16031912,-0.021685716,-0.01328632,0.025961772,-0.14412545,0.9895422,-0.0058434913,-0.63680345,0.56486964,0.4052242,0.33346215
24312,-62.815468,-85.985886,4.374157,-0.2865405,-10.046864,0.20877378,-0.022602012,-0.021838432,0.03252857,-0.13367452,0.9910023,-0.0067501836,-0.6373744,0.567025,0.40310305,0.3312769
24420,-60.756985,-87.07809,4.993641,-0.29970104,-10.043275,0.16151553,-0.02443461,-0.019242255,0.03023783,-0.14341244,0.98929757,0.026891619,-0.63996035,0.57773787,0.39213255,0.320783
24526,-60.344753,-87.271095,5.0997386,-0.31106693,-10.054641,0.19441684,-0.022449298,-0.0154243475,0.027488936,-0.14722124,0.9889214,0.018983372,-0.64049965,0.5798025,0.38993686,0.3186511
24632,-58.23726,-88.23791,5.642096,-0.2656033,-10.031908,0.15912269,-0.025198191,-0.01572978,0.02733622,-0.13556106,0.9902873,0.030890485,-0.64307666,0.5902362,0.37885076,0.3074828
24739,-56.558792,-88.90323,5.9664607,-0.30388847,-10.073784,0.20937198,-0.02443461,-0.011453724,0.028710665,-0.12895648,0.9911607,0.031156408,-0.6450589,0.5982867,0.3698363,0.29861885
24846,-55.278233,-89.34278,6.1730337,-0.33619156,-10.036096,0.18005991,-0.022143863,-0.01695151,0.029932396,-0.14581268,0.9891924,0.015396903,-0.6466459,0.604147,0.36295953,0.2917461
24953,-54.425262,-89.6188,6.3056836,-0.28115666,-10.040283,0.15912269,-0.02107485,-0.014813482,0.03176499,-0.13865046,0.9902589,0.012781933,-0.6476997,0.6079535,0.35840932,0.28708947
25059,-54.425262,-89.6188,6.3056836,-0.28115666,-10.040283,0.15912269,-0.02107485,-0.014813482,0.03176499,-0.13865046,0.9902589,0.012781933,-0.6476997,0.6079535,0.35840932,0.28708947
25166,-52.30606,-90.24445,6.580618,-0.2853441,-10.053445,0.17587246,-0.024587328,-0.018936822,0.02855795,-0.13710946,0.990511,0.009429746,-0.65024024,0.617167,0.3470004,0.27546918
25272,-50.167156,-90.817894,6.845184,-0.32183465,-10.058229,0.23808585,-0.024892759,-0.022143863,0.032070424,-0.14743467,0.98898494,0.013106156,-0.65272206,0.6260559,0.33559763,0.26340503
25379,-50.167156,-90.817894,6.845184,-0.32183465,-10.058229,0.23808585,-0.024892759,-0.022143863,0.032070424,-0.14743467,0.98898494,0.013106156,-0.65272206,0.6260559,0.33559763,0.26340503
25486,-48.014854,-91.317375,7.051148,-0.28953153,-10.058229,0.22791636,-0.024281893,-0.02611449,0.031154126,-0.14350538,0.9895332,0.015174283,-0.65515363,0.6345968,0.32400078,0.25116554
25592,-46.723,-91.55758,7.142146,-0.28773692,-10.029515,0.17647067,-0.021991149,-0.01038471,0.030085113,-0.12761067,0.9917954,0.007571338,-0.6567131,0.63939923,0.3169944,0.24374382
25699,-46.723,-91.55758,7.142146,-0.28773692,-10.029515,0.17647067,-0.021991149,-0.01038471,0.030085113,-0.12761067,0.9917954,0.007571338,-0.6567131,0.63939923,0.3169944,0.24374382
25806,-46.723,-91.55758,7.142146,-0.28773692,-10.029515,0.17647067,-0.021991149,-0.01038471,0.030085113,-0.12761067,0.9917954,0.007571338,-0.6567131,0.63939923,0.3169944,0.24374382
25912,-46.723,-91.55758,7.142146,-0.28773692,-10.029515,0.17647067,-0.021991149,-0.01038471,0.030085113,-0.12761067,0.9917954,0.007571338,-0.6567131,0.63939923,0.3169944,0.24374382
26019,-43.273952,-92.12784,7.3463836,-0.31286153,-10.03789,0.16809578,-0.024740042,-0.01817324,0.029626964,-0.1458576,0.98928,0.0071174363,-0.66065145,0.65160847,0.29819965,0.22365837
26126,-43.273952,-92.12784,7.3463836,-0.31286153,-10.03789,0.16809578,-0.024740042,-0.01817324,0.029626964,-0.1458576,0.98928,0.0071174363,-0.66065145,0.65160847,0.29819965,0.22365837
26232,-41.09891,-92.4583,7.48751,-0.34815568,-10.046864,0.20338991,-0.020922136,-0.020922136,0.02855795,-0.15516424,0.98784655,0.009126438,-0.66292596,0.658866,0.28645575,0.21063694
26339,-40.668324,-92.51145,7.498517,-0.30388847,-10.030712,0.19621144,-0.023060162,-0.014355333,0.02733622,-0.15313317,0.98787516,0.025551708,-0.6633796,0.6602512,0.28405398,0.20810859
26446,-37.625904,-92.84863,7.605197,-0.26919255,-10.057034,0.16749758,-0.022296581,-0.01160644,0.027030788,-0.14185187,0.9897035,0.019106608,-0.6665439,0.66950923,0.26727888,0.1898384
26552,-35.4668,-93.02871,7.6602244,-0.2871387,-10.059426,0.20398813,-0.02565634,-0.013897184,0.028252516,-0.1399619,0.9900908,0.011440501,-0.6687716,0.67552674,0.25530368,0.17671499
26659,-35.4668,-93.02871,7.6602244,-0.2871387,-10.059426,0.20398813,-0.02565634,-0.013897184,0.028252516,-0.1399619,0.9900908,0.011440501,-0.6687716,0.67552674,0.25530368,0.17671499
26766,-34.594307,-93.098,7.6877146,-0.15373884,-10.070193,0.19322042,-0.02076942,-0.015271631,0.0290161,-0.14878984,0.9883732,0.031304017,-0.66962445,0.6778643,0.2504881,0.17134406
26872,-30.664799,-93.34557,7.794742,-0.28295127,-10.055239,0.21774687,-0.025350908,-0.017256944,0.029626964,-0.15197971,0.98831964,0.011247818,-0.67328566,0.68760127,0.2286992,0.14692727
26979,-28.928959,-93.38662,7.818126,-0.27996022,-10.042078,0.16331014,-0.022143863,-0.013439035,0.02855795,-0.15441728,0.98789734,0.014635081,-0.67500824,0.6913077,0.21896277,0.13606203
27086,-28.497494,-93.38691,7.8225684,-0.31046873,-10.046864,0.18903299,-0.022602012,-0.017104227,0.029626964,-0.13852756,0.99028045,0.012437699,-0.6754696,0.6921494,0.21653947,0.13334455
27192,-28.497494,-93.38691,7.8225684,-0.31046873,-10.046864,0.18903299,-0.022602012,-0.017104227,0.029626964,-0.13852756,0.99028045,0.012437699,-0.6754696,0.6921494,0.21653947,0.13334455
27299,-25.055855,-93.33219,7.8517666,-0.32123643,-10.08156,0.23449661,-0.02107485,-0.022296581,0.025961772,-0.15643223,0.98761034,0.012440096,-0.67914,0.6981906,0.19712286,0.111540854
27406,-24.622135,-93.32893,7.8573055,-0.32362923,-10.041479,0.20877378,-0.02321288,-0.017256944,0.029168814,-0.14104982,0.9896796,0.025283838,-0.6795383,0.69892627,0.19466962,0.10878194
27512,-22.491264,-93.23127,7.8739195,-0.31585258,-10.033106,0.20338991,-0.024587328,-0.013133602,0.029932396,-0.15446514,0.9876143,0.027542857,-0.68184227,0.70192915,0.1825786,0.09513993
27619,-21.621363,-93.21851,7.8963103,-0.31286153,-10.042078,0.15493526,-0.02443461,-0.019242255,0.027641652,-0.13781053,0.9899751,0.030943962,-0.68256134,0.7032228,0.17769241,0.089515895
27726,-19.897213,-93.12316,7.922468,-0.30329025,-10.054042,0.20757735,-0.01817324,-0.020005837,0.02947425,-0.1476797,0.98847973,0.03314413,-0.68428373,0.7052806,0.16791163,0.078362726
27833,-18.613472,-93.036575,7.938669,-0.3098705,-10.065409,0.17706887,-0.024740042,-0.020463986,0.03191771,-0.15880002,0.9871417,0.018269628,-0.6855589,0.7066219,0.16058253,0.07005486
27939,-17.772905,-92.95455,7.958508,-0.3098705,-10.065409,0.21894327,-0.021533,-0.019394971,0.0290161,-0.16108152,0.9868545,0.013072584,-0.68650883,0.70728827,0.15583737,0.06452642
28046,-17.772905,-92.95455,7.958508,-0.3098705,-10.065409,0.21894327,-0.021533,-0.019394971,0.0290161,-0.16108152,0.9868545,0.013072584,-0.68650883,0.70728827,0.15583737,0.06452642
28152,-14.844957,-92.67546,8.028189,-0.29012975,-10.054042,0.20757735,-0.024587328,-0.021991149,0.02977968,-0.1409099,0.98991907,0.014306108,-0.6894835,0.70935684,0.13918763,0.045301005
28259,-14.028759,-92.55909,8.021701,-0.30149564,-10.043873,0.18903299,-0.025350908,-0.013439035,0.029168814,-0.15067813,0.9885824,0.0010110768,-0.6904608,0.709651,0.1343669,0.040061068
28366,-12.374172,-92.33653,8.060408,-0.26679972,-10.039685,0.19680965,-0.022449298,-0.020463986,0.03145956,-0.14357589,0.9893296,0.024758935,-0.6922706,0.71015567,0.124859154,0.029164312
28472,-11.109015,-92.19628,8.105713,-0.30269206,-10.046266,0.22671993,-0.024281893,-0.02107485,0.03176499,-0.14632219,0.98909444,0.016792309,-0.6933725,0.7106083,0.117636114,0.020788582
28579,-9.884155,-91.99726,8.140629,-0.28354946,-10.060622,0.2021935,-0.0206167,-0.01740966,0.027183503,-0.14466417,0.98902935,0.02988594,-0.69474584,0.7105935,0.11056259,0.012687181
28686,-8.67962,-91.750626,8.197023,-0.30209383,-10.058828,0.19980069,-0.02397646,-0.019089539,0.025809057,-0.13861577,0.99001116,0.02576028,-0.6963328,0.71017236,0.10370654,0.004562742
28792,-7.055498,-91.452255,8.268671,-0.2979064,-10.024731,0.18664016,-0.024129178,-0.01863139,0.02977968,-0.15413119,0.9878794,0.01838067,-0.69812924,0.70969784,0.09436611,-0.006290557
28899,-7.055498,-91.452255,8.268671,-0.2979064,-10.024731,0.18664016,-0.024129178,-0.01863139,0.02977968,-0.15413119,0.9878794,0.01838067,-0.69812924,0.70969784,0.09436611,-0.006290557
29006,-6.7003746,-91.32438,8.284782,-0.31585258,-10.123434,0.19262221,-0.02107485,-0.01817324,0.030390546,-0.15169582,0.98837847,0.009817807,-0.6988896,0.7091938,0.09231198,-0.008710274
29112,-6.7003746,-91.32438,8.284782,-0.31585258,-10.123434,0.19262221,-0.02107485,-0.01817324,0.030390546,-0.15169582,0.98837847,0.009817807,-0.6988896,0.7091938,0.09231198,-0.008710274
29219,-6.7003746,-91.32438,8.284782,-0.31585258,-10.123434,0.19262221,-0.02107485,-0.01817324,0.030390546,-0.15169582,0.98837847,0.009817807,-0.6988896,0.7091938,0.09231198,-0.008710274
29326,-6.7003746,-91.32438,8.284782,-0.31585258,-10.123434,0.19262221,-0.02107485,-0.01817324,0.030390546,-0.15169582,0.98837847,0.009817807,-0.6988896,0.7091938,0.09231198,-0.008710274
29432,-4.938147,-90.1976,8.452868,-0.33499515,-10.054641,0.20458633,-0.021533,-0.012217305,0.03023783,-0.14662339,0.98909914,0.013583141,-0.7055621,0.7035019,0.08248088,-0.021542586
29540,-4.5816336,-90.30739,8.699635,-0.29012975,-10.075578,0.21535403,-0.01863139,-0.020158552,0.02733622,-0.12757254,0.9915731,0.022540268,-0.70476365,0.7042558,0.08183883,-0.025185918
29646,-4.978199,-90.08918,8.754781,-0.30149564,-10.044471,0.20997018,-0.022449298,-0.014049901,0.030085113,-0.14979005,0.98867196,0.009524358,-0.7061762,0.7025848,0.0845571,-0.023234025
29752,-4.978199,-90.08918,8.754781,-0.30149564,-10.044471,0.20997018,-0.022449298,-0.014049901,0.030085113,-0.14979005,0.98867196,0.009524358,-0.7061762,0.7025848,0.0845571,-0.023234025
29859,-4.688628,-90.38552,9.00397,-0.31345975,-10.06481,0.2117648,-0.02107485,-0.01863139,0.027030788,-0.14156641,0.9897031,0.02113505,-0.7042395,0.70443803,0.08438069,-0.026338529
29966,-5.2740984,-90.57942,9.101073,-0.3272185,-10.018748,0.14177473,-0.021838432,-0.014355333,0.02977968,-0.15872404,0.98666936,0.035919778,-0.7031561,0.70511466,0.08859023,-0.023162957
30072,-5.1827664,-90.80183,9.094276,-0.2536392,-10.034302,0.2129612,-0.025198191,-0.018936822,0.03268129,-0.15076917,0.9879633,0.034599155,-0.70176816,0.70655346,0.08803789,-0.023516508
30179,-5.0649686,-90.69542,9.15506,-0.31764722,-10.049257,0.18843476,-0.027794369,-0.017104227,0.031001411,-0.15201642,0.9879593,0.02876512,-0.7023852,0.7059449,0.0876736,-0.02470164
30286,-4.310058,-90.28912,9.241637,-0.31046873,-10.046266,0.17587246,-0.02321288,-0.016798794,0.031306844,-0.12928712,0.99137855,0.021292325,-0.70467824,0.7039481,0.08350476,-0.03021117
30392,-4.4044356,-90.57514,9.327831,-0.2865405,-10.046864,0.16749758,-0.021227568,-0.012370021,0.028252516,-0.13611925,0.9903969,0.024196666,-0.7029218,0.7055724,0.084685996,-0.029946646
30499,-4.609973,-90.53452,9.373262,-0.30508488,-10.038489,0.18604195,-0.027030788,-0.016035212,0.03283401,-0.14164855,0.9898948,0.00662752,-0.70321447,0.7051366,0.08620809,-0.028982418
30606,-4.569689,-90.204666,9.422977,-0.29850462,-10.0678005,0.18484555,-0.023823744,-0.014202617,0.029626964,-0.14017014,0.9899964,0.016109878,-0.705218,0.7031023,0.086183056,-0.029785214
30712,-4.569689,-90.204666,9.422977,-0.29850462,-10.0678005,0.18484555,-0.023823744,-0.014202617,0.029626964,-0.14017014,0.9899964,0.016109878,-0.705218,0.7031023,0.086183056,-0.029785214
30819,-4.8191485,-90.361046,9.606021,-0.2973082,-10.055239,0.19262221,-0.019700404,-0.020158552,0.02947425,-0.14589511,0.98912686,0.018510062,-0.70427614,0.70373404,0.08887066,-0.029249763
30926,-4.4472594,-90.13345,9.691845,-0.2973082,-10.0163555,0.19501504,-0.02275473,-0.019700404,0.029168814,-0.13605054,0.99061435,0.013170801,-0.7055486,0.70255315,0.08706416,-0.032249935
31032,-4.855307,-90.671745,9.821074,-0.3080759,-10.028918,0.19680965,-0.02657264,-0.020463986,0.02977968,-0.14407752,0.989051,0.0319337,-0.7023197,0.7054444,0.09049374,-0.030102558
31139,-4.5811715,-90.48614,9.866562,-0.29850462,-10.076774,0.17527425,-0.023060162,-0.021991149,0.027947085,-0.13873722,0.9900263,0.02449336,-0.7033725,0.70448434,0.089053705,-0.032225337
31246,-5.0245442,-90.68456,9.939829,-0.3062813,-10.07139,0.17886348,-0.020158552,-0.017867807,0.027794369,-0.15142761,0.98800695,0.0301987,-0.70225555,0.70529383,0.092257485,-0.029770697
31352,-5.0070095,-90.444786,9.988029,-0.29312077,-10.055837,0.18664016,-0.020005837,-0.020158552,0.0290161,-0.15323886,0.9880524,0.01643778,-0.7037124,0.7037981,0.092384174,-0.030368196
31459,-5.16528,-90.50742,10.130221,-0.30568308,-10.042676,0.192024,-0.027641652,-0.019089539,0.031001411,-0.15701863,0.98741406,0.018938767,-0.70333296,0.70393836,0.094238184,-0.030210437
31566,-5.4889436,-90.3624,10.2163105,-0.29970104,-10.052846,0.1806581,-0.02565634,-0.018020526,0.030848695,-0.1620347,0.9866345,0.01723896,-0.7042864,0.7027069,0.09670059,-0.02885708
31672,-5.0129824,-90.16967,10.298508,-0.28354946,-10.013364,0.20997018,-0.020158552,-0.015271631,0.03176499,-0.14792326,0.9888755,0.015619768,-0.7053163,0.70184904,0.09424944,-0.032464154
31779,-4.928406,-90.410675,10.369083,-0.2853441,-10.051051,0.18723837,-0.019547688,-0.015882496,0.030695977,-0.1457424,0.9891073,0.020637296,-0.7037938,0.7033422,0.094235316,-0.03322251
31886,-4.6225085,-90.33605,10.493286,-0.2883351,-10.08156,0.2009971,-0.02367103,-0.022449298,0.030543262,-0.14067389,0.98986834,0.019274632,-0.70412034,0.7030317,0.09311012,-0.03593789
31992,-5.069219,-90.40717,10.567825,-0.33080772,-10.063614,0.23988046,-0.02733622,-0.02031127,0.028099801,-0.15657151,0.98723215,0.029292697,-0.70379925,0.7030387,0.09631178,-0.033575058
32099,-5.2210364,-90.53561,10.634401,-0.29670998,-10.043873,0.20638095,-0.024892759,-0.011759155,0.03023783,-0.14486672,0.98944026,-0.0046453783,-0.7030367,0.7036426,0.097681805,-0.03293546
32206,-4.971914,-90.41008,10.749122,-0.2979064,-10.052247,0.21415763,-0.021380283,-0.01985312,0.027183503,-0.15268606,0.98818827,0.013074231,-0.70369714,0.7029855,0.09683221,-0.035287853
32312,-4.8835945,-90.578354,10.81001,-0.31465617,-10.062417,0.22731815,-0.02321288,-0.02031127,0.028710665,-0.16470085,0.9859903,0.02639567,-0.70261693,0.704041,0.09672089,-0.036065962
32419,-5.344936,-90.77338,10.897513,-0.3302095,-10.050453,0.18005991,-0.029168814,-0.019394971,0.030543262,-0.1572616,0.98720825,0.026242739,-0.7015364,0.70476615,0.10012041,-0.033574782
32526,-5.5496664,-90.70057,10.931368,-0.30149564,-10.036695,0.19860429,-0.02076942,-0.01817324,0.02977968,-0.16421236,0.98597795,0.029695548,-0.7020356,0.7041111,0.101549834,-0.032576278
32632,-5.0019517,-90.40188,11.041003,-0.2955136,-10.058828,0.2129612,-0.021991149,-0.011759155,0.028710665,-0.1523316,0.9883284,0.001438717,-0.70366514,0.70266044,0.09880274,-0.03690147
32739,-5.0785165,-90.38105,11.130225,-0.33619156,-10.039087,0.21535403,-0.022907447,-0.018784106,0.02977968,-0.15354525,0.98799044,0.017284011,-0.70378923,0.702389,0.099809185,-0.036994062
32846,-4.7034016,-90.344124,11.25063,-0.29850462,-10.046864,0.22671993,-0.0206167,-0.014660766,0.030085113,-0.14539531,0.9892257,0.017110156,-0.7038469,0.7023815,0.09825016,-0.04008395
32952,-4.713784,-90.21422,11.339296,-0.3098705,-10.038489,0.19322042,-0.024587328,-0.017867807,0.02947425,-0.14904036,0.9888051,0.007173118,-0.70461506,0.70149803,0.0988108,-0.04067643
33059,-5.0113945,-90.55919,11.476771,-0.29192436,-10.057034,0.2129612,-0.02641992,-0.020158552,0.0290161,-0.15179907,0.9881799,0.021390222,-0.7025583,0.70323646,0.10158571,-0.03937929
33166,-5.3124113,-90.31841,11.588917,-0.29670998,-10.052846,0.20937198,-0.02275473,-0.019547688,0.02687807,-0.15716502,0.9874106,0.017871957,-0.70410013,0.7013888,0.10402198,-0.038421985
33272,-5.0853643,-90.64692,11.656037,-0.33738798,-10.063015,0.19920248,-0.022602012,-0.020463986,0.025045475,-0.15490101,0.98754305,0.027647944,-0.70198405,0.7035481,0.1031657,-0.03994147
33379,-5.3344436,-90.894875,11.763517,-0.28414768,-10.07139,0.19381861,-0.028252516,-0.015118915,0.028710665,-0.15439244,0.9874115,0.034372885,-0.7005121,0.70474213,0.105421275,-0.03882882
33486,-5.0800123,-90.73198,11.7820425,-0.44386858,-10.033106,0.16869399,-0.025045475,-0.01572978,0.02977968,-0.14962387,0.9887356,0.0038253826,-0.70141536,0.70395994,0.103937,-0.040669363
33592,-5.1199017,-90.68848,11.934847,-0.2847459,-10.040283,0.16091733,-0.021227568,-0.023823744,0.031306844,-0.15365504,0.98811513,0.00431882,-0.7016426,0.70351803,0.105101764,-0.041397292
33699,-5.1094203,-90.508095,11.951008,-0.30687952,-10.055837,0.20697914,-0.02031127,-0.01450805,0.03191771,-0.15616207,0.9875977,0.016251983,-0.70273936,0.7024074,0.10507186,-0.041726634
33806,-4.9979534,-90.19627,12.091106,-0.42951167,-10.06481,0.18604195,-0.019394971,-0.012675454,0.02977968,-0.15880312,0.9873068,-0.00262321,-0.70455384,0.70046616,0.1051353,-0.04356155
33912,-5.061053,-90.05132,12.132433,-0.30029923,-10.046864,0.18783657,-0.019394971,-0.02107485,0.03145956,-0.15366624,0.9881135,0.004284856,-0.7054477,0.6994783,0.10571723,-0.04356013
34019,-4.649738,-90.11795,12.331396,-0.2961118,-10.049854,0.19621144,-0.019089539,-0.01985312,0.032070424,-0.14596778,0.9892318,0.010667432,-0.7047984,0.70008284,0.1044506,-0.047258005
34126,-4.649738,-90.11795,12.331396,-0.2961118,-10.049854,0.19621144,-0.019089539,-0.01985312,0.032070424,-0.14596778,0.9892318,0.010667432,-0.7047984,0.70008284,0.1044506,-0.047258005
34232,-4.649738,-90.11795,12.331396,-0.2961118,-10.049854,0.19621144,-0.019089539,-0.01985312,0.032070424,-0.14596778,0.9892318,0.010667432,-0.7047984,0.70008284,0.1044506,-0.047258005
34339,-4.6001725,-90.052185,12.672251,-0.32004002,-10.073784,0.2117648,-0.02443461,-0.025503622,0.029168814,-0.1422336,0.9898102,0.006730949,-0.7050347,0.69941056,0.10620196,-0.04972059
34446,-4.6001725,-90.052185,12.672251,-0.32004002,-10.073784,0.2117648,-0.02443461,-0.025503622,0.029168814,-0.1422336,0.9898102,0.006730949,-0.7050347,0.69941056,0.10620196,-0.04972059
34552,-5.180569,-90.16492,12.777456,-0.2859423,-10.061221,0.17288142,-0.02443461,-0.02947425,0.030848695,-0.15468761,0.9879316,0.007926578,-0.7045475,0.6994563,0.11042734,-0.046684682
34659,-4.7791953,-90.15127,12.873246,-0.29850462,-10.049257,0.21236299,-0.028099801,-0.019700404,0.028863383,-0.14365305,0.98961705,0.0046845567,-0.70442057,0.69966394,0.10856289,-0.04976093
34766,-4.869892,-90.42501,12.929673,-0.28235307,-10.06481,0.17288142,-0.020922136,-0.012064589,0.030543262,-0.14530241,0.9892926,0.013686997,-0.7027626,0.70120484,0.10957767,-0.049287185
34872,-5.260528,-90.5876,13.234766,-0.2991028,-10.042078,0.18903299,-0.023823744,-0.01282817,0.030543262,-0.15784298,0.9871752,0.023889545,-0.7018073,0.70152444,0.113884114,-0.04858336
34979,-5.2135253,-90.44499,13.346181,-0.31106693,-10.048059,0.19920248,-0.02687807,-0.016493361,0.031001411,-0.16287403,0.98641694,0.021299263,-0.70261145,0.7005862,0.114219636,-0.049698655
35086,-5.236175,-90.42316,13.431172,-0.3367898,-10.057631,0.17647067,-0.021380283,-0.015271631,0.03023783,-0.16099872,0.9868256,0.015959462,-0.70271796,0.7003448,0.114867054,-0.050101705
35192,-5.378959,-90.15186,13.570814,-0.28175485,-10.045667,0.192024,-0.02611449,-0.013591751,0.028252516,-0.16211466,0.98675656,0.005506076,-0.7043758,0.6983944,0.11646742,-0.05035189
35299,-5.0788474,-90.52884,13.620689,-0.30448666,-10.049854,0.2009971,-0.024892759,-0.013439035,0.032223143,-0.15768084,0.9872542,0.021584202,-0.70191574,0.7009596,0.115119055,-0.05212938
35406,-4.8354383,-90.38678,13.653907,-0.45822552,-10.060622,0.16929218,-0.02565634,-0.019394971,0.029626964,-0.15289828,0.9882308,0.0046818573,-0.7026543,0.7002981,0.1137801,-0.053978436
35512,-4.8354383,-90.38678,13.653907,-0.45822552,-10.060622,0.16929218,-0.02565634,-0.019394971,0.029626964,-0.15289828,0.9882308,0.0046818573,-0.7026543,0.7002981,0.1137801,-0.053978436
35619,-4.689278,-90.64666,13.709613,-0.31345975,-10.074381,0.20937198,-0.022143863,-0.021227568,0.03176499,-0.14544877,0.9890428,0.025277924,-0.70096695,0.7019787,0.1133583,-0.054965228
35726,-5.401933,-90.324745,13.973712,-0.31166515,-10.042676,0.21056838,-0.027794369,-0.012980886,0.02947425,-0.16250008,0.9867049,-0.0026842786,-0.7031513,0.6990184,0.119141124,-0.05250688
35832,-5.401933,-90.324745,13.973712,-0.31166515,-10.042676,0.21056838,-0.027794369,-0.012980886,0.02947425,-0.16250008,0.9867049,-0.0026842786,-0.7031513,0.6990184,0.119141124,-0.05250688
35939,-5.401933,-90.324745,13.973712,-0.31166515,-10.042676,0.21056838,-0.027794369,-0.012980886,0.02947425,-0.16250008,0.9867049,-0.0026842786,-0.7031513,0.6990184,0.119141124,-0.05250688
36046,-4.6158714,-90.11389,14.420131,-0.31166515,-10.032507,0.20398813,-0.02351831,-0.020005837,0.02855795,-0.14413746,0.98955417,-0.0026270293,-0.7038268,0.69807243,0.11698539,-0.06030883
36152,-4.6158714,-90.11389,14.420131,-0.31166515,-10.032507,0.20398813,-0.02351831,-0.020005837,0.02855795,-0.14413746,0.98955417,-0.0026270293,-0.7038268,0.69807243,0.11698539,-0.06030883
36259,-4.621435,-90.41819,14.689102,-0.30029923,-10.050453,0.18604195,-0.024281893,-0.018936822,0.030695977,-0.1425363,0.9896187,0.018390426,-0.70183086,0.6996563,0.11882143,-0.061611157
36366,-4.603268,-90.04079,14.762003,-0.30508488,-10.059426,0.18364912,-0.024740042,-0.019242255,0.02977968,-0.14350483,0.98964614,-0.0026154993,-0.70408183,0.6972843,0.118951015,-0.0625618
36472,-5.034141,-90.15276,14.956872,-0.28414768,-10.058828,0.2027917,-0.01985312,-0.018478675,0.03344487,-0.15439506,0.9879834,0.0071375105,-0.70352846,0.69731236,0.12281461,-0.060989745
36579,-4.8687882,-89.99658,15.08861,-0.32183465,-10.049854,0.18903299,-0.024587328,-0.01740966,0.0290161,-0.14357929,0.98963714,0.0018218673,-0.7043173,0.69638884,0.122527026,-0.062983245
36686,-5.321167,-89.95046,15.20876,-0.32422745,-10.019346,0.17168503,-0.023060162,-0.016035212,0.029932396,-0.16118413,0.98692334,-0.0014336624,-0.7047769,0.69548434,0.12598045,-0.060991872
36792,-5.317962,-89.94996,15.394898,-0.27158538,-10.041479,0.17467603,-0.0206167,-0.018784106,0.028099801,-0.16212897,0.98676044,-0.004240362,-0.7046782,0.69527924,0.12709028,-0.062156852
36899,-4.7717133,-89.81361,15.485243,-0.27936202,-10.030114,0.22133608,-0.024892759,-0.022449298,0.03023783,-0.14744645,0.9890695,-0.001024999,-0.70514995,0.6949411,0.12424146,-0.066215575
37006,-4.4241652,-90.08449,15.704221,-0.2973082,-10.058229,0.1806581,-0.025809057,-0.012675454,0.029626964,-0.14120284,0.98996574,0.0054361764,-0.7031702,0.69674486,0.12361912,-0.06940203
37112,-4.4241652,-90.08449,15.704221,-0.2973082,-10.058229,0.1806581,-0.025809057,-0.012675454,0.029626964,-0.14120284,0.98996574,0.0054361764,-0.7031702,0.69674486,0.12361912,-0.06940203
37219,-4.7889004,-90.43014,15.980934,-0.30089745,-10.060622,0.1794617,-0.02351831,-0.021991149,0.029626964,-0.15026808,0.9885351,0.0147607755,-0.70112115,0.6981603,0.12772115,-0.068473674
37326,-4.7618833,-90.103,16.050539,-0.28773692,-10.070193,0.22911276,-0.026725354,-0.024892759,0.031001411,-0.15013106,0.9886651,-0.0014179122,-0.70305306,0.6961084,0.12778416,-0.06943114
37433,-4.606878,-90.234116,16.210287,-0.27996022,-10.051649,0.20578274,-0.02275473,-0.016646078,0.03176499,-0.14198239,0.98980725,0.011071914,-0.7020624,0.69690675,0.12789625,-0.07121737
37539,-4.555405,-90.15585,16.297043,-0.32243285,-10.054042,0.18783657,-0.021838432,-0.017256944,0.029932396,-0.14092575,0.9900049,0.0055036866,-0.7024515,0.6963876,0.12806287,-0.07215296
37646,-4.2862716,-90.43595,16.512222,-0.45343986,-10.041479,0.19920248,-0.025350908,-0.020005837,0.030543262,-0.14610332,0.9890937,0.018640034,-0.70043504,0.6981615,0.12792271,-0.07481315
37752,-4.6256337,-90.50204,16.55161,-0.2973082,-10.055239,0.2021935,-0.0206167,-0.014813482,0.02977968,-0.16261707,0.98652214,0.018160366,-0.70022887,0.69814056,0.1302558,-0.07288853
37859,-4.790288,-90.16132,16.74996,-0.2871387,-10.07139,0.21236299,-0.022296581,-0.020463986,0.028710665,-0.14973925,0.98867005,0.010472578,-0.7022805,0.6956403,0.13223998,-0.0734792
37966,-4.9083157,-90.24664,16.95126,-0.3164508,-10.043275,0.18604195,-0.022143863,-0.02275473,0.028405234,-0.15306093,0.9881612,0.010475909,-0.70170945,0.695792,0.13423099,-0.07388758
38072,-4.4015145,-90.06976,17.065605,-0.3086741,-10.038489,0.19262221,-0.02076942,-0.021991149,0.026267204,-0.13239256,0.99105465,0.016820043,-0.7023699,0.6951629,0.13174053,-0.07790678
38179,-4.9083405,-90.06638,17.256275,-0.2853441,-10.058229,0.21415763,-0.024740042,-0.015271631,0.028863383,-0.1508867,0.9885359,0.005481948,-0.7026034,0.69432783,0.13596335,-0.07596892
38286,-4.4176054,-89.890396,17.417273,-0.30747768,-10.046864,0.19680965,-0.02641992,-0.017104227,0.028099801,-0.13578402,0.9907063,-0.007981725,-0.70322543,0.6936366,0.13384537,-0.08017278
38392,-4.617638,-90.27392,17.568274,-0.2955136,-10.052846,0.21954148,-0.026267204,-0.012370021,0.028405234,-0.14240146,0.98971385,0.0137212165,-0.7009351,0.6955729,0.13623852,-0.07941867
38499,-4.228526,-89.76054,17.68454,-0.31465617,-10.049854,0.21236299,-0.020922136,-0.01863139,0.031154126,-0.13622575,0.9906703,-0.0038548696,-0.7036865,0.6927484,0.1342223,-0.083122596
38606,-4.6143885,-90.01156,17.846502,-0.29970104,-10.07498,0.20697914,-0.021838432,-0.012980886,0.028863383,-0.15376776,0.98810697,0.00020473269,-0.70232785,0.6936378,0.1377212,-0.08145579
38712,-4.8792033,-90.13524,18.038391,-0.2991028,-10.056435,0.20578274,-0.02397646,-0.0096211275,0.032375857,-0.14862987,0.98888516,0.0039154384,-0.7016311,0.69384116,0.14057161,-0.080856815
38819,-5.072189,-90.317375,18.191874,-0.2979064,-10.028319,0.18305092,-0.02367103,-0.01328632,0.027488936,-0.15958238,0.98715323,0.007868428,-0.7005565,0.6945276,0.14279395,-0.08038532
38926,-4.9964685,-90.17035,18.365847,-0.30687952,-10.060024,0.2117648,-0.022907447,-0.02321288,0.027030788,-0.15675798,0.9876193,0.005926457,-0.70126957,0.69350547,0.14328676,-0.08209809
39032,-4.8083224,-90.2822,18.535305,-0.29132614,-10.0349,0.20458633,-0.022449298,-0.007941248,0.030848695,-0.15057945,0.98857504,0.0067225494,-0.7003319,0.6942124,0.1432593,-0.0841497
39139,-5.1792965,-90.48217,18.753405,-0.28295127,-10.052247,0.17886348,-0.023060162,-0.022602012,0.029321533,-0.16198146,0.98673934,0.010365835,-0.69923466,0.69468933,0.14695986,-0.08294797
39246,-4.917679,-90.53826,18.888073,-0.28953153,-10.025927,0.16929218,-0.02076942,-0.021991149,0.03023783,-0.15323621,0.9881301,0.010841211,-0.6986006,0.69519216,0.14624543,-0.085307315
39352,-4.7856417,-90.166504,18.983454,-0.30089745,-10.057034,0.20638095,-0.026267204,-0.01160644,0.030390546,-0.15040497,0.98859644,-0.0074483436,-0.70068014,0.6929685,0.14574859,-0.087174356
39459,-4.9105873,-89.822105,19.161453,-0.2973082,-10.026525,0.20997018,-0.025503622,-0.016035212,0.029321533,-0.15289107,0.98818415,-0.010788078,-0.70271856,0.6904721,0.1473142,-0.0879397
39566,-4.7162023,-89.58517,19.349213,-0.2847459,-10.049854,0.18843476,-0.027488936,-0.02321288,0.0290161,-0.14631777,0.9890822,-0.01753452,-0.70384836,0.68902725,0.14708363,-0.09058334
39672,-4.712666,-89.69603,19.636728,-0.27158538,-10.008579,0.16211373,-0.019394971,-0.02031127,0.030848695,-0.15102588,0.9884491,-0.01263362,-0.7029494,0.6893411,0.14887984,-0.09222661
39779,-4.4398913,-90.15298,19.796211,-0.32422745,-10.051649,0.17048861,-0.022449298,-0.016493361,0.029932396,-0.14657691,0.9891918,0.0038507185,-0.69984347,0.6922853,0.14856651,-0.09427718
39886,-4.7644114,-90.4264,19.965473,-0.28295127,-10.034302,0.18125631,-0.025350908,-0.01863139,0.03023783,-0.15445793,0.98794544,0.010323106,-0.6983194,0.69330764,0.15176518,-0.0929618
39992,-4.87563,-90.18072,20.089025,-0.2889333,-10.030712,0.19561325,-0.018936822,-0.016187929,0.031154126,-0.15445292,0.98797685,0.006785736,-0.6997946,0.6914972,0.15298042,-0.093360186
40099,-4.6211452,-89.88407,20.166351,-0.27996022,-10.04507,0.18005991,-0.019700404,-0.019700404,0.02611449,-0.13920842,0.9902202,-0.009220426,-0.70130867,0.689919,0.15166862,-0.09578389
40206,-4.446643,-90.247894,20.42505,-0.28235307,-10.043275,0.18843476,-0.025198191,-0.017562376,0.030848695,-0.14647608,0.9892064,0.003934786,-0.6987484,0.69202965,0.15248509,-0.09794866
40313,-4.88572,-90.392715,19.577477,0.18903299,-10.409975,0.28055844,-0.24694228,0.48243085,0.005650503,-0.13790067,0.990445,0.0014334349,-0.6989307,0.69345427,0.1501193,-0.08989589
40419,-5.9240413,-92.925514,17.828201,-0.061615184,-9.894919,1.2149557,-0.9211848,-0.00992656,-0.27015516,-0.15018518,0.9878672,-0.039533447,-0.6854015,0.7096987,0.14734435,-0.069586
40526,-3.6224194,-99.90996,16.971855,-1.1724831,-10.532606,2.4335005,-1.0676397,-0.1516473,0.14385878,-0.13137466,0.96456283,-0.22882144,-0.6395982,0.753779,0.13302402,-0.07096431
40632,-1.0929403,-106.20677,14.163594,0.29491538,-9.827322,3.2685955,-1.1184943,0.5561928,0.8249735,-0.09750554,0.9323452,-0.3481739,-0.5967061,0.79287714,0.10427239,-0.06644515
40739,2.8643737,-116.582756,9.850808,1.7060825,-8.75115,4.81735,-1.301143,0.52687126,0.72509706,-0.020471735,0.8296326,-0.55793434,-0.52166957,0.8484537,0.0599317,-0.06629768
40846,4.728199,-121.53523,7.588865,2.324029,-8.216354,5.2725844,-1.3009902,0.28237247,0.68707067,0.044517774,0.7776478,-0.62712204,-0.4844856,0.87132525,0.03759969,-0.06820761
40952,7.834316,-129.07689,3.8197818,2.883351,-7.317251,6.6574306,-1.2090551,0.22449298,0.8869763,0.1040978,0.6529397,-0.7502222,-0.42660716,0.9012431,0.0006681615,-0.07593901
41059,10.786651,-136.3077,0.029959736,3.365505,-6.110072,6.868597,-1.7289014,0.33490685,1.2771665,0.14714071,0.58925736,-0.794434,-0.37044543,0.92408633,-0.034734417,-0.08733926
41166,13.25745,-143.61743,-1.5464057,4.1844482,-4.890929,7.383054,-1.7263052,-0.47006083,0.56062156,0.19593674,0.44860047,-0.8719899,-0.31155503,0.94309646,-0.048768826,-0.10547097
41272,3.5584345,-177.80989,-16.251783,5.2719865,-0.421735,7.5876403,-2.776077,2.8374689,0.44974953,0.3576664,-0.15734184,-0.92049897,-0.023297945,0.98921806,-0.14184205,-0.028030839
41379,-4.9192963,168.57025,-12.527458,6.9134626,3.2135608,5.1774697,0.15088372,0.9821186,0.41401392,0.5285851,-0.3881329,-0.75495076,0.103551485,0.98771214,-0.11271073,0.031593084
41486,-14.156526,171.3783,-8.470999,6.8817573,3.3014967,4.7862434,1.0285444,2.8049407,-0.64996064,0.6326626,-0.3408202,-0.6953989,0.08346619,0.98618454,-0.082323104,0.117031515
41592,-36.705284,167.15433,3.0114448,9.512666,2.0811574,-0.13040882,0.15302174,2.6587908,-0.8811731,0.9077189,-0.1977482,-0.3700568,0.097916834,0.9437791,-0.010426459,0.31557027
41699,-49.882,153.8746,25.133955,7.682755,0.19501504,-2.5262225,0.032986723,3.7733147,-2.252413,0.9897708,0.026550988,-0.14017405,0.11065325,0.8828549,0.09915985,0.44552267
41806,-48.682117,141.20111,45.874176,7.304091,-3.5294132,-6.5150576,1.0731375,0.95798945,-3.0311134,0.952527,0.29607794,0.070923656,0.12718843,0.8447859,0.20884018,0.47596803
41912,-36.857285,131.72845,51.95526,8.185846,-8.522635,-4.377669,-3.033404,-1.6607898,-1.1339186,0.8249429,0.5651608,0.007904037,0.22237314,0.83492607,0.2630264,0.42926192
42019,-26.846466,123.298874,27.0449,8.319843,-6.10409,0.01375873,-4.629748,-5.004208,0.93874717,0.79711246,0.43110454,-0.42280093,0.40131772,0.858063,0.092979,0.30663803
42126,-31.47354,118.71028,-10.097834,3.3445675,0.022731815,7.3016977,-2.1461225,-3.5150714,3.509268,0.3816916,-0.13792077,-0.9139417,0.5092418,0.8127163,-0.21058522,0.18925862
42232,-39.925083,126.16448,-28.550714,0.25962123,4.0031924,9.741778,-0.63117653,-1.7146988,3.2421672,0.13999705,-0.27890798,-0.9500585,0.48743525,0.7740932,-0.35644203,0.19009377
42339,-41.673935,148.72696,-47.462715,4.9519463,5.0608196,18.241085,1.7554741,-1.2986996,0.46960264,-0.053752944,-0.18473043,-0.9813181,0.3684618,0.7853203,-0.44997594,0.21220179
42446,-39.04397,151.5725,-50.17258,-0.035892338,0.76271224,9.497113,-0.14065172,-0.079870634,0.032986723,-0.17079175,-0.09716395,-0.98050463,0.34693888,0.79268587,-0.46168774,0.19526127
42552,-37.880962,153.36893,-49.653423,0.006580262,0.05084748,9.652646,0.15073101,0.03604105,-0.05543602,-0.1621513,-0.05818818,-0.9850488,0.33033252,0.8039756,-0.4543127,0.19520146
42659,-37.845657,152.47734,-49.84647,-0.119042926,0.69571316,9.608977,-0.11377365,-0.015577063,0.027183503,-0.15857519,-0.05724103,-0.98568624,0.33680257,0.80072933,-0.45714515,0.19082676
42766,-37.74773,152.23755,-50.31887,-0.20338991,0.62871414,9.6376915,-0.023823744,-0.016493361,0.029168814,-0.1546523,-0.053059902,-0.9865431,0.33898365,0.7984555,-0.46077633,0.1877341
42872,-37.668385,151.97115,-50.65791,-0.13878371,0.62452674,9.553943,-0.019242255,-0.014355333,0.027488936,-0.162217,-0.05246157,-0.98535955,0.3411668,0.7965613,-0.463519,0.18505532
42979,-37.626545,151.8021,-50.887108,-0.1274178,0.6065805,9.61795,-0.018478675,-0.015882496,0.029321533,-0.16670051,-0.054387145,-0.9845065,0.34259155,0.7952672,-0.46535587,0.18337117
43086,-37.557095,151.52095,-51.219807,-0.117248304,0.5988038,9.612567,-0.018936822,-0.014202617,0.0290161,-0.17087822,-0.056056704,-0.9836962,0.34487218,0.7933003,-0.4680634,0.18070559
43192,-37.51085,151.35226,-51.444542,-0.14476576,0.60837513,9.650253,-0.012217305,-0.014660766,0.031001411,-0.16575637,-0.0519135,-0.9847994,0.34626025,0.7920261,-0.46985224,0.17898987
43299,-37.39454,150.86131,-52.00941,-0.18604195,0.69272214,9.64128,-0.0290161,-0.018020526,0.028099801,-0.15790218,-0.05797369,-0.98575145,0.35018435,0.7885953,-0.47442693,0.17437738
43406,-37.334076,150.58104,-52.34683,-0.13160524,0.68494546,9.604192,-0.025198191,-0.016340645,0.027794369,-0.15110882,-0.064673215,-0.98639923,0.3524458,0.7865375,-0.4771276,0.17172614
43513,-37.323185,150.48819,-52.45475,-0.16510475,0.62572306,9.639485,-0.018936822,-0.010995574,0.029321533,-0.15571965,-0.05615473,-0.98620385,0.35321265,0.7858384,-0.4779993,0.17092536
43619,-37.210278,150.00082,-53.031223,-0.12622139,0.62093747,9.629914,-0.018325957,-0.012980886,0.027030788,-0.15495676,-0.040481217,-0.98709154,0.35706708,0.7822909,-0.4825811,0.16625167
43727,-37.210278,150.00082,-53.031223,-0.12622139,0.62093747,9.629914,-0.018325957,-0.012980886,0.027030788,-0.15495676,-0.040481217,-0.98709154,0.35706708,0.7822909,-0.4825811,0.16625167
43832,-37.098667,149.40247,-53.703327,-0.1471586,0.5880361,9.632307,-0.01740966,-0.014049901,0.029932396,-0.15952891,-0.057430908,-0.9855213,0.36177197,0.77794385,-0.48792946,0.16077706
43939,-37.033585,149.08072,-54.048683,-0.16450654,0.619741,9.643075,-0.029168814,-0.01771509,0.027183503,-0.16258295,-0.064076066,-0.9846121,0.36424062,0.7756698,-0.4906694,0.15782464
44046,-36.958595,148.67868,-54.505447,-0.17048861,0.6095715,9.631111,-0.020922136,-0.016035212,0.028252516,-0.17563179,-0.052911453,-0.983033,0.36735532,0.77267736,-0.49424556,0.15408128
44152,-36.905144,148.36368,-54.843014,-0.16331014,0.61016977,9.629914,-0.02367103,-0.014813482,0.02687807,-0.15065284,-0.06546449,-0.9864168,0.36976597,0.7703858,-0.49689668,0.15123658
44259,-36.83817,148.057,-55.20254,-0.30448666,0.6239284,9.631709,-0.025198191,-0.014966198,0.028863383,-0.15389478,-0.08206267,-0.9846736,0.37209296,0.7680576,-0.4996583,0.14824295
44366,-36.79062,147.85773,-55.447193,-0.2973082,0.6233303,9.620343,-0.023365596,-0.021991149,0.02977968,-0.15807596,-0.068417214,-0.98505384,0.37359792,0.76650244,-0.5015147,0.14622447
44473,-36.72484,147.43266,-55.899952,-0.17766707,0.6161518,9.632906,-0.024129178,-0.01572978,0.027947085,-0.16528068,-0.04264429,-0.9853242,0.37680578,0.76334685,-0.5050192,0.142389
44579,-36.68764,147.23431,-56.140266,-0.1477568,0.61555356,9.594022,-0.02351831,-0.01863139,0.027794369,-0.1558352,-0.06623409,-0.98555994,0.37830883,0.7617596,-0.5068327,0.14044692
44686,-36.639904,146.91963,-56.49002,-0.16271193,0.59641105,9.608379,-0.02351831,-0.018325957,0.02855795,-0.1580124,-0.07284612,-0.9847464,0.38067532,0.75933015,-0.5094963,0.13754134
44792,-36.58547,146.49371,-56.935036,-0.16331014,0.61854464,9.651449,-0.019394971,-0.018784106,0.027183503,-0.16440906,-0.048342552,-0.9852069,0.3838509,0.7561112,-0.51289725,0.13375616
44900,-36.545883,146.15898,-57.26036,-0.16570297,0.60837513,9.620941,-0.022907447,-0.014966198,0.027183503,-0.1631655,-0.054202873,-0.9851087,0.38630918,0.7536632,-0.515393,0.13087028
45006,-36.518204,145.83746,-57.588448,-0.15912269,0.61196434,9.64128,-0.02076942,-0.015118915,0.028863383,-0.15772268,-0.05008726,-0.9862124,0.38870504,0.7511925,-0.5178866,0.12810825
45112,-36.493248,145.60251,-57.816982,-0.1375873,0.6269195,9.635897,-0.02687807,-0.020158552,0.029168814,-0.15317866,-0.064089976,-0.986118,0.39041924,0.7494457,-0.5196216,0.12608486
45219,-36.468914,145.26404,-58.146408,-0.16331014,0.60717875,9.657433,-0.021533,-0.014966198,0.029321533,-0.15388769,-0.048264947,-0.98690885,0.3929114,0.74687594,-0.522119,0.12324238
45326,-36.447998,145.0577,-58.373028,-0.15254244,0.62452674,9.608379,-0.017867807,-0.015882496,0.028099801,-0.15978472,-0.05906224,-0.98538345,0.39443105,0.7452057,-0.5237958,0.12136937
45433,-36.410316,144.59308,-58.80646,-0.15314065,0.5910272,9.5048895,-0.023365596,-0.017104227,0.029626964,-0.16619113,-0.06322206,-0.98406476,0.3977786,0.7417439,-0.52705777,0.117465876
45539,-36.38428,144.13666,-59.25737,-0.14057833,0.61675,9.630512,-0.024740042,-0.01572978,0.028710665,-0.15980239,-0.064083464,-0.9850668,0.40109816,0.7381637,-0.53040546,0.113598585
45646,-36.36877,143.91658,-59.482243,-0.15433705,0.6095715,9.619745,-0.02367103,-0.02107485,0.029321533,-0.16057399,-0.05334199,-0.98558134,0.40268597,0.73640394,-0.532054,0.11167698
45752,-36.363014,143.81055,-59.599342,-0.15613168,0.61016977,9.620343,-0.021380283,-0.018325957,0.03145956,-0.15147099,-0.052544247,-0.9870642,0.40346226,0.73550713,-0.5329035,0.110730566
45859,-36.329178,143.16129,-60.28153,-0.13399807,0.61914283,9.629914,-0.021685716,-0.014966198,0.030695977,-0.14596848,-0.050417513,-0.9880037,0.40814856,0.7301403,-0.537845,0.10503611
45966,-36.30985,142.83372,-60.615368,-0.15792629,0.634098,9.67119,-0.01771509,-0.016493361,0.0290161,-0.1362906,-0.0589649,-0.9889125,0.4104716,0.7274686,-0.54024553,0.10216307
46072,-36.297188,142.50069,-60.938717,-0.1477568,0.5946164,9.640084,-0.020922136,-0.016340645,0.02565634,-0.14192039,-0.057479333,-0.9882078,0.41282547,0.72478956,-0.5425748,0.09933657
46179,-36.29541,142.39459,-61.04955,-0.15732808,0.61555356,9.620941,-0.01863139,-0.017256944,0.030085113,-0.15184514,-0.054424755,-0.98690474,0.41358593,0.7238882,-0.5433652,0.09842144
46286,-36.280563,141.82262,-61.603973,-0.1471586,0.62931234,9.640682,-0.022296581,-0.019242255,0.02855795,-0.13994583,-0.074186794,-0.98737603,0.4176039,0.7192285,-0.54732054,0.09358174
46392,-36.286823,141.47818,-61.921627,-0.1585245,0.61375904,9.631111,-0.0206167,-0.014966198,0.02947425,-0.1476937,-0.066703714,-0.98678124,0.4200375,0.71642673,-0.5495939,0.09081717
46499,-36.29179,141.25525,-62.13815,-0.18005991,0.6305087,9.626325,-0.02443461,-0.018325957,0.029168814,-0.14332633,-0.061632678,-0.9877545,0.4216155,0.71455014,-0.5511259,0.08898693
46606,-36.29078,141.01102,-62.35425,-0.16151553,0.61854464,9.636495,-0.02107485,-0.016340645,0.028710665,-0.15463369,-0.060392965,-0.9861243,0.42329907,0.7126126,-0.5526581,0.087006725
46712,-36.312286,140.51538,-62.78869,-0.16749758,0.6239284,9.617352,-0.025045475,-0.020463986,0.0290161,-0.15778817,-0.05470567,-0.9859565,0.42676565,0.708595,-0.5557427,0.083151996
46819,-36.340397,140.04716,-63.209,-0.14596218,0.62871414,9.667003,-0.02107485,-0.016646078,0.028863383,-0.16377664,-0.055550158,-0.9849322,0.43004367,0.704698,-0.55869687,0.079504386
46926,-36.351784,139.67435,-63.51059,-0.15732808,0.619741,9.6682,-0.022296581,-0.016187929,0.02687807,-0.16484082,-0.06401339,-0.9842407,0.43257463,0.7017798,-0.56081396,0.07662912
47032,-36.351784,139.67435,-63.51059,-0.15732808,0.619741,9.6682,-0.022296581,-0.016187929,0.02687807,-0.16484082,-0.06401339,-0.9842407,0.43257463,0.7017798,-0.56081396,0.07662912
47139,-36.36436,139.42578,-63.72834,-0.15613168,0.63649076,9.618548,-0.02321288,-0.01863139,0.029626964,-0.15787321,-0.057724804,-0.9857707,0.4342799,0.6997262,-0.56232333,0.074676804
47246,-36.411556,138.5761,-64.48162,-0.18783657,0.60418767,9.6012,-0.020158552,-0.020463986,0.030848695,-0.17151861,-0.05814164,-0.9834637,0.44006708,0.69259626,-0.56748074,0.067948714
47352,-36.428032,138.19606,-64.79294,-0.14656039,0.62572306,9.637093,-0.02321288,-0.017867807,0.027794369,-0.14894153,-0.036389254,-0.9881762,0.4425943,0.68952656,-0.5695972,0.06498058
47459,-36.438442,137.94852,-65.00952,-0.14596218,0.59940207,9.661619,-0.02107485,-0.02107485,0.030390546,-0.15245114,-0.04254733,-0.98739475,0.44423714,0.6874518,-0.5710485,0.062983945
47566,-36.488117,137.447,-65.44054,-0.1489532,0.61555356,9.629914,-0.02733622,-0.022907447,0.032223143,-0.15038198,-0.0565083,-0.9870117,0.44763193,0.6831601,-0.5739504,0.05915087
47672,-36.537376,137.06735,-65.725586,-0.1489532,0.64725846,9.622736,-0.020922136,-0.0106901415,0.029626964,-0.16165571,-0.06000768,-0.98502105,0.45019856,0.68005675,-0.5758946,0.05647557
47779,-36.58091,136.53596,-66.12878,-0.14596218,0.60358953,9.647263,-0.025045475,-0.02031127,0.029626964,-0.14326893,-0.047821287,-0.9885278,0.45367962,0.67576474,-0.5785837,0.052513886
47886,-36.628853,136.1448,-66.42051,-0.14237295,0.6089733,9.647263,-0.02443461,-0.015882496,0.030390546,-0.15529281,-0.04312703,-0.9869267,0.4562717,0.6725533,-0.5805315,0.04971272
47992,-36.67198,135.8868,-66.62063,-0.14237295,0.6454638,9.597611,-0.021380283,-0.016187929,0.031612277,-0.14591716,-0.06262512,-0.9873127,0.45801342,0.67034394,-0.58186567,0.047907077
48099,-36.710434,135.48787,-66.916046,-0.15014961,0.4660022,9.629914,-0.021991149,-0.019700404,0.028099801,-0.14403188,-0.058498953,-0.98784244,0.46059018,0.66709465,-0.5837978,0.044962194
48206,-36.770885,135.08063,-67.203606,-0.15014961,0.62153566,9.6347,-0.022602012,-0.0154243475,0.031001411,-0.15265636,-0.058175787,-0.9865656,0.4632673,0.66375226,-0.5856962,0.042145852
48312,-36.84186,134.54274,-67.59301,-0.13399807,0.60418767,9.598209,-0.022602012,-0.019547688,0.029626964,-0.16507599,-0.06628629,-0.9840508,0.46674776,0.65929943,-0.5882207,0.038303565
48419,-36.896416,134.13971,-67.89556,-0.14476576,0.6269195,9.586246,-0.025350908,-0.018325957,0.02947425,-0.16514853,-0.04914768,-0.9850434,0.46934134,0.6558848,-0.59015465,0.03537376
48526,-36.951042,133.72415,-68.17849,-0.13938192,0.61076796,9.58804,-0.02275473,-0.019394971,0.02733622,-0.1739381,-0.050884444,-0.98344105,0.47198132,0.6525045,-0.5919618,0.03244619
48632,-36.970303,133.5834,-68.27181,-0.17288142,0.63230336,9.638887,-0.024587328,-0.017256944,0.028710665,-0.15773231,-0.0503214,-0.9861989,0.4728729,0.6513662,-0.5925565,0.031467106
48739,-37.042423,133.03899,-68.65163,-0.2979064,0.6227321,9.641878,-0.024587328,-0.021533,0.027488936,-0.16046457,-0.057644077,-0.9853569,0.4762975,0.64685875,-0.5949406,0.027570754
48846,-37.120983,132.62613,-68.927376,-0.14835499,0.6131607,9.509077,-0.020463986,-0.017256944,0.030390546,-0.16760592,-0.060270775,-0.98401,0.47894934,0.64339244,-0.5966891,0.024815626
48952,-37.163033,132.35768,-69.124855,-0.16630118,0.61076796,9.594022,-0.02107485,-0.019242255,0.030695977,-0.1665071,-0.04456123,-0.98503286,0.48063654,0.6410716,-0.5979066,0.022878544
49059,-37.290043,131.65701,-69.58655,-0.1585245,0.62093747,9.625727,-0.021838432,-0.016646078,0.02855795,-0.1612702,-0.05799464,-0.9852048,0.48504874,0.6351957,-0.6007705,0.018139463
49166,-37.32345,131.51125,-69.67743,-0.14656039,0.61076796,9.628119,-0.025198191,-0.0154243475,0.03176499,-0.16180357,-0.06321891,-0.9847959,0.48598242,0.63396686,-0.60134065,0.017218495
49272,-37.42231,130.9499,-70.04976,-0.15074782,0.6095715,9.656834,-0.019089539,-0.01572978,0.028710665,-0.16465943,-0.057860415,-0.9846519,0.48945874,0.62922055,-0.6036002,0.01335804
49379,-37.51359,130.50444,-70.31218,-0.017347964,0.61375904,9.659226,-0.027947085,-0.017256944,0.030848695,-0.15407987,-0.060055256,-0.98623157,0.49223188,0.62555724,-0.60520697,0.010506842
49486,-37.67404,129.78606,-70.74521,-0.16031912,0.6275177,9.639485,-0.021533,-0.016646078,0.028252516,-0.17331141,-0.048802614,-0.9836572,0.49670443,0.61950874,-0.60783094,0.005927158
49592,-37.67404,129.78606,-70.74521,-0.16031912,0.6275177,9.639485,-0.021533,-0.016646078,0.028252516,-0.17331141,-0.048802614,-0.9836572,0.49670443,0.61950874,-0.60783094,0.005927158
49699,-37.801094,129.195,-71.08387,-0.0071784677,0.62153566,9.6347,-0.022296581,-0.014966198,0.029626964,-0.16945928,-0.055439994,-0.9839766,0.50032496,0.6146143,-0.609852,0.0021751472
49806,-37.801094,129.195,-71.08387,-0.0071784677,0.62153566,9.6347,-0.022296581,-0.014966198,0.029626964,-0.16945928,-0.055439994,-0.9839766,0.50032496,0.6146143,-0.609852,0.0021751472
49912,-38.01069,128.31154,-71.56277,-0.18484555,0.6269195,9.623334,-0.02275473,-0.015882496,0.02977968,-0.16091746,-0.060150284,-0.98513323,0.5057338,0.60731006,-0.6126968,-0.0032228255
50019,-38.162827,127.68812,-71.88633,-0.17108682,0.637089,9.638289,-0.023365596,-0.015882496,0.02855795,-0.15520175,-0.043580655,-0.986921,0.5095164,0.6021778,-0.61459446,-0.006969299
50126,-38.162827,127.68812,-71.88633,-0.17108682,0.637089,9.638289,-0.023365596,-0.015882496,0.02855795,-0.15520175,-0.043580655,-0.986921,0.5095164,0.6021778,-0.61459446,-0.006969299
50232,-38.427525,126.60192,-72.41308,-0.14536397,0.6029913,9.610173,-0.025503622,-0.016035212,0.03191771,-0.16934587,-0.048824023,-0.98434657,0.516014,0.5933649,-0.6176313,-0.013388565
50339,-38.49734,126.293465,-72.55753,-0.17048861,0.6269195,9.573683,-0.020158552,-0.017562376,0.02611449,-0.15996155,-0.04203821,-0.9862277,0.51782054,0.5908966,-0.61844236,-0.015236162
50446,-38.532207,126.13909,-72.637245,-0.1597209,0.6143572,9.592228,-0.023060162,-0.019700404,0.0290161,-0.16863929,-0.040891945,-0.98482925,0.51871985,0.58961904,-0.6188835,-0.016196765
50553,-38.71822,125.34408,-73.00324,-0.15553346,0.6227321,9.628119,-0.021685716,-0.021991149,0.028405234,-0.17770751,-0.048927207,-0.9828663,0.5233413,0.58322513,-0.62090635,-0.020919105
50659,-38.903435,124.68528,-73.27575,-0.14297114,0.59700924,9.6484585,-0.02367103,-0.014049901,0.032375857,-0.1670984,-0.02514694,-0.9856195,0.52723175,0.5779249,-0.6224378,-0.024508541
50766,-39.02903,124.20832,-73.48927,-0.1375873,0.5982056,9.615558,-0.020158552,-0.017104227,0.030085113,-0.17111076,-0.040231183,-0.9844301,0.5299905,0.57401675,-0.6235962,-0.027251834
50872,-39.0732,124.03667,-73.55227,-0.12622139,0.6329016,9.614959,-0.025503622,-0.015577063,0.028252516,-0.17194058,-0.049689926,-0.98385334,0.53097785,0.57268614,-0.62393814,-0.02818462
50979,-39.165176,123.72246,-73.685234,-0.1274178,0.6065805,9.661619,-0.018936822,-0.019700404,0.030848695,-0.17102945,-0.041502304,-0.98439145,0.53280956,0.57010025,-0.6246643,-0.029903544
51086,-39.327133,123.0696,-73.956474,-0.15792629,0.6299105,9.636495,-0.020922136,-0.019700404,0.02947425,-0.16825974,-0.05028589,-0.9844592,0.5364914,0.56486076,-0.62608016,-0.03365961
51192,-39.517704,122.40396,-74.21277,-0.13698909,0.61076796,9.644272,-0.02107485,-0.01817324,0.030390546,-0.15859158,-0.051055,-0.98602337,0.54029095,0.5594866,-0.6274338,-0.037245765
51299,-39.71392,121.7113,-74.449615,-0.16749758,0.62213385,9.597611,-0.025045475,-0.01863139,0.028099801,-0.17281173,-0.06523882,-0.98279196,0.5442031,0.5540349,-0.6286636,-0.040869895
51406,-39.76369,121.54374,-74.519394,-0.13280165,0.6023931,9.600004,-0.024587328,-0.020463986,0.031612277,-0.17462924,-0.047479276,-0.98348886,0.5451456,0.55263233,-0.6290207,-0.041793626
51512,-39.819668,121.36816,-74.573845,-0.1495514,0.6203393,9.602397,-0.023823744,-0.014202617,0.031612277,-0.16952339,-0.04620835,-0.9844423,0.5461492,0.5512459,-0.6293092,-0.042648893
51619,-39.819668,121.36816,-74.573845,-0.1495514,0.6203393,9.602397,-0.023823744,-0.014202617,0.031612277,-0.16952339,-0.04620835,-0.9844423,0.5461492,0.5512459,-0.6293092,-0.042648893
51726,-39.819668,121.36816,-74.573845,-0.1495514,0.6203393,9.602397,-0.023823744,-0.014202617,0.031612277,-0.16952339,-0.04620835,-0.9844423,0.5461492,0.5512459,-0.6293092,-0.042648893
51833,-40.45127,119.2109,-75.15472,-0.15912269,0.62153566,9.610173,-0.02076942,-0.016035212,0.03023783,-0.17118387,-0.05105748,-0.98391527,0.55811095,0.5347847,-0.63220954,-0.05318495
51939,-40.670353,118.48058,-75.33552,-0.16031912,0.6233303,9.638289,-0.022143863,-0.012370021,0.030390546,-0.1602118,-0.03953128,-0.98629075,0.56209034,0.529208,-0.63307315,-0.056672014
52046,-40.84214,117.92908,-75.470146,-0.16390835,0.62093747,9.615558,-0.021685716,-0.014813482,0.028099801,-0.15486646,-0.0421179,-0.98703724,0.56508434,0.52495575,-0.63371044,-0.059264485
52152,-41.002903,117.39151,-75.61425,-0.15912269,0.60000026,9.625727,-0.022296581,-0.019089539,0.029626964,-0.16708094,-0.053492814,-0.984491,0.5679491,0.52075243,-0.6343644,-0.061906785
52259,-41.15872,116.832245,-75.72687,-0.13459627,0.6047859,9.672387,-0.019242255,-0.016798794,0.027030788,-0.18093462,-0.04648031,-0.9823962,0.5708883,0.51662076,-0.63484055,-0.064553015
52366,-41.38704,116.062164,-75.85349,-0.14237295,0.61675,9.609575,-0.026725354,-0.018020526,0.026725354,-0.15077679,-0.049893588,-0.98730797,0.57494974,0.5109946,-0.6353712,-0.06797611
52472,-41.49887,115.6867,-75.92921,-0.18185452,0.61076796,9.64487,-0.021685716,-0.019394971,0.029321533,-0.16274686,-0.036971256,-0.98597497,0.576905,0.50815886,-0.6356845,-0.06971628
52579,-41.670635,115.114296,-76.01934,-0.1489532,0.62452674,9.6275215,-0.021991149,-0.015577063,0.027488936,-0.17333657,-0.03148592,-0.9843592,0.57988197,0.50395423,-0.63604134,-0.072238915
52686,-41.911438,114.33078,-76.14826,-0.14117654,0.62871414,9.656834,-0.025961772,-0.019089539,0.029626964,-0.15742147,-0.0432037,-0.986586,0.583925,0.49811003,-0.6365442,-0.07569315
52792,-41.9719,114.13946,-76.17073,-0.17467603,0.619741,9.643075,-0.019089539,-0.016340645,0.02855795,-0.16201815,-0.06313302,-0.9847661,0.58491504,0.49671963,-0.6366275,-0.076481655
52899,-42.209408,113.34956,-76.27064,-0.1585245,0.61854464,9.64128,-0.018478675,-0.018936822,0.02855795,-0.1617392,-0.04077923,-0.9859906,0.5889308,0.4909758,-0.63696635,-0.07985727
53006,-42.393425,112.739586,-76.337555,-0.18305092,0.60119665,9.64487,-0.024740042,-0.01985312,0.030390546,-0.15862747,-0.042388722,-0.98642814,0.59200555,0.48657027,-0.637171,-0.08241344
53112,-42.576473,112.10897,-76.38995,-0.16809578,0.6233303,9.656236,-0.021380283,-0.014049901,0.029168814,-0.16826679,-0.041328777,-0.9848747,0.5951446,0.48212242,-0.63728523,-0.08502001
53219,-42.81141,111.300804,-76.47024,-0.15194423,0.6059823,9.67478,-0.021685716,-0.021838432,0.030085113,-0.16377498,-0.04815611,-0.98532164,0.5991121,0.47631615,-0.6374694,-0.088432744
53326,-43.015526,110.660645,-76.48607,-0.1477568,0.61675,9.632906,-0.022449298,-0.015118915,0.031154126,-0.16393857,-0.045755815,-0.98540884,0.6023038,0.4718692,-0.6374397,-0.0907754
53432,-43.213184,110.03308,-76.510826,-0.12921242,0.6143572,9.667003,-0.021380283,-0.017562376,0.03176499,-0.16878249,-0.051886246,-0.98428667,0.6053871,0.4674487,-0.637435,-0.09313854
53539,-43.275738,109.81791,-76.50808,-0.16091733,0.61794645,9.6275215,-0.020922136,-0.015271631,0.027030788,-0.16449614,-0.061611593,-0.98445165,0.60643226,0.4660166,-0.637375,-0.0939231
53646,-43.535007,108.94487,-76.511086,-0.16151553,0.6029913,9.662217,-0.024129178,-0.01572978,0.0290161,-0.1705853,-0.05419574,-0.9838514,0.61064,0.46007514,-0.6371907,-0.0971478
53752,-43.787838,108.07326,-76.5211,-0.16331014,0.61495537,9.604192,-0.02031127,-0.022143863,0.027794369,-0.15872727,-0.04699554,-0.9862034,0.61476105,0.45409524,-0.63700634,-0.10044526
53859,-43.99433,107.395775,-76.507286,-0.1477568,0.6065805,9.636495,-0.02565634,-0.016340645,0.032070424,-0.15510088,-0.051203895,-0.9865708,0.6179684,0.44949067,-0.63678813,-0.102830455
53966,-43.99433,107.395775,-76.507286,-0.1477568,0.6065805,9.636495,-0.02565634,-0.016340645,0.032070424,-0.15510088,-0.051203895,-0.9865708,0.6179684,0.44949067,-0.63678813,-0.102830455
54073,-43.99433,107.395775,-76.507286,-0.1477568,0.6065805,9.636495,-0.02565634,-0.016340645,0.032070424,-0.15510088,-0.051203895,-0.9865708,0.6179684,0.44949067,-0.63678813,-0.102830455
54179,-44.607952,105.327545,-76.39295,-0.16390835,0.61914283,9.621539,-0.019242255,-0.019089539,0.03023783,-0.16874838,-0.058804423,-0.98390347,0.62756985,0.4357761,-0.6357622,-0.10982542
54286,-44.667404,105.09651,-76.38389,-0.15613168,0.619741,9.613763,-0.022296581,-0.022449298,0.02611449,-0.15671997,-0.052330278,-0.98625576,0.6285974,0.43425682,-0.6356378,-0.11068374
54393,-44.983974,103.90878,-76.267456,-0.14117654,0.61016977,9.634102,-0.022602012,-0.020922136,0.027641652,-0.16839324,-0.046291094,-0.9846323,0.6339147,0.42673835,-0.6347474,-0.114639826
54499,-45.18191,103.16685,-76.171196,-0.17108682,0.60059845,9.621539,-0.021533,-0.015271631,0.027488936,-0.1588863,-0.029938582,-0.9868429,0.6372111,0.42213765,-0.6340968,-0.11697464
54606,-45.382225,102.43382,-76.066895,-0.13459627,0.62931234,9.616156,-0.02397646,-0.013744468,0.02733622,-0.15975733,-0.036998566,-0.9864627,0.64045113,0.4175934,-0.63342756,-0.11919565
54712,-45.57865,101.6948,-75.97508,-0.17527425,0.6143572,9.650851,-0.026267204,-0.021991149,0.02947425,-0.17595212,-0.048287544,-0.98321366,0.64365435,0.41294178,-0.63278466,-0.12153923
54819,-45.78193,100.938835,-75.849754,-0.09631111,0.61136615,9.608379,-0.022143863,-0.01863139,0.02947425,-0.17062445,-0.045198362,-0.98429894,0.64693093,0.40831903,-0.6320161,-0.123740055
54926,-45.97934,100.158875,-75.68482,-0.15074782,0.61016977,9.585049,-0.017562376,-0.00870483,0.02397646,-0.17442498,-0.02296978,-0.98440254,0.6502849,0.40378308,-0.6310653,-0.12587845
55032,-46.11566,99.64343,-75.59038,-0.15792629,0.61375904,9.647861,-0.022602012,-0.01695151,0.029932396,-0.1600038,-0.0443013,-0.9861218,0.6524759,0.40065965,-0.63050246,-0.12733331
55139,-46.377193,98.59684,-75.39416,-0.14297114,0.6173482,9.64128,-0.024281893,-0.016340645,0.027030788,-0.16140255,-0.04324992,-0.9859405,0.6568454,0.39438617,-0.629304,-0.1303463
55246,-46.64729,97.51678,-75.13736,-0.16630118,0.62572306,9.623933,-0.02321288,-0.015577063,0.031154126,-0.16448836,-0.030786386,-0.98589844,0.66134363,0.38815916,-0.6278809,-0.13312648
55352,-46.84757,96.695915,-74.933716,-0.16151553,0.6125626,9.641878,-0.022449298,-0.021533,0.031001411,-0.16928582,-0.033439778,-0.98499954,0.6647141,0.38346553,-0.6267599,-0.13520853
55459,-46.97587,96.15299,-74.80046,-0.16749758,0.61495537,9.607781,-0.020005837,-0.01695151,0.029321533,-0.15123814,-0.03573222,-0.9878513,0.66691136,0.38035944,-0.62601334,-0.13661343
55566,-47.15755,95.33697,-74.59622,-0.16331014,0.60418767,9.647861,-0.022296581,-0.02031127,0.028710665,-0.15112697,-0.0522801,-0.9871309,0.6701654,0.37574857,-0.6248493,-0.13876106
55672,-47.398136,94.21911,-74.281395,-0.1268196,0.619741,9.622736,-0.02321288,-0.016187929,0.029168814,-0.14796284,-0.041034196,-0.9881413,0.67458844,0.36962274,-0.6231204,-0.14152886
55779,-47.52897,93.646385,-74.11477,-0.1375873,0.6131607,9.608977,-0.025809057,-0.017256944,0.03176499,-0.1776281,-0.053556807,-0.98263925,0.6768454,0.3664528,-0.6222409,-0.14286
55886,-47.647705,93.06696,-73.94514,-0.14656039,0.61854464,9.626325,-0.025350908,-0.018936822,0.02733622,-0.16464676,-0.042912036,-0.9854187,0.6790891,0.36331072,-0.6213111,-0.1442769
55992,-47.94046,91.608986,-73.479515,-0.15194423,0.6131607,9.622137,-0.022143863,-0.017867807,0.02855795,-0.14365582,-0.049657293,-0.9883811,0.6846928,0.35558668,-0.61884004,-0.14761737
56099,-47.94046,91.608986,-73.479515,-0.15194423,0.6131607,9.622137,-0.022143863,-0.017867807,0.02855795,-0.14365582,-0.049657293,-0.9883811,0.6846928,0.35558668,-0.61884004,-0.14761737
56206,-48.17562,90.41469,-73.06351,-0.1489532,0.46061835,9.620343,-0.01817324,-0.013591751,0.028099801,-0.15324196,-0.04787313,-0.9870284,0.68923503,0.34940752,-0.616707,-0.15013966
56312,-48.44947,88.90118,-72.55595,-0.11365908,0.60358953,9.625129,-0.025809057,-0.01740966,0.027183503,-0.16386354,-0.04528319,-0.9854431,0.69482464,0.34152007,-0.6140067,-0.15355305
56419,-48.61855,87.97954,-72.233864,-0.13160524,0.6299105,9.637093,-0.025961772,-0.020922136,0.02855795,-0.15964489,-0.037368774,-0.98646694,0.69818985,0.336731,-0.6123388,-0.15551333
56526,-48.727818,87.347885,-72.00256,-0.15074782,0.61495537,9.597611,-0.024587328,-0.0206167,0.031001411,-0.1572955,-0.042348545,-0.98664314,0.70047736,0.333522,-0.61114794,-0.15682054
56632,-48.93173,86.055954,-71.49057,-0.15613168,0.5916254,9.64128,-0.022907447,-0.014660766,0.030390546,-0.15076628,-0.044033855,-0.9875882,0.7051269,0.32722354,-0.60854846,-0.15934123
56739,-49.066185,85.089836,-71.091385,-0.12861422,0.62632126,9.64128,-0.02076942,-0.016340645,0.02367103,-0.15667012,-0.041952174,-0.9867596,0.70855725,0.32265532,-0.6065094,-0.16120346
56846,-49.20496,84.12908,-70.69376,-0.14177473,0.619741,9.626325,-0.019547688,-0.019394971,0.028099801,-0.15618534,-0.049306996,-0.9864963,0.7119322,0.318053,-0.6045058,-0.16299577
56952,-49.386974,82.825676,-70.13567,-0.14596218,0.6059823,9.623933,-0.02397646,-0.020158552,0.031001411,-0.15171199,-0.062466472,-0.9864489,0.7164646,0.31188536,-0.60173047,-0.16530724
57059,-49.512756,81.81175,-69.67925,-0.15912269,0.63230336,9.620343,-0.021838432,-0.01817324,0.02855795,-0.1530031,-0.063076615,-0.98621064,0.7199581,0.307245,-0.59946936,-0.1670249
57166,-49.591763,81.11662,-69.35321,-0.13280165,0.61675,9.628718,-0.021838432,-0.013897184,0.0290161,-0.1680085,-0.05134739,-0.98444736,0.7223424,0.30414835,-0.59786516,-0.16814426
57272,-49.63547,80.768394,-69.19525,-0.15194423,0.61675,9.632906,-0.023823744,-0.015882496,0.030543262,-0.17564464,-0.047565617,-0.98330384,0.7235239,0.3025399,-0.59709287,-0.16870923
57379,-49.851093,78.67258,-68.213524,-0.2943172,0.6275177,9.622736,-0.019700404,-0.011301006,0.0290161,-0.16240259,-0.040948857,-0.98587453,0.7305478,0.2931789,-0.59221965,-0.1721103
57486,-49.917927,77.97508,-67.881516,-0.16091733,0.6131607,9.608379,-0.018020526,-0.014049901,0.029168814,-0.16212852,-0.028790662,-0.9863496,0.7328519,0.2900805,-0.5905767,-0.17320652
57592,-50.005215,76.90831,-67.37001,-0.1585245,0.6131607,9.624531,-0.022907447,-0.01572978,0.026267204,-0.1534072,-0.054447502,-0.9866619,0.73633945,0.2854053,-0.58800745,-0.17491487
57699,-50.107773,75.47214,-66.666084,-0.15314065,0.6059823,9.633504,-0.018325957,-0.016340645,0.029168814,-0.15506479,-0.04052644,-0.9870727,0.74098676,0.2792017,-0.5844702,-0.17714292
57806,-50.107773,75.47214,-66.666084,-0.15314065,0.6059823,9.633504,-0.018325957,-0.016340645,0.029168814,-0.15506479,-0.04052644,-0.9870727,0.74098676,0.2792017,-0.5844702,-0.17714292
57912,-50.247883,73.30303,-65.567406,-0.15194423,0.64307106,9.626325,-0.022907447,-0.018325957,0.029626964,-0.14932165,-0.050137505,-0.9875167,0.7479168,0.2699435,-0.5790232,-0.18023063
58019,-50.287407,72.566574,-65.193275,-0.15314065,0.6233303,9.67478,-0.02641992,-0.018936822,0.02977968,-0.16670756,-0.043957777,-0.98502606,0.7502329,0.2668078,-0.57714957,-0.18128042
58126,-50.334583,71.44719,-64.59924,-0.15074782,0.61794645,9.630512,-0.020005837,-0.009773844,0.028252516,-0.17153297,-0.04078526,-0.9843338,0.7537583,0.2621976,-0.5741996,-0.18274476
58232,-50.38245,70.29221,-63.980953,-0.15493526,0.60358953,9.634102,-0.023823744,-0.015577063,0.030085113,-0.15357009,-0.05572056,-0.9865655,0.7573609,0.25742105,-0.57115453,-0.18417746
58339,-50.404472,68.78581,-63.174114,-0.13998011,0.6161518,9.605986,-0.024129178,-0.01863139,0.02657264,-0.1530328,-0.04468197,-0.98721045,0.762004,0.25132635,-0.56702584,-0.18618996
58446,-50.410122,68.05306,-62.782936,-0.1495514,0.6448657,9.635897,-0.02367103,-0.020463986,0.027488936,-0.14227797,-0.03692503,-0.98913777,0.76423717,0.24834946,-0.5650045,-0.1871738
58552,-50.410122,68.05306,-62.782936,-0.1495514,0.6448657,9.635897,-0.02367103,-0.020463986,0.027488936,-0.14227797,-0.03692503,-0.98913777,0.76423717,0.24834946,-0.5650045,-0.1871738
58659,-50.42151,65.754265,-61.51906,-0.1381855,0.61555356,9.610173,-0.02443461,-0.015577063,0.03023783,-0.16469777,-0.045513727,-0.98529345,0.7712017,0.23908567,-0.55858576,-0.18991545
58766,-50.39655,64.5872,-60.870674,-0.12801601,0.61495537,9.635897,-0.02367103,-0.019242255,0.028710665,-0.15568055,-0.043734632,-0.9868388,0.7747053,0.2344919,-0.55518687,-0.19134472
58872,-50.368355,63.43098,-60.235207,-0.15493526,0.61016977,9.6347,-0.02565634,-0.018784106,0.027641652,-0.15269734,-0.027714008,-0.98788434,0.7781303,0.22987051,-0.55182636,-0.19277054
58979,-50.314346,62.245487,-59.54498,-0.15314065,0.63170516,9.629316,-0.019089539,-0.015577063,0.027488936,-0.17189947,-0.048508365,-0.98391944,0.78168744,0.22538719,-0.5481911,-0.19404097
59086,-50.24898,61.04958,-58.85092,-0.15792629,0.61375904,9.645468,-0.021838432,-0.01771509,0.02947425,-0.186828,-0.030178726,-0.981929,0.7852455,0.22084673,-0.54448354,-0.1953302
59192,-50.224316,60.649326,-58.615536,-0.15134603,0.62153566,9.5970125,-0.021685716,-0.014813482,0.028863383,-0.17796503,-0.04066366,-0.98319626,0.7864362,0.21934177,-0.5432247,-0.19574025
59299,-50.067623,58.274807,-57.247604,-0.15433705,0.62871414,9.599406,-0.02397646,-0.016798794,0.02947425,-0.15705892,-0.047775608,-0.98643297,0.79338163,0.21018584,-0.53577626,-0.19827092
59406,-49.95183,57.075016,-56.53431,-0.16510475,0.60837513,9.6376915,-0.02611449,-0.014660766,0.02565634,-0.16405894,-0.05479312,-0.9849276,0.79691565,0.20574637,-0.53179216,-0.19947673
59512,-49.92001,56.67456,-56.30518,-0.16929218,0.62153566,9.651449,-0.02657264,-0.020922136,0.030695977,-0.1742308,-0.043491215,-0.98374397,0.79806536,0.20417531,-0.53051585,-0.19989268
59619,-49.83673,55.8711,-55.81715,-0.14596218,0.6131607,9.650253,-0.022602012,-0.014355333,0.0290161,-0.17347741,-0.056479327,-0.983217,0.8004319,0.20122564,-0.5278035,-0.2006003
59726,-49.65861,54.279305,-54.85333,-0.12981062,0.6334998,9.584451,-0.02321288,-0.020158552,0.031001411,-0.16956559,-0.036516886,-0.9848421,0.8050903,0.19533916,-0.52237225,-0.20198889
59832,-49.388916,52.279804,-53.66375,-0.17587246,0.6095715,9.615558,-0.025198191,-0.012980886,0.028405234,-0.1651368,-0.033787377,-0.9856918,0.81088823,0.18789119,-0.51534283,-0.20390911
59939,-49.2631,51.478863,-53.167015,-0.14476576,0.59760743,9.647263,-0.022296581,-0.0125227375,0.030695977,-0.14984767,-0.04452231,-0.9877061,0.8132487,0.18502502,-0.51239556,-0.20455573
60046,-49.01582,49.880295,-52.209717,-0.15433705,0.60837513,9.625727,-0.028099801,-0.020158552,0.029626964,-0.18046568,-0.04147204,-0.98270655,0.817857,0.17903543,-0.50659215,-0.20596261
60152,-48.939117,49.493717,-51.970825,-0.15014961,0.61196434,9.614361,-0.020158552,-0.016493361,0.026267204,-0.1579227,-0.04199649,-0.986558,0.8190023,0.17767642,-0.5050795,-0.20630333
60259,-48.632908,47.912136,-51.00595,-0.15792629,0.62452674,9.619146,-0.02855795,-0.02107485,0.02977968,-0.15716118,-0.04482563,-0.98655516,0.82362777,0.17194058,-0.4989512,-0.20765705
60366,-48.293674,46.331646,-50.031727,-0.16390835,0.64008003,9.664012,-0.026725354,-0.015118915,0.027030788,-0.16133298,-0.046333775,-0.98581177,0.8282779,0.16625875,-0.49260983,-0.20892414
60472,-48.209484,45.94565,-49.790092,-0.16749758,0.61555356,9.607781,-0.02107485,-0.018478675,0.030695977,-0.15940134,-0.04073706,-0.986373,0.8294161,0.16487089,-0.49104685,-0.20918784
60579,-47.750996,44.05315,-48.606064,-0.15613168,0.6161518,9.671788,-0.022449298,-0.017104227,0.027030788,-0.15938352,-0.056440078,-0.9856021,0.83503634,0.15813099,-0.48310027,-0.21053033
60686,-47.33586,42.52517,-47.641228,-0.15314065,0.62452674,9.643673,-0.023365596,-0.019089539,0.027794369,-0.1569454,-0.05738556,-0.98593867,0.839627,0.1527534,-0.47638294,-0.21154712
60792,-47.018425,41.398003,-46.94784,-0.13339986,0.61136615,9.6376915,-0.021685716,-0.020158552,0.029626964,-0.15550703,-0.027916336,-0.9874402,0.84297556,0.14865975,-0.47137392,-0.21236551
60899,-46.781273,40.638977,-46.47017,-0.13698909,0.61196434,9.614361,-0.020922136,-0.015882496,0.028405234,-0.17484231,-0.044807803,-0.98357636,0.84528226,0.14599586,-0.46783322,-0.21287377
61006,-46.41824,39.51515,-45.7706,-0.0041874396,0.61136615,9.622736,-0.022296581,-0.0154243475,0.028099801,-0.1565185,-0.04828869,-0.9864939,0.84868914,0.14199485,-0.4625156,-0.21364355
61112,-46.052055,38.405952,-45.07361,-0.13339986,0.631107,9.640682,-0.02275473,-0.01695151,0.028710665,-0.16545023,-0.04513399,-0.98518485,0.85205853,0.13801633,-0.4571985,-0.2142832
61219,-46.052055,38.405952,-45.07361,-0.13339986,0.631107,9.640682,-0.02275473,-0.01695151,0.028710665,-0.16545023,-0.04513399,-0.98518485,0.85205853,0.13801633,-0.4571985,-0.2142832
61326,-45.244396,36.18949,-43.69266,-0.14596218,0.4677968,9.599406,-0.021227568,-0.016798794,0.031306844,-0.1664279,-0.036457308,-0.98537946,0.85885614,0.13004655,-0.4460558,-0.21561126
61432,-45.105442,35.83118,-43.467403,-0.15732808,0.6143572,9.638289,-0.021533,-0.016646078,0.02947425,-0.1810617,-0.044561543,-0.9824617,0.85996765,0.12876321,-0.4441917,-0.2157995
61539,-44.52047,34.43416,-42.589462,-0.14117654,0.6017949,9.672387,-0.02275473,-0.016187929,0.029168814,-0.17276861,-0.052935276,-0.9835389,0.86436737,0.123822786,-0.4366178,-0.21656856
61646,-44.52047,34.43416,-42.589462,-0.14117654,0.6017949,9.672387,-0.02275473,-0.016187929,0.029168814,-0.17276861,-0.052935276,-0.9835389,0.86436737,0.123822786,-0.4366178,-0.21656856
61752,-44.52047,34.43416,-42.589462,-0.14117654,0.6017949,9.672387,-0.02275473,-0.016187929,0.029168814,-0.17276861,-0.052935276,-0.9835389,0.86436737,0.123822786,-0.4366178,-0.21656856
61859,-43.107834,31.371971,-40.675037,-0.17108682,0.6161518,9.64128,-0.02031127,-0.021227568,0.033292156,-0.15938187,-0.04940906,-0.9859798,0.8741351,0.11285689,-0.41904044,-0.21807405
61966,-43.107834,31.371971,-40.675037,-0.17108682,0.6161518,9.64128,-0.02031127,-0.021227568,0.033292156,-0.15938187,-0.04940906,-0.9859798,0.8741351,0.11285689,-0.41904044,-0.21807405
62073,-42.27366,29.690872,-39.6353,-0.15194423,0.61555356,9.644272,-0.01817324,-0.020158552,0.029626964,-0.1719952,-0.048313852,-0.9839123,0.87951535,0.10665047,-0.40893605,-0.21874577
62179,-41.563725,28.386503,-38.8363,-0.14057833,0.6233303,9.582656,-0.02367103,-0.019242255,0.02947425,-0.15908477,-0.04466041,-0.9862543,0.88376313,0.10184107,-0.4006269,-0.21929248
62286,-41.563725,28.386503,-38.8363,-0.14057833,0.6233303,9.582656,-0.02367103,-0.019242255,0.02947425,-0.15908477,-0.04466041,-0.9862543,0.88376313,0.10184107,-0.4006269,-0.21929248
62392,-40.02468,25.894089,-37.309204,-0.17527425,0.60777694,9.632307,-0.02351831,-0.016646078,0.026267204,-0.16825546,-0.045826983,-0.9846776,0.89214814,0.09278075,-0.38333854,-0.22026117
62500,-39.4178,24.99103,-36.76292,-0.13698909,0.58983076,9.617352,-0.021533,-0.016798794,0.032070424,-0.15455256,-0.04680646,-0.9868752,0.89523304,0.0894683,-0.3766856,-0.22059298
62606,-38.99686,24.413805,-36.40594,-0.17288142,0.60777694,9.616754,-0.020463986,-0.0154243475,0.027794369,-0.15371169,-0.04785577,-0.9869562,0.8972768,0.08743138,-0.37217158,-0.22076769
62712,-37.93428,22.954603,-35.517277,-0.15014961,0.61076796,9.605986,-0.023060162,-0.019242255,0.028710665,-0.15891443,-0.048122846,-0.98611885,0.9023585,0.08205642,-0.36074385,-0.22108777
62819,-37.497887,22.386305,-35.185524,-0.15373884,0.6251249,9.647861,-0.021991149,-0.021380283,0.026725354,-0.14579615,-0.036768626,-0.9886311,0.9043354,0.0799175,-0.35611916,-0.22129144
62926,-37.273556,22.093815,-35.013382,-0.1274178,0.6089733,9.61137,-0.030085113,-0.016340645,0.029932396,-0.15152556,-0.050158218,-0.9871799,0.90534955,0.07880513,-0.3537366,-0.22136474
63032,-35.888523,20.44447,-34.050392,-0.16809578,0.61495537,9.608977,-0.02565634,-0.015271631,0.029321533,-0.16585466,-0.042445358,-0.98523635,0.91123396,0.072660156,-0.3393471,-0.22184849
63139,-35.176117,19.656727,-33.576107,-0.16331014,0.61794645,9.659226,-0.024587328,-0.016798794,0.027641652,-0.17013785,-0.05369311,-0.9839564,0.9141295,0.06978689,-0.33204496,-0.22190799
63246,-34.685375,19.135778,-33.262623,-0.14476576,0.58564335,9.624531,-0.024129178,-0.016035212,0.030085113,-0.15725605,-0.055914383,-0.9859737,0.91606516,0.067893416,-0.3270533,-0.22192614
63352,-33.950397,18.369642,-32.807636,-0.15792629,0.6173482,9.625129,-0.023365596,-0.018020526,0.028863383,-0.1567488,-0.042710032,-0.9867146,0.9188969,0.06505772,-0.3195962,-0.22193296
63459,-33.18984,17.63818,-32.37126,-0.13220344,0.6023931,9.6687975,-0.025809057,-0.012675454,0.029168814,-0.1678401,-0.05336823,-0.9843686,0.92168707,0.062434666,-0.3119969,-0.22192968
63566,-32.677715,17.138998,-32.08089,-0.1477568,0.637089,9.6347,-0.025045475,-0.01695151,0.03023783,-0.17750128,-0.04731088,-0.9829827,0.9235406,0.060559414,-0.30685735,-0.2219097
63673,-32.419483,16.915482,-31.94195,-0.17527425,0.61914283,9.596415,-0.01863139,-0.018020526,0.0290161,-0.15996975,-0.057832167,-0.98542637,0.9244391,0.059807424,-0.3043209,-0.22186548
63779,-30.566057,15.296602,-31.03063,-0.15493526,0.61375904,9.610772,-0.02687807,-0.019547688,0.028099801,-0.16908526,-0.03692686,-0.9849094,0.9305984,0.053825464,-0.28606498,-0.22193757
63886,-30.566057,15.296602,-31.03063,-0.15493526,0.61375904,9.610772,-0.02687807,-0.019547688,0.028099801,-0.16908526,-0.03692686,-0.9849094,0.9305984,0.053825464,-0.28606498,-0.22193757
63992,-28.921576,13.994448,-30.273787,-0.1495514,0.61495537,9.608379,-0.019242255,-0.020158552,0.030543262,-0.18013142,-0.053894296,-0.982165,0.9357046,0.049147017,-0.2700609,-0.22160468
64099,-28.075064,13.346823,-29.903103,-0.1495514,0.6251249,9.646664,-0.01985312,-0.016340645,0.030390546,-0.16808021,-0.04247942,-0.9848576,0.9382144,0.046766255,-0.26184475,-0.22136837
64207,-27.790878,13.139978,-29.789,-0.14057833,0.60837513,9.626924,-0.02397646,-0.01771509,0.02733622,-0.15278757,-0.044000965,-0.987279,0.9390216,0.04601368,-0.2591068,-0.2213252
64312,-27.790878,13.139978,-29.789,-0.14057833,0.60837513,9.626924,-0.02397646,-0.01771509,0.02733622,-0.15278757,-0.044000965,-0.987279,0.9390216,0.04601368,-0.2591068,-0.2213252
64419,-26.917027,12.523109,-29.446867,-0.15074782,0.60000026,9.610772,-0.023365596,-0.018478675,0.027030788,-0.16646433,-0.03234602,-0.9855168,0.9414446,0.043790087,-0.2507147,-0.22114864
64526,-26.917027,12.523109,-29.446867,-0.15074782,0.60000026,9.610772,-0.023365596,-0.018478675,0.027030788,-0.16646433,-0.03234602,-0.9855168,0.9414446,0.043790087,-0.2507147,-0.22114864
64632,-26.917027,12.523109,-29.446867,-0.15074782,0.60000026,9.610772,-0.023365596,-0.018478675,0.027030788,-0.16646433,-0.03234602,-0.9855168,0.9414446,0.043790087,-0.2507147,-0.22114864
64739,-22.441751,9.715373,-27.895042,-0.15014961,0.619741,9.613165,-0.025503622,-0.01695151,0.027794369,-0.16175327,-0.0393837,-0.986045,0.9525173,0.03387884,-0.20819701,-0.21958394
64846,-22.133144,9.543148,-27.805368,-0.15314065,0.62452674,9.620941,-0.022602012,-0.019394971,0.02657264,-0.15463158,-0.04049083,-0.98714215,0.95318955,0.03328459,-0.20529567,-0.21948908
64952,-21.198927,9.028628,-27.526901,-0.15314065,0.61854464,9.615558,-0.021838432,-0.01771509,0.030085113,-0.1651445,-0.039072372,-0.98549515,0.9551959,0.03151709,-0.19651246,-0.21906689
65059,-20.881626,8.852491,-27.434778,-0.15672988,0.6095715,9.624531,-0.02565634,-0.01695151,0.0290161,-0.1546291,-0.039617073,-0.98717797,0.9558591,0.030888088,-0.19352365,-0.21892431
65166,-20.565172,8.686375,-27.344053,-0.15553346,0.6095715,9.616156,-0.025961772,-0.019089539,0.02977968,-0.17137215,-0.058514513,-0.98346716,0.95650876,0.030332157,-0.19055957,-0.21876469
65272,-18.30026,7.562148,-26.73204,-0.11784651,0.62213385,9.501899,-0.022602012,-0.020158552,0.030695977,-0.16689317,-0.048423976,-0.98478514,0.9608663,0.026660439,-0.16942818,-0.21752998
65379,-18.30026,7.562148,-26.73204,-0.11784651,0.62213385,9.501899,-0.022602012,-0.020158552,0.030695977,-0.16689317,-0.048423976,-0.98478514,0.9608663,0.026660439,-0.16942818,-0.21752998
65486,-15.630427,6.4118114,-26.102886,-0.15194423,0.6490531,9.645468,-0.02657264,-0.015118915,0.026267204,-0.16190809,-0.056914162,-0.9851632,0.9653263,0.02331431,-0.14477056,-0.21597007
65592,-14.95529,6.132566,-25.952986,-0.14835499,0.6239284,9.622736,-0.02275473,-0.01863139,0.029932396,-0.16744657,-0.045044243,-0.9848516,0.9663551,0.02250074,-0.1385437,-0.21553935
65699,-13.602857,5.527735,-25.64261,-0.14057833,0.61196434,9.6275215,-0.025350908,-0.015882496,0.0290161,-0.15804969,-0.042005416,-0.9865373,0.9683459,0.020436654,-0.12596682,-0.21452485
65806,-12.913418,5.2633276,-25.500103,-0.15912269,0.61854464,9.589834,-0.02565634,-0.018325957,0.0290161,-0.1592057,-0.04895503,-0.9860309,0.96927303,0.019706935,-0.11963305,-0.21403122
65913,-12.226401,5.020739,-25.363564,-0.15613168,0.61495537,9.64128,-0.020922136,-0.019394971,0.029168814,-0.16323832,-0.045656927,-0.98552966,0.97014964,0.019132026,-0.11335652,-0.21352747
66019,-11.160716,4.686893,-25.165209,-0.1495514,0.61016977,9.647861,-0.027183503,-0.014202617,0.030085113,-0.1621286,-0.055565488,-0.9852039,0.9714114,0.018552188,-0.103692316,-0.21275252
66126,-10.108186,4.342329,-24.962576,-0.16809578,0.6269195,9.617352,-0.024892759,-0.014813482,0.03176499,-0.14994049,-0.056876227,-0.98705775,0.9725936,0.017819984,-0.094108336,-0.21186729
66232,-8.690269,3.9372067,-24.716928,-0.019740786,0.61555356,9.618548,-0.024892759,-0.018936822,0.02947425,-0.17150049,-0.05136106,-0.9838443,0.97400224,0.01725335,-0.08129602,-0.2107438
66339,-7.257099,3.7142677,-24.508461,-0.17766707,0.61136615,9.623933,-0.022602012,-0.018020526,0.031001411,-0.16484687,-0.05418245,-0.98482984,0.9751795,0.018179778,-0.06867802,-0.20970881
66446,-6.2064424,3.7876787,-24.393467,-0.15553346,0.6029913,9.649655,-0.020005837,-0.017867807,0.028405234,-0.15884365,-0.05731469,-0.98563874,0.9758395,0.020823598,-0.059855834,-0.20909539
66552,-6.2064424,3.7876787,-24.393467,-0.15553346,0.6029913,9.649655,-0.020005837,-0.017867807,0.028405234,-0.15884365,-0.05731469,-0.98563874,0.9758395,0.020823598,-0.059855834,-0.20909539
66659,-6.3834586,3.871051,-24.682318,-0.13579269,0.5946164,9.586246,-0.025350908,-0.01863139,0.027794369,-0.16816257,-0.051526602,-0.98441166,0.9752224,0.021049969,-0.06156735,-0.21144186
66766,-6.3834586,3.871051,-24.682318,-0.13579269,0.5946164,9.586246,-0.025350908,-0.01863139,0.027794369,-0.16816257,-0.051526602,-0.98441166,0.9752224,0.021049969,-0.06156735,-0.21144186
66872,-6.3372474,4.080702,-25.005737,-0.17407784,0.62153566,9.632307,-0.020463986,-0.0206167,0.028252516,-0.15687576,-0.06090661,-0.9857385,0.9746006,0.022747092,-0.06162561,-0.21409918
66979,-5.8277664,4.2787714,-25.004238,-0.13938192,0.6125626,9.628119,-0.021838432,-0.015882496,0.026267204,-0.15664767,-0.060485713,-0.9858007,0.9747569,0.025401484,-0.057665676,-0.21419244
67086,-5.761734,4.1906257,-24.98742,-0.15314065,0.61914283,9.597611,-0.025350908,-0.017562376,0.032223143,-0.15775785,-0.059720952,-0.98567027,0.97483146,0.024785575,-0.05693601,-0.21412049
67192,-6.0831146,3.7802367,-25.082933,-0.17886348,0.60777694,9.608977,-0.027641652,-0.019700404,0.030390546,-0.16045879,-0.044664856,-0.9860315,0.9746137,0.020634891,-0.058918014,-0.21501394
67299,-6.0583267,3.8450367,-25.179674,-0.13878371,0.46360937,9.629316,-0.021533,-0.02031127,0.027183503,-0.16064355,-0.054799724,-0.98549,0.9744296,0.021183603,-0.05884684,-0.21581286
67406,-6.206588,4.167303,-25.237598,-0.1471586,0.6227321,9.640682,-0.02443461,-0.018325957,0.03191771,-0.16676295,-0.05206434,-0.98462147,0.97419983,0.023609335,-0.060725003,-0.21607807
67512,-5.92604,4.0447764,-25.20651,-0.1489532,0.6143572,9.615558,-0.019242255,-0.017562376,0.031001411,-0.15080704,-0.05149683,-0.987221,0.9743906,0.023121653,-0.05810439,-0.21599102
67619,-5.8313313,4.133401,-25.248924,-0.15254244,0.61076796,9.647263,-0.02687807,-0.01328632,0.02855795,-0.14966907,-0.05602167,-0.9871478,0.9743273,0.024035443,-0.05747566,-0.21634494
67726,-5.7508802,3.6975164,-25.211586,-0.1274178,0.46660042,9.620941,-0.025045475,-0.016646078,0.028252516,-0.15375763,-0.05046938,-0.98681885,0.97451186,0.020501642,-0.055962022,-0.2162743
67832,-5.7508802,3.6975164,-25.211586,-0.1274178,0.46660042,9.620941,-0.025045475,-0.016646078,0.028252516,-0.15375763,-0.05046938,-0.98681885,0.97451186,0.020501642,-0.055962022,-0.2162743
67939,-5.7508802,3.6975164,-25.211586,-0.1274178,0.46660042,9.620941,-0.025045475,-0.016646078,0.028252516,-0.15375763,-0.05046938,-0.98681885,0.97451186,0.020501642,-0.055962022,-0.2162743
68046,-5.5074983,3.8093448,-25.232265,-0.14177473,0.61675,9.646664,-0.023365596,-0.015882496,0.030848695,-0.14737305,-0.042322274,-0.9881751,0.9745387,0.021908972,-0.054108694,-0.21648702
68152,-5.5074983,3.8093448,-25.232265,-0.14177473,0.61675,9.646664,-0.023365596,-0.015882496,0.030848695,-0.14737305,-0.042322274,-0.9881751,0.9745387,0.021908972,-0.054108694,-0.21648702
68259,-5.5074983,3.8093448,-25.232265,-0.14177473,0.61675,9.646664,-0.023365596,-0.015882496,0.030848695,-0.14737305,-0.042322274,-0.9881751,0.9745387,0.021908972,-0.054108694,-0.21648702
68366,-5.5074983,3.8093448,-25.232265,-0.14177473,0.61675,9.646664,-0.023365596,-0.015882496,0.030848695,-0.14737305,-0.042322274,-0.9881751,0.9745387,0.021908972,-0.054108694,-0.21648702
68472,-5.623783,3.8961906,-25.815933,-0.15732808,0.6251249,9.607781,-0.028863383,-0.019394971,0.025045475,-0.14732139,-0.045950074,-0.9880208,0.9733664,0.022142895,-0.055374425,-0.22136222
68579,-5.8889647,3.7908666,-25.953615,-0.14177473,0.62632126,9.663414,-0.021685716,-0.016798794,0.026725354,-0.15314156,-0.046168715,-0.98712516,0.9730236,0.02065947,-0.057446536,-0.22248182
68686,-5.647214,4.126135,-26.05468,-0.12622139,0.62572306,9.647263,-0.023365596,-0.020158552,0.029932396,-0.1515301,-0.053756025,-0.98698986,0.9728488,0.023933338,-0.056067348,-0.22326863
68792,-5.647214,4.126135,-26.05468,-0.12622139,0.62572306,9.647263,-0.023365596,-0.020158552,0.029932396,-0.1515301,-0.053756025,-0.98698986,0.9728488,0.023933338,-0.056067348,-0.22326863
68899,-5.647214,4.126135,-26.05468,-0.12622139,0.62572306,9.647263,-0.023365596,-0.020158552,0.029932396,-0.1515301,-0.053756025,-0.98698986,0.9728488,0.023933338,-0.056067348,-0.22326863
69006,-6.007118,4.019203,-26.417633,-0.14476576,0.5982056,9.628119,-0.02107485,-0.014966198,0.0290161,-0.15801013,-0.050589845,-0.98614067,0.9720283,0.022126721,-0.058982182,-0.22625762
69112,-5.959788,4.101685,-26.446344,-0.13100703,0.60717875,9.6687975,-0.020922136,-0.019242255,0.02947425,-0.153457,-0.05167153,-0.9868034,0.971973,0.022906594,-0.05874964,-0.22647792
69219,-6.0549645,3.9607704,-26.436049,-0.15134603,0.6131607,9.634102,-0.02351831,-0.022143863,0.03145956,-0.16030441,-0.048109114,-0.9858945,0.971985,0.021525579,-0.059275772,-0.22642483
69326,-6.0919337,4.047166,-26.675625,-0.13280165,0.6095715,9.609575,-0.021838432,-0.019089539,0.02977968,-0.16345899,-0.052412882,-0.9851569,0.97147906,0.022059198,-0.05980601,-0.22839665
69433,-6.032514,4.33443,-26.821165,-0.1477568,0.6251249,9.628718,-0.021533,-0.02076942,0.027947085,-0.1586837,-0.05443298,-0.98582786,0.9711522,0.024538795,-0.059906356,-0.22950502
69539,-5.6834626,4.2039003,-26.779541,-0.12562318,0.58983076,9.643075,-0.02611449,-0.019089539,0.029321533,-0.14702344,-0.060576256,-0.9872764,0.9713883,0.024163758,-0.056680307,-0.22936489
69646,-5.9014688,4.18567,-27.018217,-0.14835499,0.61495537,9.651449,-0.021685716,-0.017562376,0.02855795,-0.1587365,-0.05271968,-0.98591244,0.9708351,0.023444226,-0.058539115,-0.23130675
69753,-5.9014688,4.18567,-27.018217,-0.14835499,0.61495537,9.651449,-0.021685716,-0.017562376,0.02855795,-0.1587365,-0.05271968,-0.98591244,0.9708351,0.023444226,-0.058539115,-0.23130675
69859,-5.943523,4.209511,-27.261694,-0.1274178,0.6053841,9.583255,-0.022296581,-0.015882496,0.031306844,-0.15936133,-0.052336358,-0.9858321,0.9703213,0.023434682,-0.058993123,-0.23333925
69966,-5.593693,4.0620637,-27.626371,-0.18005991,0.6203393,9.657433,-0.027794369,-0.019700404,0.029932396,-0.15740664,-0.045327682,-0.98649305,0.9697262,0.022732029,-0.0558055,-0.2366434
70072,-5.593693,4.0620637,-27.626371,-0.18005991,0.6203393,9.657433,-0.027794369,-0.019700404,0.029932396,-0.15740664,-0.045327682,-0.98649305,0.9697262,0.022732029,-0.0558055,-0.2366434
70179,-5.593693,4.0620637,-27.626371,-0.18005991,0.6203393,9.657433,-0.027794369,-0.019700404,0.029932396,-0.15740664,-0.045327682,-0.98649305,0.9697262,0.022732029,-0.0558055,-0.2366434
70286,-6.098031,3.8408127,-27.795681,-0.1375873,0.634098,9.639485,-0.028252516,-0.017104227,0.028405234,-0.15863569,-0.036380578,-0.9866667,0.96923506,0.0197154,-0.059641827,-0.23798645
70392,-5.5281096,3.9029853,-28.059458,-0.18005991,0.6065805,9.620941,-0.022602012,-0.014966198,0.027030788,-0.14744118,-0.04462049,-0.9880638,0.96887743,0.02131541,-0.055003315,-0.24040966
70499,-5.6607113,4.117816,-28.228073,-0.14117654,0.60717875,9.609575,-0.02076942,-0.019547688,0.030085113,-0.15657131,-0.051992457,-0.98629725,0.96843654,0.022766525,-0.056607585,-0.24167742
70606,-5.6607113,4.117816,-28.228073,-0.14117654,0.60717875,9.609575,-0.02076942,-0.019547688,0.030085113,-0.15657131,-0.051992457,-0.98629725,0.96843654,0.022766525,-0.056607585,-0.24167742
70712,-5.9779663,3.815604,-28.26183,-0.14476576,0.6023931,9.669994,-0.01817324,-0.01572978,0.028099801,-0.15738617,-0.035629794,-0.9868942,0.96830815,0.019516699,-0.058654673,-0.2419876
70819,-5.9779663,3.815604,-28.26183,-0.14476576,0.6023931,9.669994,-0.01817324,-0.01572978,0.028099801,-0.15738617,-0.035629794,-0.9868942,0.96830815,0.019516699,-0.058654673,-0.2419876
70926,-5.5971303,4.1241364,-28.453121,-0.15493526,0.61196434,9.643673,-0.022602012,-0.016493361,0.02947425,-0.15692635,-0.05014628,-0.9863364,0.96798027,0.022845753,-0.05612903,-0.24360177
71032,-5.5971303,4.1241364,-28.453121,-0.15493526,0.61196434,9.643673,-0.022602012,-0.016493361,0.02947425,-0.15692635,-0.05014628,-0.9863364,0.96798027,0.022845753,-0.05612903,-0.24360177
71139,-6.1771145,4.083187,-28.871744,-0.1489532,0.6173482,9.498309,-0.02367103,-0.017562376,0.027488936,-0.16499943,-0.043116234,-0.9853508,0.96688527,0.021026693,-0.061013427,-0.24691726
71246,-6.250836,3.7207081,-29.125631,-0.15672988,0.61495537,9.605388,-0.02397646,-0.016798794,0.0290161,-0.17087825,-0.030419005,-0.98482245,0.96636856,0.01767209,-0.060892873,-0.24922183
71352,-6.137499,3.816595,-29.282364,-0.1268196,0.5952146,9.605388,-0.024129178,-0.018936822,0.02565634,-0.16787495,-0.036606938,-0.9851284,0.9660551,0.01864834,-0.060172055,-0.2505376
71459,-6.321004,4.1133547,-29.36308,-0.13280165,0.62452674,9.635298,-0.02565634,-0.012370021,0.028863383,-0.16980004,-0.04488801,-0.9844557,0.9657574,0.02069921,-0.06238058,-0.25098374
71566,-6.321004,4.1133547,-29.36308,-0.13280165,0.62452674,9.635298,-0.02565634,-0.012370021,0.028863383,-0.16980004,-0.04488801,-0.9844557,0.9657574,0.02069921,-0.06238058,-0.25098374
71672,-6.321004,4.1133547,-29.36308,-0.13280165,0.62452674,9.635298,-0.02565634,-0.012370021,0.028863383,-0.16980004,-0.04488801,-0.9844557,0.9657574,0.02069921,-0.06238058,-0.25098374
71779,-6.05462,3.9999027,-29.984215,-0.15134603,0.6275177,9.600602,-0.025045475,-0.018936822,0.027030788,-0.16382238,-0.04119526,-0.9856293,0.96450263,0.020010319,-0.059998423,-0.2563873
71886,-6.3404818,3.7058609,-30.329325,-0.14416756,0.6029913,9.653245,-0.024281893,-0.01572978,0.030390546,-0.16523513,-0.03248891,-0.98571897,0.9636648,0.01670106,-0.061794706,-0.25933114
71992,-6.2040095,3.3606222,-30.469141,-0.14536397,0.63649076,9.672387,-0.02641992,-0.017256944,0.025809057,-0.16624217,-0.01797782,-0.9859211,0.96344703,0.014037414,-0.059883535,-0.26074255
72099,-6.2565904,3.8998587,-30.648657,-0.0077766734,0.6125626,9.629914,-0.01863139,-0.016035212,0.03023783,-0.16658215,-0.032951392,-0.98547685,0.9629412,0.01835337,-0.06158027,-0.2619451
72206,-5.9036117,3.8140235,-30.633661,-0.16211373,0.631107,9.6275215,-0.021685716,-0.019547688,0.025350908,-0.15387005,-0.037306897,-0.9873865,0.9631194,0.018457435,-0.05841809,-0.262007
72312,-6.174761,4.059768,-30.799026,-0.15493526,0.5916254,9.660423,-0.02321288,-0.015118915,0.029168814,-0.16918665,-0.048468046,-0.98439157,0.9626008,0.019806355,-0.061284892,-0.26315686
72419,-6.040105,3.9017706,-31.081947,-0.14536397,0.62093747,9.601798,-0.027488936,-0.01740966,0.029168814,-0.16733,-0.0337048,-0.9853246,0.9620239,0.01864491,-0.05983814,-0.26567224
72526,-5.905309,3.8925235,-31.347095,-0.15134603,0.61375904,9.633504,-0.0206167,-0.016798794,0.02855795,-0.15611474,-0.038609926,-0.986984,0.9614563,0.018747998,-0.05872968,-0.2679573
72632,-5.905309,3.8925235,-31.347095,-0.15134603,0.61375904,9.633504,-0.0206167,-0.016798794,0.02855795,-0.15611474,-0.038609926,-0.986984,0.9614563,0.018747998,-0.05872968,-0.2679573
72739,-5.916079,3.8990905,-31.512703,-0.16211373,0.60119665,9.570692,-0.021533,-0.014966198,0.02977968,-0.16377085,-0.038798008,-0.9857352,0.9610632,0.018692551,-0.05886238,-0.26933876
72846,-5.684102,4.266712,-31.833622,-0.14835499,0.619741,9.647861,-0.018936822,-0.023823744,0.03023783,-0.15791628,-0.051009636,-0.9861341,0.9603185,0.022166027,-0.05784501,-0.27193925
72952,-5.684102,4.266712,-31.833622,-0.14835499,0.619741,9.647861,-0.018936822,-0.023823744,0.03023783,-0.15791628,-0.051009636,-0.9861341,0.9603185,0.022166027,-0.05784501,-0.27193925
73059,-5.596316,4.312336,-32.25819,-0.13100703,0.6173482,9.609575,-0.020922136,-0.016798794,0.02855795,-0.15204096,-0.046837755,-0.9872638,0.95932376,0.022547267,-0.057302304,-0.27551046
73166,-5.9819126,4.057782,-32.65112,-0.15194423,0.61375904,9.653843,-0.02443461,-0.021380283,0.02947425,-0.16226856,-0.04255012,-0.9858288,0.9582912,0.019271815,-0.05998127,-0.27876315
73272,-6.174822,4.6116776,-32.95248,-0.1698904,0.62572306,9.634102,-0.024740042,-0.01740966,0.030085113,-0.16677569,-0.05199438,-0.984623,0.9573848,0.023262408,-0.063000396,-0.28089875
73379,-6.2927866,4.1466155,-33.064384,-0.14297114,0.6233303,9.600004,-0.023365596,-0.01817324,0.027947085,-0.16504937,-0.040239695,-0.9854641,0.95715326,0.01902208,-0.062862955,-0.28203544
73486,-6.338486,4.3730903,-33.400818,-0.15194423,0.6059823,9.585647,-0.022143863,-0.016035212,0.028099801,-0.16960527,-0.04619462,-0.9844288,0.9562654,0.020612288,-0.06386225,-0.28469858
73592,-6.0980215,4.282693,-33.60187,-0.15134603,0.6227321,9.602995,-0.025198191,-0.016187929,0.030848695,-0.16789787,-0.047416396,-0.98466337,0.9558665,0.02035554,-0.061669096,-0.2865341
73699,-6.5199747,4.2808514,-33.662823,-0.15014961,0.62093747,9.630512,-0.020922136,-0.019547688,0.024740042,-0.17805095,-0.039149504,-0.98324215,0.95556027,0.019236274,-0.06518981,-0.2868534
73806,-5.9786496,4.400438,-33.859806,-0.1585245,0.6089733,9.600004,-0.024740042,-0.015271631,0.025503622,-0.16717508,-0.04699019,-0.9848068,0.9552387,0.021502892,-0.061017517,-0.28867555
73912,-5.923297,4.7282276,-33.94587,-0.2889333,0.6406782,9.626325,-0.022907447,-0.0154243475,0.026725354,-0.17069012,-0.05862013,-0.98357946,0.9549745,0.024330502,-0.061400518,-0.28924343
74019,-5.8056064,4.3392262,-34.156326,-0.14057833,0.6203393,9.613165,-0.025198191,-0.019394971,0.027488936,-0.15582763,-0.052021306,-0.9864135,0.9545571,0.021280447,-0.059477728,-0.2912563
74126,-6.152362,4.5678105,-34.43251,-0.15194423,0.62452674,9.616156,-0.023060162,-0.021380283,0.030085113,-0.16977659,-0.05914575,-0.9837061,0.95369333,0.022139998,-0.06299664,-0.29327506
74232,-6.529532,4.6674066,-34.91857,-0.14656039,0.637089,9.616754,-0.025350908,-0.02351831,0.02641992,-0.18388297,-0.050227746,-0.981664,0.95228803,0.021708118,-0.066478536,-0.2970805
74339,-6.2903094,4.732834,-34.92646,-0.17587246,0.6233303,9.610772,-0.02733622,-0.020005837,0.028405234,-0.17671247,-0.05816759,-0.9825422,0.9523405,0.02287681,-0.06466454,-0.29722515
74446,-5.619163,4.3773055,-34.95931,-0.1495514,0.6053841,9.6347,-0.023365596,-0.018020526,0.02977968,-0.15536013,-0.05460784,-0.98634744,0.95254445,0.021670358,-0.05817648,-0.2980017
74552,-5.9707336,4.6202025,-35.100853,-0.16271193,0.58983076,9.647861,-0.023823744,-0.016340645,0.028863383,-0.16229862,-0.057933707,-0.98503953,0.9520172,0.02268756,-0.061754454,-0.29888955
74659,-5.9932117,4.9618025,-35.165707,-0.14356935,0.60777694,9.585049,-0.021838432,-0.024587328,0.03176499,-0.16426155,-0.07040488,-0.9839011,0.95176893,0.025430439,-0.06284604,-0.29923165
74766,-6.6552367,5.0125904,-35.607643,-0.13459627,0.61016977,9.660423,-0.02855795,-0.019242255,0.028405234,-0.18025216,-0.06760958,-0.9812941,0.95037055,0.023833854,-0.06856057,-0.30253458
74872,-5.988192,4.9240675,-35.79106,-0.16211373,0.6047859,9.612567,-0.022296581,-0.014660766,0.025045475,-0.1705517,-0.06787773,-0.983008,0.9501316,0.024787739,-0.06284208,-0.3044444
74979,-5.8136983,4.215374,-36.054058,-0.15134603,0.6143572,9.645468,-0.028710665,-0.019089539,0.02641992,-0.16069458,-0.047726844,-0.98584956,0.9496218,0.019244282,-0.05955708,-0.3070848
75086,-6.0197134,4.5236583,-36.089,-0.1495514,0.62153566,9.662217,-0.02321288,-0.017562376,0.027488936,-0.16841407,-0.062889546,-0.9837081,0.94940674,0.02122136,-0.06209431,-0.30711693
75192,-6.0197134,4.5236583,-36.089,-0.1495514,0.62153566,9.662217,-0.02321288,-0.017562376,0.027488936,-0.16841407,-0.062889546,-0.9837081,0.94940674,0.02122136,-0.06209431,-0.30711693
75299,-6.0197134,4.5236583,-36.089,-0.1495514,0.62153566,9.662217,-0.02321288,-0.017562376,0.027488936,-0.16841407,-0.062889546,-0.9837081,0.94940674,0.02122136,-0.06209431,-0.30711693
75406,-6.0197134,4.5236583,-36.089,-0.1495514,0.62153566,9.662217,-0.02321288,-0.017562376,0.027488936,-0.16841407,-0.062889546,-0.9837081,0.94940674,0.02122136,-0.06209431,-0.30711693
75513,-6.0197134,4.5236583,-36.089,-0.1495514,0.62153566,9.662217,-0.02321288,-0.017562376,0.027488936,-0.16841407,-0.062889546,-0.9837081,0.94940674,0.02122136,-0.06209431,-0.30711693
75619,-6.0641246,4.45391,-36.60445,-0.124426775,0.6203393,9.616156,-0.02565634,-0.016340645,0.027947085,-0.16734925,-0.054306496,-0.98440087,0.9480136,0.020242605,-0.06236651,-0.3114015
75726,-6.0641246,4.45391,-36.60445,-0.124426775,0.6203393,9.616156,-0.02565634,-0.016340645,0.027947085,-0.16734925,-0.054306496,-0.98440087,0.9480136,0.020242605,-0.06236651,-0.3114015
75832,-6.0641246,4.45391,-36.60445,-0.124426775,0.6203393,9.616156,-0.02565634,-0.016340645,0.027947085,-0.16734925,-0.054306496,-0.98440087,0.9480136,0.020242605,-0.06236651,-0.3114015
75939,-6.116521,4.502525,-37.300068,-0.16450654,0.6059823,9.64487,-0.024740042,-0.0206167,0.028863383,-0.16981179,-0.04527627,-0.9844359,0.94608,0.020118218,-0.06305477,-0.3170992
76046,-6.116521,4.502525,-37.300068,-0.16450654,0.6059823,9.64487,-0.024740042,-0.0206167,0.028863383,-0.16981179,-0.04527627,-0.9844359,0.94608,0.020118218,-0.06305477,-0.3170992
76152,-5.9290633,4.645948,-38.360905,-0.15014961,0.6023931,9.598209,-0.023060162,-0.014049901,0.02947425,-0.16038518,-0.052981623,-0.9856315,0.9431381,0.021253573,-0.062105574,-0.32585526
76259,-5.9290633,4.645948,-38.360905,-0.15014961,0.6023931,9.598209,-0.023060162,-0.014049901,0.02947425,-0.16038518,-0.052981623,-0.9856315,0.9431381,0.021253573,-0.062105574,-0.32585526
76366,-5.422229,4.566524,-38.915634,-0.16510475,0.6173482,9.687342,-0.023823744,-0.01695151,0.030543262,-0.15388693,-0.056226168,-0.98648745,0.9417116,0.021778675,-0.057819676,-0.33069894
76472,-5.208781,4.298446,-39.216713,-0.16151553,0.6065805,9.649057,-0.021838432,-0.012980886,0.031306844,-0.14999704,-0.04756318,-0.98754174,0.9409454,0.020052642,-0.055346653,-0.33340126
76579,-5.552594,4.4800987,-39.257923,-0.12921242,0.5928218,9.6347,-0.02641992,-0.015577063,0.027794369,-0.15489711,-0.05446612,-0.9864281,0.9406993,0.020512922,-0.0587017,-0.33349386
76686,-5.5776258,4.2066708,-39.79474,-0.16331014,0.62871414,9.616754,-0.02107485,-0.023823744,0.030543262,-0.15491784,-0.045558784,-0.9868763,0.93916506,0.017922223,-0.058195613,-0.33802518
76792,-5.5717616,4.155059,-40.029217,-0.1495514,0.6023931,9.632307,-0.0206167,-0.015882496,0.030848695,-0.15694709,-0.041532077,-0.9867333,0.9384811,0.017397983,-0.05803108,-0.33997494
76899,-5.72054,4.396253,-40.529106,-0.12083753,0.59042895,9.610173,-0.021991149,-0.016035212,0.03344487,-0.15354326,-0.04941282,-0.9869057,0.9369082,0.018665705,-0.060045242,-0.34387386
77006,-5.721011,4.674856,-40.71439,-0.14596218,0.62213385,9.646066,-0.02565634,-0.022449298,0.028405234,-0.15916964,-0.048833042,-0.9860428,0.9363029,0.020843623,-0.06091874,-0.34524098
77112,-5.665402,4.2332683,-41.20093,-0.15134603,0.61675,9.634102,-0.023060162,-0.015882496,0.02947425,-0.15751205,-0.040261287,-0.986696,0.9349172,0.017153451,-0.059207454,-0.34947103
77219,-5.583585,4.5516114,-41.704353,-0.17826527,0.61076796,9.620343,-0.020922136,-0.015271631,0.029321533,-0.15906557,-0.043458436,-0.9863111,0.933345,0.01974103,-0.059598867,-0.35344777
77326,-5.6513615,4.5202622,-42.07397,-0.124426775,0.61794645,9.641878,-0.02321288,-0.01771509,0.03191771,-0.16020256,-0.04916498,-0.985859,0.9321868,0.019080697,-0.06011525,-0.3564406
77432,-5.9348526,4.4729495,-42.3606,-0.15433705,0.6275177,9.621539,-0.022449298,-0.01985312,0.030695977,-0.160134,-0.04047967,-0.98626494,0.9312184,0.017649192,-0.062315,-0.35866097
77539,-5.9348526,4.4729495,-42.3606,-0.15433705,0.6275177,9.621539,-0.022449298,-0.01985312,0.030695977,-0.160134,-0.04047967,-0.98626494,0.9312184,0.017649192,-0.062315,-0.35866097
77646,-5.508372,4.3229885,-42.67295,-0.16331014,0.63170516,9.669994,-0.021838432,-0.020922136,0.02733622,-0.16250965,-0.042355042,-0.98579746,0.93038124,0.017619904,-0.058432814,-0.36147735
77752,-5.508372,4.3229885,-42.67295,-0.16331014,0.63170516,9.669994,-0.021838432,-0.020922136,0.02733622,-0.16250965,-0.042355042,-0.98579746,0.93038124,0.017619904,-0.058432814,-0.36147735
77860,-5.593044,4.770182,-42.802277,-0.13698909,0.62213385,9.622736,-0.02367103,-0.0206167,0.030543262,-0.16103028,-0.061061025,-0.9850588,0.9298751,0.020912563,-0.06055298,-0.3622546
77966,-5.570749,4.5411334,-43.00776,-0.16151553,0.61016977,9.635897,-0.02321288,-0.018784106,0.028710665,-0.15243231,-0.052318156,-0.98692816,0.9292697,0.01901808,-0.059682325,-0.36405244
78072,-5.570749,4.5411334,-43.00776,-0.16151553,0.61016977,9.635897,-0.02321288,-0.018784106,0.028710665,-0.15243231,-0.052318156,-0.98692816,0.9292697,0.01901808,-0.059682325,-0.36405244
78179,-5.570749,4.5411334,-43.00776,-0.16151553,0.61016977,9.635897,-0.02321288,-0.018784106,0.028710665,-0.15243231,-0.052318156,-0.98692816,0.9292697,0.01901808,-0.059682325,-0.36405244
78286,-5.570749,4.5411334,-43.00776,-0.16151553,0.61016977,9.635897,-0.02321288,-0.018784106,0.028710665,-0.15243231,-0.052318156,-0.98692816,0.9292697,0.01901808,-0.059682325,-0.36405244
78392,-5.5157404,4.5636554,-43.791977,-0.1489532,0.59341997,9.649655,-0.020005837,-0.01740966,0.024281893,-0.15700579,-0.05373819,-0.9861346,0.92676723,0.018970862,-0.059439685,-0.370418
78499,-4.884287,4.9095535,-44.05634,-0.1495514,0.76331043,9.6687975,-0.022907447,-0.015118915,0.027183503,-0.13607347,-0.05942461,-0.9889149,0.92599225,0.023701156,-0.05551335,-0.37268606
78606,-5.3458166,4.8589015,-44.141975,-0.16749758,0.62153566,9.618548,-0.024281893,-0.018936822,0.027030788,-0.15536126,-0.06578682,-0.9856647,0.9256215,0.021732887,-0.059088524,-0.37317696
78712,-5.375366,4.791492,-44.161785,-0.14536397,0.6203393,9.636495,-0.022602012,-0.015271631,0.029626964,-0.15415245,-0.058416825,-0.98631865,0.9255625,0.021080991,-0.059110943,-0.37335715
78819,-5.8830876,4.5437503,-44.293186,-0.16151553,0.6478567,9.622736,-0.02367103,-0.02443461,0.028863383,-0.16428639,-0.0344808,-0.98580986,0.9250418,0.017338112,-0.062417857,-0.37430078
78926,-5.5520473,4.5735846,-44.43243,-0.13339986,0.62153566,9.629316,-0.025198191,-0.01817324,0.027183503,-0.15519385,-0.050679624,-0.98658323,0.92467153,0.018598355,-0.059869837,-0.3755693
79033,-5.8782015,4.7459784,-44.496902,-0.12622139,0.6203393,9.622736,-0.03359759,-0.014049901,0.031154126,-0.1651809,-0.0516289,-0.984911,0.9243444,0.018874597,-0.0630726,-0.37583637
79139,-5.8782015,4.7459784,-44.496902,-0.12622139,0.6203393,9.622736,-0.03359759,-0.014049901,0.031154126,-0.1651809,-0.0516289,-0.984911,0.9243444,0.018874597,-0.0630726,-0.37583637
79246,-5.8782015,4.7459784,-44.496902,-0.12622139,0.6203393,9.622736,-0.03359759,-0.014049901,0.031154126,-0.1651809,-0.0516289,-0.984911,0.9243444,0.018874597,-0.0630726,-0.37583637
79352,-5.8431163,5.1607738,-45.322506,-0.15074782,0.5922236,9.596415,-0.027794369,-0.0206167,0.029626964,-0.16537964,-0.07076293,-0.98368806,0.9215491,0.021873929,-0.064309426,-0.38227364
79459,-5.2785783,4.639099,-45.335403,-0.19980069,0.57487565,9.652048,-0.021991149,-0.017867807,0.028710665,-0.1527595,-0.05272419,-0.986856,0.92173964,0.019575097,-0.058037296,-0.38294196
79566,-5.5968223,4.7143846,-45.56838,-0.15912269,0.6143572,9.622137,-0.02397646,-0.020922136,0.031001411,-0.1560707,-0.04631243,-0.9866596,0.920869,0.018983738,-0.060883135,-0.38462076
79673,-5.5968223,4.7143846,-45.56838,-0.15912269,0.6143572,9.622137,-0.02397646,-0.020922136,0.031001411,-0.1560707,-0.04631243,-0.9866596,0.920869,0.018983738,-0.060883135,-0.38462076
79779,-5.5006537,5.273345,-45.972733,-0.1471586,0.60418767,9.611968,-0.022296581,-0.017104227,0.027030788,-0.15713353,-0.068307474,-0.9852122,0.9194259,0.023582479,-0.06207083,-0.3876172
79886,-5.200881,5.06225,-46.255863,-0.1585245,0.6161518,9.684949,-0.021838432,-0.01817324,0.025045475,-0.14686643,-0.06567919,-0.9869734,0.91857386,0.02276742,-0.05901189,-0.39015555
79993,-5.6190853,5.0405736,-46.343506,-0.14835499,0.631107,9.670592,-0.022602012,-0.021838432,0.02733622,-0.15649568,-0.053963475,-0.9862034,0.91818434,0.021108555,-0.062300507,-0.3906541
80099,-5.6133676,4.418961,-46.93351,-0.1495514,0.5982056,9.615558,-0.029626964,-0.019089539,0.02641992,-0.15357414,-0.03713286,-0.98743916,0.91626155,0.015837345,-0.060217053,-0.39571184
80206,-5.547481,4.700533,-47.03658,-0.15613168,0.6089733,9.614959,-0.02657264,-0.0206167,0.024740042,-0.15290688,-0.044217944,-0.98725086,0.91587996,0.01826369,-0.060679767,-0.39641938
80312,-5.975754,4.738144,-47.258255,-0.13698909,0.61196434,9.651449,-0.022602012,-0.014202617,0.02947425,-0.16478513,-0.042296138,-0.9854222,0.91499525,0.016944688,-0.06425935,-0.39795387
80419,-6.291408,4.784467,-47.47868,-0.17467603,0.631107,9.64128,-0.02031127,-0.023823744,0.02657264,-0.17452416,-0.037961725,-0.9839208,0.91413265,0.01607861,-0.066966645,-0.39952278
80526,-6.1863036,4.769464,-47.819878,-0.12562318,0.62452674,9.603594,-0.026725354,-0.020005837,0.027947085,-0.1695219,-0.03849612,-0.9847743,0.91297126,0.016132388,-0.06612587,-0.40230665
80632,-5.370914,4.684231,-48.061745,-0.09332008,0.232702,9.632906,0.15485434,-0.019547688,0.02947425,-0.15001881,-0.05065505,-0.9873846,0.91234076,0.018219305,-0.059379872,-0.40469304
80739,-6.226641,4.7215343,-48.119923,-0.22492532,0.41874397,9.6275215,0.063988134,-0.1058324,0.081855945,-0.1773683,-0.044923972,-0.98311865,0.9119098,0.015433866,-0.066318974,-0.40470243
80846,-6.3051367,4.331708,-48.0238,-0.16151553,0.06819544,9.685548,0.01038471,-0.035277467,0.052381694,-0.1758998,-0.03301234,-0.98385435,0.91227275,0.012106624,-0.065555245,-0.40412176
80952,-6.3051367,4.331708,-48.0238,-0.16151553,0.06819544,9.685548,0.01038471,-0.035277467,0.052381694,-0.1758998,-0.03301234,-0.98385435,0.91227275,0.012106624,-0.065555245,-0.40412176
81059,-8.468438,-6.91095,-49.14532,0.50847477,1.8107685,11.102696,-2.789669,-0.4013385,-1.5635095,-0.17022114,-0.13304904,-0.9763825,0.90345293,-0.08531236,-0.04202908,-0.41800502
81166,-5.0920157,-26.054708,-43.072765,-0.5611169,5.7720866,9.999007,-2.758973,0.65286225,1.2487613,-0.18782948,-0.501841,-0.84431964,0.9016737,-0.22535884,0.04240999,-0.36660516
81272,5.4188886,-59.687347,-43.324932,-0.36370903,9.88475,5.9210396,-3.5530977,1.2389873,-1.1119275,-0.28333294,-0.85345805,-0.43741488,0.8139092,-0.44683707,0.22159725,-0.29796496
81379,3.5928872,-82.82144,-52.151478,0.029312076,11.827124,1.2526425,-2.777757,1.2953397,-2.1004603,-0.2246533,-0.9699514,-0.093408845,0.6824324,-0.58349895,0.3117223,-0.3108765
81486,-17.457613,-96.37504,-64.9355,3.1716862,8.291728,-2.0925233,-1.7076738,1.1270463,-2.087021,0.13695833,-0.97409976,0.17992237,0.4952513,-0.6758615,0.31011617,-0.44918302
81592,-38.2362,-113.45062,-67.25056,4.4937205,6.253642,-6.001797,-1.9932534,0.28313604,-2.8119655,0.3340985,-0.83105534,0.444663,0.28002352,-0.75726974,0.28780895,-0.5150683
81699,-51.15246,-127.3802,-54.19217,3.8919258,3.1698918,-4.694718,-0.9921979,-0.28130344,-4.187939,0.55002177,-0.68133605,0.4829671,0.17964712,-0.80698144,0.19794731,-0.5266163
81806,-59.993504,179.9721,-3.9902072,5.0339003,-0.8368896,-4.688736,-1.127199,-0.7667886,-4.677853,0.814859,-0.29816774,0.49709243,-0.017616067,-0.8655245,0.030272523,-0.4996405
81912,-54.073742,152.40642,19.827372,6.6251273,-4.8047876,-4.8652067,-1.7989981,-0.91965765,-3.4445164,0.89385647,0.055885017,0.44485667,-0.13324317,-0.8707621,-0.042139523,-0.47142753
82019,-30.721186,148.10219,-8.523299,6.3690953,-8.250452,2.7326033,0.0346666,-3.542713,2.645352,0.9429904,0.18762797,-0.27489063,-0.28315854,-0.91918755,0.14148448,-0.23430242
82126,-27.477196,156.0915,-18.99855,7.926225,-7.636095,5.9623156,1.4216361,-3.5947893,3.2548428,0.93522894,0.10136123,-0.33922374,-0.23679,-0.9291736,0.20535412,-0.19595043
82232,-36.16505,153.76974,-63.85691,5.555536,6.291927,3.37388,-1.5746579,1.8697058,3.0187435,0.64559674,-0.68693227,-0.33365992,-0.3429371,-0.7485002,0.5494003,-0.14248079
82339,-48.50693,153.16763,-83.42435,4.4614177,7.8993053,0.92243314,-4.835609,0.4728097,5.003444,0.44295335,-0.88760227,-0.12631108,-0.42378226,-0.5986179,0.66125214,-0.15751451
82446,-48.50693,153.16763,-83.42435,4.4614177,7.8993053,0.92243314,-4.835609,0.4728097,5.003444,0.44295335,-0.88760227,-0.12631108,-0.42378226,-0.5986179,0.66125214,-0.15751451
82552,-69.78652,165.31544,-108.973145,0.54675996,9.268001,-0.8518448,0.75411314,-0.1320996,0.1320996,0.009538074,-0.9946325,0.10303039,-0.52270836,-0.4130467,0.7046339,-0.24425298
82659,-71.09197,175.9302,-120.11826,0.025722843,9.869795,-0.48335013,-0.0096211275,0.12140947,0.61880654,-0.052394044,-0.995198,0.082678564,-0.5178711,-0.38795313,0.71491873,-0.26493993
82766,-71.55561,-175.44704,-128.58495,1.5164512,14.670395,0.19381861,0.25335634,0.3669773,0.7562512,-0.08672112,-0.99385697,0.06875916,-0.51238084,-0.3725662,0.72033834,-0.28244114
82873,-72.32464,-177.23079,-126.67525,0.4019942,9.524032,0.57966125,0.00015271631,-0.41187587,0.027030788,-0.08141342,-0.9941081,0.07156112,-0.5184219,-0.37491974,0.7148913,-0.28214234
82979,-71.90203,-179.54695,-124.21642,-0.30089745,9.573683,-0.5240281,-0.025045475,-0.0154243475,0.028405234,-0.07979945,-0.99542725,0.0525039,-0.5173911,-0.38074416,0.71438813,-0.27747068
83086,-71.73174,178.78525,-122.46566,-0.30388847,9.5868435,-0.54675996,-0.022907447,-0.013439035,0.027947085,-0.0811193,-0.9952363,0.054077633,-0.5176861,-0.38453558,0.7133235,-0.2744141
83192,-71.5588,177.52226,-121.14517,-0.29192436,9.57488,-0.53300124,-0.02397646,-0.02397646,0.02855795,-0.09297021,-0.99466914,0.044607315,-0.5177306,-0.38749254,0.7126481,-0.27191406
83299,-71.3723,176.06412,-119.62854,-0.2865405,9.564112,-0.529412,-0.022907447,-0.01572978,0.029932396,-0.08139796,-0.99627304,0.028536694,-0.5179702,-0.3908336,0.7117452,-0.26902565
83406,-71.067245,173.99564,-117.476585,-0.28414768,9.543175,-0.54376894,-0.025503622,-0.01863139,0.026725354,-0.08492604,-0.99501103,0.052350715,-0.51823264,-0.39570782,0.7104607,-0.2647562
83512,-70.938896,173.2865,-116.74827,-0.29132614,9.584451,-0.58683974,-0.028252516,-0.02397646,0.02855795,-0.08883667,-0.9935682,0.070216104,-0.5182511,-0.3973971,0.7101014,-0.26314878
83619,-70.938896,173.2865,-116.74827,-0.29132614,9.584451,-0.58683974,-0.028252516,-0.02397646,0.02855795,-0.08883667,-0.9935682,0.070216104,-0.5182511,-0.3973971,0.7101014,-0.26314878
83726,-70.229866,169.32066,-112.6162,-0.3098705,9.582058,-0.53718865,-0.022907447,-0.026725354,0.027641652,-0.09412212,-0.9934359,0.06500876,-0.5187511,-0.40725875,0.70734346,-0.25436753
83832,-70.01575,168.17104,-111.41905,-0.31525436,9.558728,-0.509073,-0.021838432,-0.012370021,0.028863383,-0.08299132,-0.9943445,0.06626838,-0.5190045,-0.41015965,0.7064143,-0.25175828
83939,-69.89376,167.53577,-110.760284,-0.3188436,9.57488,-0.52522457,-0.024281893,-0.014049901,0.031001411,-0.0833931,-0.9943221,0.06609943,-0.519161,-0.41176102,0.7058915,-0.25028375
84046,-69.331375,164.99792,-108.11298,-0.29252255,9.559326,-0.5461618,-0.01695151,-0.018936822,0.028863383,-0.082164414,-0.99321747,0.082268365,-0.5195723,-0.41854274,0.7037671,-0.2440869
84153,-69.03591,163.80753,-106.88551,-0.3098705,9.582058,-0.50548375,-0.02367103,-0.01817324,0.027794369,-0.0932087,-0.99282575,0.07489419,-0.5197608,-0.42176756,0.70278513,-0.24094377
84259,-68.70964,162.54675,-105.59279,-0.2961118,9.579067,-0.55513483,-0.02657264,-0.019089539,0.025961772,-0.08977512,-0.9935139,0.0697895,-0.5200046,-0.42520067,0.7017076,-0.23749967
84366,-68.224396,160.87242,-103.84111,-0.317049,9.570094,-0.51924247,-0.01863139,-0.025350908,0.027183503,-0.096932635,-0.99420196,0.046545606,-0.5201535,-0.43019345,0.7001281,-0.23279722
84472,-67.73068,159.24185,-102.16806,-0.31465617,9.61137,-0.51206404,-0.023365596,-0.016035212,0.027947085,-0.08796207,-0.9951542,0.043941036,-0.5204515,-0.4349616,0.69856185,-0.22792546
84579,-67.73068,159.24185,-102.16806,-0.31465617,9.61137,-0.51206404,-0.023365596,-0.016035212,0.027947085,-0.08796207,-0.9951542,0.043941036,-0.5204515,-0.4349616,0.69856185,-0.22792546
84686,-67.205376,157.61996,-100.50088,-0.3164508,9.558728,-0.49471605,-0.020922136,-0.018020526,0.030543262,-0.09093958,-0.9939224,0.062034007,-0.5207685,-0.4398813,0.69687027,-0.22288208
84792,-67.00561,157.09978,-99.97449,-0.31166515,9.568897,-0.4941179,-0.02443461,-0.027488936,0.027488936,-0.09023632,-0.99485165,0.046125636,-0.5207776,-0.441542,0.6963956,-0.22105335
84899,-66.079926,154.46968,-97.2919,-0.30329025,9.583255,-0.51206404,-0.023823744,-0.013744468,0.028405234,-0.08745502,-0.99481195,0.05196979,-0.52153194,-0.4497476,0.6932985,-0.2122938
85006,-65.69221,153.48932,-96.3056,-0.29850462,9.5766735,-0.50548375,-0.024281893,-0.01740966,0.028710665,-0.096307315,-0.9928206,0.07093742,-0.5217876,-0.45291534,0.6921309,-0.20871082
85112,-65.29219,152.54276,-95.351074,-0.2979064,9.579665,-0.56769717,-0.02107485,-0.018325957,0.02947425,-0.088328846,-0.9945313,0.05572747,-0.5219949,-0.45610392,0.6909576,-0.20510513
85219,-65.09916,152.06802,-94.87858,-0.32901308,9.570094,-0.5288138,-0.026725354,-0.017256944,0.027183503,-0.0927134,-0.9936927,0.06307949,-0.5221754,-0.45763403,0.6903408,-0.20330642
85326,-64.32373,150.3412,-93.1678,-0.2883351,9.592826,-0.5204389,-0.02641992,-0.026725354,0.030695977,-0.10793612,-0.99200594,0.06537603,-0.5226968,-0.46348277,0.6880725,-0.19628556
85432,-63.905357,149.55786,-92.381546,-0.3194418,9.594022,-0.5341976,-0.022907447,-0.027641652,0.032223143,-0.10399367,-0.99247944,0.0645742,-0.5227236,-0.46649885,0.68701345,-0.1927469
85539,-63.905357,149.55786,-92.381546,-0.3194418,9.594022,-0.5341976,-0.022907447,-0.027641652,0.032223143,-0.10399367,-0.99247944,0.0645742,-0.5227236,-0.46649885,0.68701345,-0.1927469
85646,-63.905357,149.55786,-92.381546,-0.3194418,9.594022,-0.5341976,-0.022907447,-0.027641652,0.032223143,-0.10399367,-0.99247944,0.0645742,-0.5227236,-0.46649885,0.68701345,-0.1927469
85753,-63.905357,149.55786,-92.381546,-0.3194418,9.594022,-0.5341976,-0.022907447,-0.027641652,0.032223143,-0.10399367,-0.99247944,0.0645742,-0.5227236,-0.46649885,0.68701345,-0.1927469
85859,-63.905357,149.55786,-92.381546,-0.3194418,9.594022,-0.5341976,-0.022907447,-0.027641652,0.032223143,-0.10399367,-0.99247944,0.0645742,-0.5227236,-0.46649885,0.68701345,-0.1927469
85966,-63.905357,149.55786,-92.381546,-0.3194418,9.594022,-0.5341976,-0.022907447,-0.027641652,0.032223143,-0.10399367,-0.99247944,0.0645742,-0.5227236,-0.46649885,0.68701345,-0.1927469
86072,-62.437656,146.64514,-89.54103,-0.28295127,9.573683,-0.5024927,-0.028405234,-0.013439035,0.02733622,-0.09305289,-0.99317145,0.07036804,-0.5239099,-0.47683507,0.6825513,-0.17963977
86179,-62.437656,146.64514,-89.54103,-0.28295127,9.573683,-0.5024927,-0.028405234,-0.013439035,0.02733622,-0.09305289,-0.99317145,0.07036804,-0.5239099,-0.47683507,0.6825513,-0.17963977
86286,-62.437656,146.64514,-89.54103,-0.28295127,9.573683,-0.5024927,-0.028405234,-0.013439035,0.02733622,-0.09305289,-0.99317145,0.07036804,-0.5239099,-0.47683507,0.6825513,-0.17963977
86392,-59.270496,141.54388,-84.54175,-0.3188436,9.552746,-0.55393845,-0.02031127,-0.016798794,0.028252516,-0.08011183,-0.9944464,0.068252474,-0.52586603,-0.49776253,0.67253625,-0.1529458
86499,-58.35248,140.22533,-83.29694,-0.32004002,9.572487,-0.50368917,-0.027030788,-0.020922136,0.0290161,-0.080910034,-0.9946631,0.06402258,-0.5265885,-0.50331557,0.6695549,-0.14516965
86606,-58.35248,140.22533,-83.29694,-0.32004002,9.572487,-0.50368917,-0.027030788,-0.020922136,0.0290161,-0.080910034,-0.9946631,0.06402258,-0.5265885,-0.50331557,0.6695549,-0.14516965
86712,-57.409203,138.95741,-82.10249,-0.30329025,9.555737,-0.53359944,-0.024587328,-0.010995574,0.026267204,-0.089261994,-0.99371004,0.06762131,-0.5272827,-0.5088984,0.66644406,-0.13728675
86819,-57.1557,138.63754,-81.795334,-0.31824538,9.570094,-0.54317075,-0.02031127,-0.016646078,0.029168814,-0.09001879,-0.9937155,0.06652885,-0.5274301,-0.51040894,0.6655934,-0.13522445
86926,-56.415695,137.68446,-80.91465,-0.30029923,9.589834,-0.57009,-0.024892759,-0.016798794,0.027488936,-0.0872499,-0.9949624,0.049369108,-0.5280502,-0.514623,0.66308457,-0.12901576
87032,-55.63262,136.80222,-80.094536,-0.30568308,9.595817,-0.549751,-0.021685716,-0.01450805,0.030390546,-0.084937096,-0.99343354,0.07665183,-0.5283914,-0.5189949,0.66060734,-0.122656815
87139,-55.63262,136.80222,-80.094536,-0.30568308,9.595817,-0.549751,-0.021685716,-0.01450805,0.030390546,-0.084937096,-0.99343354,0.07665183,-0.5283914,-0.5189949,0.66060734,-0.122656815
87246,-54.067158,135.02148,-78.535484,-0.3272185,9.548558,-0.5030909,-0.027183503,-0.01695151,0.02641992,-0.09635631,-0.99405706,0.050655514,-0.5295859,-0.5271232,0.65551275,-0.109466605
87352,-53.500866,134.41963,-78.019745,-0.29192436,9.58804,-0.5168497,-0.024740042,-0.023823744,0.028099801,-0.09245477,-0.9936837,0.06359867,-0.52997965,-0.5299579,0.65368265,-0.104714796
87459,-53.233696,134.10558,-77.74376,-0.30927232,9.582656,-0.555733,-0.02565634,-0.011759155,0.028863383,-0.08265751,-0.9949913,0.056214716,-0.5302946,-0.53133726,0.65266514,-0.10245274
87566,-52.423725,133.26714,-77.020164,-0.33738798,9.568897,-0.5180461,-0.022907447,-0.017562376,0.027030788,-0.09263557,-0.99382424,0.061089825,-0.53089803,-0.5353804,0.6498864,-0.09572199
87672,-51.58686,132.4608,-76.33895,-0.30568308,9.555737,-0.52642095,-0.02397646,-0.016798794,0.025961772,-0.07508583,-0.99516666,0.063288815,-0.5314032,-0.53942794,0.6471029,-0.08880326
87779,-51.006405,131.92177,-75.88691,-0.3194418,9.588638,-0.51924247,-0.022143863,-0.022602012,0.028099801,-0.074974895,-0.9951672,0.06341113,-0.53173244,-0.54219526,0.64515465,-0.084025964
87886,-50.75808,131.70325,-75.71179,-0.32123643,9.583255,-0.51505506,-0.02351831,-0.024740042,0.02611449,-0.087415084,-0.9952053,0.043874744,-0.5318431,-0.5433278,0.64437515,-0.08196607
87992,-49.621624,130.58926,-74.81503,-0.3332005,9.573085,-0.54376894,-0.025809057,-0.017562376,0.03176499,-0.074150845,-0.9959372,0.05109489,-0.53293085,-0.54847974,0.6402501,-0.07234983
88099,-49.084045,130.11713,-74.41683,-0.32542387,9.57787,-0.53240305,-0.019700404,-0.016493361,0.029932396,-0.07075464,-0.99615246,0.051711444,-0.533261,-0.5510034,0.63828284,-0.067992724
88206,-48.51466,129.59961,-73.98493,-0.32362923,9.614361,-0.51266223,-0.022449298,-0.016035212,0.027794369,-0.077728815,-0.99489623,0.06434095,-0.5337292,-0.5536351,0.63608986,-0.063332066
88312,-47.67234,128.82266,-73.37451,-0.30089745,9.563514,-0.55992043,-0.02031127,-0.011453724,0.028863383,-0.09264717,-0.9939487,0.05901225,-0.53456897,-0.5572849,0.6328548,-0.05625217
88419,-47.423725,128.60918,-73.20469,-0.28175485,9.57787,-0.5461618,-0.02275473,-0.0154243475,0.028099801,-0.085193925,-0.99415547,0.06630887,-0.53476167,-0.5583715,0.6319123,-0.054204386
88526,-46.553192,127.86073,-72.63007,-0.2859423,9.570094,-0.55453664,-0.025045475,-0.0154243475,0.02733622,-0.09304775,-0.9948269,0.040761705,-0.53550553,-0.5620355,0.6286065,-0.046944182
88632,-45.65052,127.11501,-72.0646,-0.29970104,9.57488,-0.5341976,-0.019700404,-0.014355333,0.030390546,-0.076867186,-0.99561363,0.053338263,-0.53622663,-0.5657674,0.6251492,-0.0394562
88739,-45.09605,126.68023,-71.73161,-0.31345975,9.591629,-0.50488555,-0.02076942,-0.018020526,0.02733622,-0.076885544,-0.99475724,0.067428485,-0.5366005,-0.5680685,0.62300754,-0.03492441
88846,-44.184963,125.97985,-71.25728,-0.29371896,9.536594,-0.5425725,-0.024587328,-0.021838432,0.030390546,-0.089786954,-0.9936431,0.06790935,-0.53722644,-0.5714855,0.6197183,-0.027226267
88952,-43.930424,125.78367,-71.12128,-0.32063824,9.55155,-0.52223355,-0.021533,-0.017104227,0.03023783,-0.097296216,-0.99350154,0.05906019,-0.53741544,-0.5724491,0.6187544,-0.025092157
89059,-42.993973,125.05432,-70.62858,-0.31465617,9.575478,-0.5635097,-0.027641652,-0.014049901,0.027794369,-0.092384934,-0.9937978,0.061895534,-0.53819776,-0.5758877,0.6151435,-0.01717671
89166,-42.672714,124.809586,-70.486465,-0.29312077,9.582656,-0.50488555,-0.030085113,-0.02351831,0.028405234,-0.082919836,-0.99522984,0.051398892,-0.53845894,-0.57693803,0.61400163,-0.014369182
89272,-41.413876,123.84739,-69.84014,-0.29371896,9.549156,-0.5282156,-0.02687807,-0.013591751,0.02733622,-0.08028238,-0.9955883,0.048565805,-0.5395653,-0.5814646,0.60889554,-0.003797014
89379,-40.484955,123.18245,-69.422195,-0.30747768,9.579067,-0.5180461,-0.022143863,-0.020922136,0.027183503,-0.08953873,-0.9929923,0.077130675,-0.540231,-0.5846485,0.6052442,0.0040152012
89486,-40.484955,123.18245,-69.422195,-0.30747768,9.579067,-0.5180461,-0.022143863,-0.020922136,0.027183503,-0.08953873,-0.9929923,0.077130675,-0.540231,-0.5846485,0.6052442,0.0040152012
89592,-39.861954,122.70239,-69.13187,-0.32303107,9.583255,-0.54735816,-0.01985312,-0.013744468,0.03176499,-0.088291384,-0.99485534,0.049673557,-0.54088527,-0.5866499,0.6026584,0.009373587
89699,-38.57165,121.8,-68.61202,-0.32183465,9.5970125,-0.5521438,-0.022907447,-0.01450805,0.02947425,-0.07597095,-0.99612963,0.044206575,-0.5418411,-0.5907347,0.59751755,0.0203359
89806,-37.9263,121.36575,-68.372444,-0.30029923,9.562317,-0.55812585,-0.02076942,-0.016493361,0.029321533,-0.08383846,-0.9950402,0.053536914,-0.5422624,-0.5927196,0.5949528,0.025807932
89912,-36.959686,120.68354,-68.00313,-0.29670998,9.572487,-0.50069815,-0.022907447,-0.015882496,0.026725354,-0.0882215,-0.99415195,0.062280986,-0.5431016,-0.59555584,0.5909242,0.03409487
90019,-36.296486,120.256325,-67.784256,-0.29371896,9.598209,-0.5485546,-0.023060162,-0.014660766,0.028252516,-0.078189395,-0.99612457,0.040277027,-0.5434816,-0.59748924,0.5882661,0.039716057
90126,-36.296486,120.256325,-67.784256,-0.29371896,9.598209,-0.5485546,-0.023060162,-0.014660766,0.028252516,-0.078189395,-0.99612457,0.040277027,-0.5434816,-0.59748924,0.5882661,0.039716057
90232,-35.03214,119.42836,-67.36506,-0.29312077,9.567103,-0.5419743,-0.02107485,-0.019394971,0.026725354,-0.09056873,-0.9943183,0.05593172,-0.5443294,-0.6010593,0.5829989,0.050453436
90339,-34.47153,119.06073,-67.19568,-0.3080759,9.563514,-0.5635097,-0.023823744,-0.014355333,0.0290161,-0.07118069,-0.99494624,0.07081883,-0.54472196,-0.6025297,0.58067226,0.05527791
90446,-33.147743,118.16838,-66.80878,-0.29670998,9.568897,-0.5383851,-0.028252516,-0.019089539,0.03023783,-0.07496496,-0.9965219,0.036392245,-0.54581636,-0.6057575,0.5750469,0.066809066
90552,-32.4981,117.738205,-66.63522,-0.31585258,9.563514,-0.53300124,-0.027641652,-0.021685716,0.026267204,-0.07414961,-0.99589586,0.05189654,-0.5463254,-0.60726416,0.5722807,0.07248186
90659,-31.836039,117.28246,-66.45124,-0.33080772,9.608977,-0.51505506,-0.025809057,-0.017867807,0.030543262,-0.083221994,-0.99596924,0.03345771,-0.5469548,-0.60873044,0.569348,0.07829818
90766,-30.87855,116.67402,-66.212814,-0.317049,9.562916,-0.5282156,-0.020005837,-0.016187929,0.028405234,-0.071012236,-0.9959963,0.05430157,-0.54760015,-0.61091655,0.56517494,0.08655828
90872,-30.208763,116.21707,-66.03825,-0.30927232,9.578468,-0.5425725,-0.02687807,-0.0154243475,0.029626964,-0.08711598,-0.9945513,0.057258453,-0.54823977,-0.61230713,0.5621118,0.09243072
90979,-29.871775,116.00745,-65.97154,-0.30388847,9.5970125,-0.5347958,-0.020463986,-0.021533,0.030390546,-0.09470605,-0.99375534,0.059000768,-0.5484406,-0.61299175,0.5606753,0.095379375
91086,-29.201672,115.57104,-65.78744,-0.31465617,9.589834,-0.5389833,-0.019394971,-0.017256944,0.024587328,-0.080065176,-0.995821,0.04393363,-0.5489962,-0.6144941,0.5574796,0.10107763
91192,-29.201672,115.57104,-65.78744,-0.31465617,9.589834,-0.5389833,-0.019394971,-0.017256944,0.024587328,-0.080065176,-0.995821,0.04393363,-0.5489962,-0.6144941,0.5574796,0.10107763
91299,-27.503128,114.45096,-65.463135,-0.2979064,9.564112,-0.535394,-0.025961772,-0.02321288,0.028405234,-0.07723731,-0.995211,0.0599117,-0.550395,-0.61744505,0.5498451,0.11617792
91406,-27.503128,114.45096,-65.463135,-0.2979064,9.564112,-0.535394,-0.025961772,-0.02321288,0.028405234,-0.07723731,-0.995211,0.0599117,-0.550395,-0.61744505,0.5498451,0.11617792
91512,-25.468443,113.10323,-65.08352,-0.2889333,9.58804,-0.5395815,-0.025350908,-0.015577063,0.02855795,-0.075220674,-0.9955694,0.056421578,-0.5521545,-0.62072814,0.54020864,0.1341516
91619,-24.810415,112.65837,-64.961784,-0.2979064,9.589236,-0.5455635,-0.023060162,-0.012980886,0.030695977,-0.090209894,-0.99370354,0.06644893,-0.5527841,-0.621699,0.5369635,0.13996539
91726,-24.810415,112.65837,-64.961784,-0.2979064,9.589236,-0.5455635,-0.023060162,-0.012980886,0.030695977,-0.090209894,-0.99370354,0.06644893,-0.5527841,-0.621699,0.5369635,0.13996539
91833,-23.783623,112.00345,-64.816,-0.30687952,9.585647,-0.5694918,-0.022296581,-0.01771509,0.03023783,-0.09329294,-0.9939722,0.057581995,-0.55350775,-0.62315613,0.53207004,0.14902045
91939,-23.466576,111.784035,-64.75156,-0.16031912,9.549156,-0.5270192,-0.019394971,-0.0125227375,0.027488936,-0.083788514,-0.9952818,0.04892483,-0.5538517,-0.62360334,0.53040236,0.15179084
92046,-21.500103,110.43742,-64.51311,-0.31525436,9.583255,-0.5491528,-0.022449298,-0.02076942,0.031001411,-0.080448546,-0.9950936,0.05759202,-0.5557049,-0.62559843,0.52064383,0.16955426
92152,-21.157366,110.20016,-64.48386,-0.28773692,9.559326,-0.51206404,-0.025350908,-0.0206167,0.028863383,-0.09280664,-0.9936877,0.06302116,-0.5560243,-0.6258604,0.518952,0.1726976
92259,-21.157366,110.20016,-64.48386,-0.28773692,9.559326,-0.51206404,-0.025350908,-0.0206167,0.028863383,-0.09280664,-0.9936877,0.06302116,-0.5560243,-0.6258604,0.518952,0.1726976
92366,-19.52068,109.04858,-64.28109,-0.30448666,9.597611,-0.5377869,-0.02031127,-0.01450805,0.029168814,-0.07946698,-0.99576557,0.04621653,-0.55774826,-0.62723476,0.51027614,0.18738131
92472,-18.584402,108.360985,-64.206085,-0.30209383,9.569495,-0.52283174,-0.02443461,-0.018020526,0.030848695,-0.08499187,-0.9953376,0.045600485,-0.55882436,-0.62764484,0.50532216,0.19602756
92579,-17.914999,107.85264,-64.180305,-0.2979064,9.580263,-0.5449653,-0.02321288,-0.01771509,0.028252516,-0.10184847,-0.9934966,0.050906055,-0.5596333,-0.6277117,0.5018274,0.2023803
92686,-17.22747,107.37717,-64.14835,-0.3062813,9.579665,-0.5210371,-0.022296581,-0.02031127,0.02947425,-0.08993375,-0.994425,0.055052582,-0.5602127,-0.62801415,0.49822584,0.20864084
92792,-17.22747,107.37717,-64.14835,-0.3062813,9.579665,-0.5210371,-0.022296581,-0.02031127,0.02947425,-0.08993375,-0.994425,0.055052582,-0.5602127,-0.62801415,0.49822584,0.20864084
92899,-15.613441,106.11867,-64.09239,-0.2973082,9.5868435,-0.50488555,-0.025350908,-0.025198191,0.028252516,-0.09320017,-0.99467295,0.044039097,-0.562293,-0.6278741,0.48935226,0.22390866
93006,-14.942563,105.59662,-64.06738,-0.31525436,9.5868435,-0.5485546,-0.02397646,-0.017104227,0.029321533,-0.092625976,-0.9944291,0.050311293,-0.5631443,-0.6277989,0.48554525,0.23017997
93112,-14.667787,105.379875,-64.072914,-0.32123643,9.585647,-0.54077786,-0.024129178,-0.020463986,0.031001411,-0.09772674,-0.9942129,0.0446104,-0.5634751,-0.6276821,0.48404783,0.2328278
93220,-13.713672,104.686646,-64.07015,-0.2865405,9.6071825,-0.5198407,-0.027183503,-0.014813482,0.030390546,-0.07566252,-0.995921,0.049157824,-0.5643305,-0.6276412,0.4787682,0.24161659
93326,-12.706051,103.90929,-64.06534,-0.30508488,9.571889,-0.53001016,-0.02611449,-0.016646078,0.027641652,-0.09940944,-0.9930073,0.06367338,-0.56546545,-0.627349,0.47295088,0.25099707
93432,-12.052465,103.36911,-64.09952,-0.30029923,9.577272,-0.50668013,-0.02397646,-0.020922136,0.028405234,-0.101066574,-0.99424803,0.035444967,-0.56630313,-0.62681025,0.46922505,0.2573665
93539,-12.052465,103.36911,-64.09952,-0.30029923,9.577272,-0.50668013,-0.02397646,-0.020922136,0.028405234,-0.101066574,-0.99424803,0.035444967,-0.56630313,-0.62681025,0.46922505,0.2573665
93646,-10.52617,102.145615,-64.16847,-0.30269206,9.577272,-0.49172503,-0.020005837,-0.02031127,0.027947085,-0.0782217,-0.9956935,0.049757946,-0.5680255,-0.6257347,0.46030885,0.2718802
93752,-9.506192,101.353516,-64.23678,-0.3080759,9.583853,-0.5533402,-0.02107485,-0.015577063,0.025045475,-0.084567785,-0.99472404,0.05807242,-0.5689433,-0.62501657,0.4543497,0.2814679
93859,-8.930018,100.83358,-64.2616,-0.33379874,9.561121,-0.56470615,-0.023365596,-0.011911872,0.025809057,-0.08880059,-0.995556,0.031348392,-0.5698756,-0.6242927,0.45066395,0.2870583
93966,-8.930018,100.83358,-64.2616,-0.33379874,9.561121,-0.56470615,-0.023365596,-0.011911872,0.025809057,-0.08880059,-0.995556,0.031348392,-0.5698756,-0.6242927,0.45066395,0.2870583
94072,-7.210027,99.55782,-64.45182,-0.29850462,9.561121,-0.53001016,-0.022907447,-0.016798794,0.027183503,-0.08484434,-0.9957131,0.036835566,-0.57078534,-0.62300396,0.44071653,0.30304962
94179,-6.852825,99.29662,-64.49255,-0.31525436,9.597611,-0.54675996,-0.026725354,-0.019089539,0.02855795,-0.0785629,-0.9947174,0.066069126,-0.5709354,-0.6227429,0.43861952,0.3063282
94286,-6.222451,98.7245,-64.60495,-0.31525436,9.556933,-0.55453664,-0.02321288,-0.024129178,0.028710665,-0.08762819,-0.99470305,0.053732388,-0.5716801,-0.62156826,0.43479633,0.31270894
94393,-5.2951975,97.91005,-64.77814,-0.33379874,9.564112,-0.5778666,-0.02565634,-0.01985312,0.028710665,-0.09725025,-0.9939357,0.05132504,-0.5725659,-0.6199365,0.42917857,0.32195145
94499,-4.7565813,97.27002,-64.93024,-0.3332005,9.580263,-0.52582276,-0.025045475,-0.018784106,0.029321533,-0.093023635,-0.9943176,0.051760156,-0.57381165,-0.61795735,0.42565668,0.3281544
94606,-3.8074868,96.40569,-65.2133,-0.3379862,9.553943,-0.5347958,-0.029321533,-0.017867807,0.029168814,-0.08686574,-0.9950922,0.047390256,-0.5744848,-0.6157314,0.4201613,0.33809245
94712,-2.9657493,95.69838,-65.77218,-0.28175485,9.570094,-0.56530434,-0.023060162,-0.021380283,0.02733622,-0.08564004,-0.9954786,0.041087512,-0.5737727,-0.61293805,0.41699675,0.3481459
94819,-2.897687,95.74875,-66.32258,-0.3062813,9.570692,-0.54735816,-0.025503622,-0.01695151,0.02855795,-0.0914428,-0.9942462,0.05579139,-0.5715929,-0.61140674,0.41976294,0.35108742
94926,-2.8992546,95.31854,-67.08611,-0.29072794,9.556933,-0.49351966,-0.025961772,-0.02397646,0.029168814,-0.079620376,-0.99641645,0.028544642,-0.5715271,-0.60644966,0.42249963,0.35646823
95032,-2.7172513,95.85427,-67.63032,-0.31465617,9.55155,-0.57846487,-0.020005837,-0.024740042,0.02855795,-0.08520758,-0.9952621,0.046829626,-0.56636155,-0.60770977,0.42618158,0.35817963
95139,-2.924185,96.07845,-68.3456,-0.32482564,9.568299,-0.5641079,-0.024892759,-0.02351831,0.030390546,-0.09418659,-0.99389565,0.057448924,-0.5636594,-0.6054349,0.4316535,0.35973865
95246,-2.7386076,96.362366,-69.135124,-0.31226337,9.57488,-0.5198407,-0.019089539,-0.021227568,0.025961772,-0.09032991,-0.99379,0.06497713,-0.55901057,-0.604472,0.43584216,0.36354142
95352,-2.5170126,96.168846,-69.904305,-0.33260235,9.591629,-0.52342993,-0.024129178,-0.02031127,0.027488936,-0.084949985,-0.99457794,0.05998511,-0.556773,-0.60135907,0.4382292,0.36922395
95459,-2.5765245,96.27059,-70.74734,-0.2955136,9.546764,-0.50488555,-0.02321288,-0.01572978,0.02641992,-0.083597876,-0.99396765,0.070990995,-0.55372787,-0.5984029,0.4432503,0.37259713
95566,-2.8583639,96.29928,-71.23121,-0.27876383,9.591629,-0.5425725,-0.022296581,-0.014813482,0.028099801,-0.084364824,-0.9948698,0.05582638,-0.5530352,-0.59567344,0.4471753,0.37330875
95672,-3.0740595,96.52684,-71.89626,-0.29970104,9.559924,-0.54317075,-0.022602012,-0.018936822,0.031154126,-0.10539189,-0.99226457,0.06560128,-0.5504786,-0.5933962,0.4523644,0.3744607
95779,-2.8545337,96.47145,-72.76443,-0.32004002,9.57787,-0.5413761,-0.02107485,-0.022602012,0.02657264,-0.0949698,-0.9942571,0.049331784,-0.5470902,-0.5904736,0.45565897,0.3800108
95886,-3.1750934,96.298225,-73.29875,-0.30329025,9.562317,-0.5174479,-0.024587328,-0.01282817,0.028710665,-0.10051901,-0.99408007,0.041240674,-0.54740506,-0.5863598,0.45929265,0.38154966
95992,-2.5140991,96.56286,-74.08424,-0.29970104,9.57488,-0.5377869,-0.022296581,-0.019242255,0.02641992,-0.086067826,-0.9945202,0.059345588,-0.54091173,-0.58685124,0.4611911,0.38771504
96099,-2.5140991,96.56286,-74.08424,-0.29970104,9.57488,-0.5377869,-0.022296581,-0.019242255,0.02641992,-0.086067826,-0.9945202,0.059345588,-0.54091173,-0.58685124,0.4611911,0.38771504
96206,-2.1480246,96.45569,-74.308304,-0.317049,9.567701,-0.5132604,-0.02687807,-0.021227568,0.028405234,-0.0768395,-0.99477804,0.06717392,-0.5392962,-0.58676666,0.4603073,0.39112878
96312,-2.1480246,96.45569,-74.308304,-0.317049,9.567701,-0.5132604,-0.02687807,-0.021227568,0.028405234,-0.0768395,-0.99477804,0.06717392,-0.5392962,-0.58676666,0.4603073,0.39112878
96419,-2.7645192,97.22096,-77.15191,-0.31465617,9.582656,-0.5216353,-0.021533,-0.022602012,0.030085113,-0.09715036,-0.992781,0.070340365,-0.52802896,-0.5764022,0.48014107,0.39800814
96526,-3.145271,96.85139,-78.24801,-0.1585245,9.570692,-0.4893322,-0.026725354,-0.019394971,0.02855795,-0.09330831,-0.9938868,0.05901333,-0.52756304,-0.56864905,0.48599958,0.40264115
96633,-2.7543192,97.02397,-78.43432,-0.28295127,9.5563345,-0.52582276,-0.02687807,-0.017104227,0.02947425,-0.09297819,-0.9926589,0.07735207,-0.52448153,-0.5701306,0.48582178,0.4047807
96739,-2.6840782,97.268616,-79.569,-0.31764722,9.580861,-0.53359944,-0.023060162,-0.014355333,0.028710665,-0.09916624,-0.99346596,0.056493185,-0.51895285,-0.56666946,0.49201316,0.4092636
96846,-2.8290484,97.176834,-80.09755,-0.3062813,9.583255,-0.5503492,-0.02565634,-0.016035212,0.0290161,-0.101160206,-0.9937925,0.046293583,-0.5181064,-0.56342393,0.4949175,0.41130993
96952,-2.72612,97.52114,-80.48222,-0.29012975,9.565308,-0.5180461,-0.022143863,-0.020005837,0.028863383,-0.100663304,-0.9923144,0.07196515,-0.5146073,-0.5637043,0.49760363,0.41207692
97059,-2.72612,97.52114,-80.48222,-0.29012975,9.565308,-0.5180461,-0.022143863,-0.020005837,0.028863383,-0.100663304,-0.9923144,0.07196515,-0.5146073,-0.5637043,0.49760363,0.41207692
97166,-2.8575509,97.87946,-82.57707,-0.2991028,9.560522,-0.52342993,-0.019242255,-0.015577063,0.028252516,-0.11087664,-0.9904711,0.081690595,-0.50580883,-0.5555838,0.50969225,0.41916335
97272,-2.7240582,97.57958,-83.35591,-0.32063824,9.57488,-0.5419743,-0.024740042,-0.023060162,0.030848695,-0.10455597,-0.99370545,0.040218804,-0.50382274,-0.55131483,0.51179004,0.42460048
97379,-2.343992,97.381516,-84.365845,-0.3296113,9.592228,-0.5108676,-0.025809057,-0.0206167,0.024740042,-0.09899013,-0.9937941,0.05073706,-0.4993688,-0.54742837,0.51430166,0.4317948
97486,-2.3897722,97.27538,-85.106514,-0.29012975,9.565907,-0.49232325,-0.025809057,-0.022143863,0.027947085,-0.096583344,-0.99438035,0.04335116,-0.49726987,-0.5434495,0.5176164,0.43526834
97592,-2.4105835,97.73073,-85.95065,-0.28175485,9.57787,-0.5282156,-0.022602012,-0.014813482,0.029321533,-0.0992592,-0.993111,0.062274337,-0.49199322,-0.5414972,0.52343106,0.43674177
97699,-2.4105835,97.73073,-85.95065,-0.28175485,9.57787,-0.5282156,-0.022602012,-0.014813482,0.029321533,-0.0992592,-0.993111,0.062274337,-0.49199322,-0.5414972,0.52343106,0.43674177
97807,-2.4105835,97.73073,-85.95065,-0.28175485,9.57787,-0.5282156,-0.022602012,-0.014813482,0.029321533,-0.0992592,-0.993111,0.062274337,-0.49199322,-0.5414972,0.52343106,0.43674177
97912,-2.4524698,97.62054,-88.84348,-0.22253248,9.532407,-0.4259224,-0.02275473,-0.012217305,0.025503622,-0.10336076,-0.99299824,0.05719347,-0.48150867,-0.52747697,0.53666854,0.44933763
98019,-2.2371573,97.77448,-89.2699,-0.30687952,9.591629,-0.55752766,-0.023823744,-0.01863139,0.027794369,-0.10559341,-0.99237084,0.063641004,-0.4781505,-0.52700895,0.5383746,0.4514272
98126,-2.109051,97.854805,-90.25168,-0.27397817,9.584451,-0.48993042,-0.0206167,-0.01817324,0.027947085,-0.099654354,-0.99339414,0.056895234,-0.47331172,-0.52324104,0.54268235,0.45573094
98232,-1.7883916,98.10811,-90.95973,-0.40737805,9.55155,-0.555733,-0.025961772,-0.017256944,0.028099801,-0.09482875,-0.99228317,0.079885416,-0.46785152,-0.52224916,0.5456575,0.45894292
98340,-1.8960898,98.047,-91.834595,-0.25902304,9.585049,-0.49232325,-0.021227568,-0.018478675,0.028405234,-0.09499221,-0.99348664,0.06293471,-0.46511304,-0.5173698,0.5498025,0.46229377
98446,-1.8960898,98.047,-91.834595,-0.25902304,9.585049,-0.49232325,-0.021227568,-0.018478675,0.028405234,-0.09499221,-0.99348664,0.06293471,-0.46511304,-0.5173698,0.5498025,0.46229377
98552,-1.3715981,97.78707,-93.3951,-0.2757728,9.552148,-0.46899322,-0.02076942,-0.013744468,0.028405234,-0.081558615,-0.994684,0.06286496,-0.45744973,-0.51101637,0.5537047,0.4722427
98659,-1.4696699,98.05253,-94.11194,-0.30927232,9.573085,-0.5312066,-0.019547688,-0.021380283,0.029321533,-0.094847985,-0.9930766,0.0693017,-0.45377788,-0.5081779,0.55836606,0.47335845
98766,-1.6208692,98.14375,-94.573235,-0.25004995,9.573085,-0.5102694,-0.023365596,-0.017867807,0.028710665,-0.091281846,-0.99360955,0.066390105,-0.4521903,-0.50564146,0.56136173,0.47405028
98872,-1.3946276,97.99548,-95.51684,-0.3302095,9.560522,-0.54795635,-0.02321288,-0.015271631,0.029626964,-0.09750896,-0.99453396,0.037338607,-0.44782782,-0.50139344,0.5640315,0.4795032
98979,-0.99834114,98.326675,-96.66612,-0.31465617,9.570094,-0.53300124,-0.027183503,-0.021380283,0.029626964,-0.082032874,-0.9933439,0.080861084,-0.43962294,-0.49869704,0.5689453,0.4840808
99086,-1.2750168,98.56284,-97.64054,-0.2955136,9.61137,-0.5485546,-0.019242255,-0.022449298,0.027488936,-0.09568415,-0.99317837,0.06664276,-0.43583903,-0.49354023,0.5751927,0.48540264
99192,-1.0087172,98.25991,-98.202545,-0.3188436,9.563514,-0.5341976,-0.023060162,-0.01328632,0.03145956,-0.0889686,-0.99387795,0.06550727,-0.43343055,-0.49072653,0.5753332,0.49022156
99299,-1.1506052,98.3763,-98.8971,-0.27936202,9.567701,-0.5491528,-0.025503622,-0.024129178,0.028863383,-0.09198956,-0.9938245,0.06205517,-0.43066332,-0.4870467,0.5793166,0.49163696
99406,-1.0743524,98.325424,-99.97565,-0.32303107,9.569495,-0.51445687,-0.01985312,-0.021838432,0.02611449,-0.090352565,-0.9948768,0.045349125,-0.4258479,-0.48171985,0.58337885,0.49625462
99513,-1.0743524,98.325424,-99.97565,-0.32303107,9.569495,-0.51445687,-0.01985312,-0.021838432,0.02611449,-0.090352565,-0.9948768,0.045349125,-0.4258479,-0.48171985,0.58337885,0.49625462
99619,-0.8711213,97.84786,-100.82448,-0.28953153,9.573683,-0.5312066,-0.027488936,-0.012370021,0.025961772,-0.08805346,-0.99555355,0.033462062,-0.42312214,-0.47652707,0.584111,0.5026967
99726,-0.68913805,97.93691,-101.89898,-0.29252255,9.579067,-0.52283174,-0.02275473,-0.017256944,0.028405234,-0.08821196,-0.9948737,0.049446996,-0.4170979,-0.47216886,0.5882966,0.50694484
99832,-0.25463456,97.46462,-102.86632,-0.34995028,9.568897,-0.58683974,-0.02351831,-0.014813482,0.026725354,-0.08395584,-0.9960912,0.0274539,-0.4125037,-0.46744332,0.58860266,0.5146692
99939,-0.44504595,97.80752,-103.769585,-0.32243285,9.585647,-0.5515456,-0.02611449,-0.017867807,0.030543262,-0.09015494,-0.9951758,0.03869504,-0.40803054,-0.4631476,0.59448725,0.5153546
100046,-0.61681247,98.112076,-104.0281,-0.35413775,9.568897,-0.48634118,-0.022602012,-0.016646078,0.029168814,-0.10685271,-0.9924777,0.059753954,-0.40652767,-0.46210757,0.597501,0.51398873
100152,-0.61681247,98.112076,-104.0281,-0.35413775,9.568897,-0.48634118,-0.022602012,-0.016646078,0.029168814,-0.10685271,-0.9924777,0.059753954,-0.40652767,-0.46210757,0.597501,0.51398873
100259,-0.83950317,98.82345,-105.91049,-0.2871387,9.578468,-0.53659046,-0.022602012,-0.01863139,0.027488936,-0.11680999,-0.99218965,0.04376194,-0.3963879,-0.45367792,0.6089854,0.5159358
100366,-0.24299918,98.16153,-106.51009,-0.2991028,9.592826,-0.5491528,-0.023365596,-0.020463986,0.031001411,-0.08137588,-0.9956592,0.0451755,-0.39313623,-0.45094687,0.6063237,0.52389157
100472,-0.24982832,97.71503,-107.38741,-0.27936202,9.570692,-0.52223355,-0.024892759,-0.018478675,0.028710665,-0.09066945,-0.9951522,0.038095076,-0.39088595,-0.4447404,0.6077239,0.5292313
100579,-0.23157978,97.744606,-108.23856,-0.29491538,9.58804,-0.52223355,-0.022602012,-0.02107485,0.02733622,-0.094466545,-0.994969,0.033357624,-0.3867335,-0.4403991,0.61108667,0.53203285
100686,-0.12633991,97.79414,-108.78321,-0.28295127,9.57488,-0.53718865,-0.02367103,-0.016798794,0.028252516,-0.081394434,-0.99588615,0.039821282,-0.38344917,-0.43814722,0.613053,0.5340035
100792,0.027371986,97.69166,-109.43514,-0.28115666,9.580861,-0.5413761,-0.02351831,-0.01328632,0.027947085,-0.0830518,-0.9959457,0.034562744,-0.37996927,-0.43503284,0.6145465,0.53731036
100899,0.263506,97.40303,-110.144875,-0.2859423,9.573085,-0.50069815,-0.021227568,-0.016798794,0.0290161,-0.07501655,-0.99672854,0.030079357,-0.3764488,-0.43138218,0.61508757,0.54209125
101006,0.14042279,97.50923,-110.61388,-0.29132614,9.570692,-0.53718865,-0.020005837,-0.021685716,0.02657264,-0.08684234,-0.99408114,0.06527665,-0.37449414,-0.42862633,0.6177558,0.54259694
101113,0.18928011,97.94944,-111.799385,-0.31585258,9.552148,-0.5389833,-0.02397646,-0.015577063,0.033292156,-0.09485648,-0.9944969,0.044477474,-0.36696947,-0.42385787,0.6240943,0.5442281
101219,0.43762726,97.98358,-112.695694,-0.32542387,9.594022,-0.5198407,-0.022602012,-0.013897184,0.028252516,-0.08614421,-0.9947959,0.054408137,-0.36121312,-0.42025274,0.62676173,0.5477978
101326,0.24077068,98.00184,-113.22974,-0.3164508,9.582058,-0.5377869,-0.024129178,-0.021227568,0.03191771,-0.10276642,-0.9937105,0.04447974,-0.3596742,-0.41644543,0.62942433,0.54866445
101432,0.4609457,97.9845,-113.98401,-0.31465617,9.5665045,-0.52642095,-0.02977968,-0.02031127,0.028405234,-0.09299902,-0.99452204,0.04771932,-0.35489932,-0.41329432,0.631378,0.5519023
101539,0.57425773,98.080444,-115.01172,-0.2991028,9.57488,-0.5742774,-0.024587328,-0.01695151,0.02855795,-0.090077534,-0.9947712,0.048127923,-0.3489626,-0.40845308,0.6351726,0.55492973
101646,0.62381333,97.81598,-115.6232,-0.28295127,9.595817,-0.5377869,-0.021991149,-0.020922136,0.02687807,-0.086333185,-0.9951254,0.04766491,-0.34665373,-0.40449792,0.63590354,0.5584257
101753,0.61083454,97.99596,-116.37316,-0.30508488,9.550353,-0.52522457,-0.025045475,-0.021685716,0.025961772,-0.09705144,-0.99426246,0.04498029,-0.34243533,-0.40080282,0.63945657,0.55963415
101859,0.7840487,97.89833,-117.01709,-0.32183465,9.569495,-0.49531427,-0.028099801,-0.024587328,0.02733622,-0.09045475,-0.99438417,0.054936558,-0.33864826,-0.39775684,0.64069563,0.5626864
101966,0.808961,97.70123,-117.29569,-0.30687952,9.583853,-0.51924247,-0.019700404,-0.015882496,0.026725354,-0.092971325,-0.9950608,0.034789316,-0.33781984,-0.39573884,0.6406152,0.5646952
102072,0.8068673,97.82158,-118.329735,-0.31764722,9.537791,-0.51565325,-0.02565634,-0.020158552,0.0290161,-0.09598357,-0.9946635,0.037837338,-0.33231267,-0.39028102,0.6447622,0.56703675
102179,0.89939904,97.68258,-119.12051,-0.29252255,9.585049,-0.5198407,-0.022143863,-0.01328632,0.031306844,-0.0909201,-0.99542034,0.02952787,-0.3283334,-0.38587967,0.6464759,0.57040596
102286,1.2692462,97.51984,-120.08663,-0.4462614,9.5665045,-0.552742,-0.026267204,-0.016646078,0.025198191,-0.09319573,-0.99511266,0.032639347,-0.32193995,-0.38178757,0.6478093,0.57527035
102392,1.2692462,97.51984,-120.08663,-0.4462614,9.5665045,-0.552742,-0.026267204,-0.016646078,0.025198191,-0.09319573,-0.99511266,0.032639347,-0.32193995,-0.38178757,0.6478093,0.57527035
102499,1.2907097,97.55403,-121.45565,-0.33858436,9.557531,-0.506082,-0.02443461,-0.022143863,0.029321533,-0.08646719,-0.9949637,0.050701715,-0.31480923,-0.37422204,0.65243524,0.5789484
102606,1.1072428,97.503586,-122.10828,-0.30269206,9.569495,-0.51146585,-0.025045475,-0.024587328,0.027488936,-0.09939532,-0.99451745,0.03248995,-0.31272867,-0.36944544,0.6548221,0.58044714
102713,1.1072428,97.503586,-122.10828,-0.30269206,9.569495,-0.51146585,-0.025045475,-0.024587328,0.027488936,-0.09939532,-0.99451745,0.03248995,-0.31272867,-0.36944544,0.6548221,0.58044714
102819,1.3064104,97.64873,-122.472176,-0.32422745,9.560522,-0.555733,-0.020922136,-0.016340645,0.03023783,-0.091309994,-0.99484175,0.044185545,-0.3092657,-0.36875403,0.65616524,0.58122486
102926,1.1394697,97.61896,-123.73151,-0.24227329,9.513265,-0.6975078,-0.018478675,-0.015118915,0.02657264,-0.097149186,-0.9945803,0.037041184,-0.30392513,-0.36060163,0.66048884,0.58425206
103032,1.2728807,97.23068,-124.37308,-0.3164508,9.544969,-0.50668013,-0.024892759,-0.017256944,0.02855795,-0.09244577,-0.9949988,0.0378304,-0.3010805,-0.35655376,0.660141,0.5885863
103139,1.4366387,97.19287,-125.01278,-0.3086741,9.569495,-0.48155555,-0.022602012,-0.015882496,0.027030788,-0.09055662,-0.9949928,0.04229518,-0.29695055,-0.3535972,0.6614788,0.5909612
103246,1.4868088,96.83512,-125.139,-0.29252255,9.579067,-0.5389833,-0.026267204,-0.016493361,0.02733622,-0.086358614,-0.99622,0.009377418,-0.2971073,-0.35219762,0.6598811,0.59349895
103352,1.5626839,96.99111,-125.92621,-0.30687952,9.585647,-0.5186443,-0.023823744,-0.0206167,0.03023783,-0.085317925,-0.9956025,0.038684767,-0.29210535,-0.34844252,0.6628898,0.59484404
103459,1.5626839,96.99111,-125.92621,-0.30687952,9.585647,-0.5186443,-0.023823744,-0.0206167,0.03023783,-0.085317925,-0.9956025,0.038684767,-0.29210535,-0.34844252,0.6628898,0.59484404
103566,1.6352892,97.282104,-127.59859,-0.30388847,9.58804,-0.53001016,-0.027030788,-0.024129178,0.02733622,-0.09049814,-0.9948315,0.046047263,-0.28210288,-0.3398226,0.66923255,0.5975503
103672,1.7904962,97.10672,-128.18663,-0.29850462,9.57787,-0.5485546,-0.025045475,-0.019700404,0.026725354,-0.082675196,-0.995585,0.044444673,-0.2786283,-0.33675608,0.6696447,0.6004478
103779,1.853051,96.90451,-128.40393,-0.2979064,9.564112,-0.5533402,-0.018478675,-0.01695151,0.027030788,-0.074633434,-0.9962514,0.043737616,-0.27771047,-0.3353186,0.6690572,0.6023295
103886,1.8125982,97.51765,-129.17496,-0.32542387,9.563514,-0.5168497,-0.023365596,-0.016340645,0.027641652,-0.09400509,-0.9940891,0.05431215,-0.27211887,-0.33206046,0.67462504,0.60047334
103992,2.0163093,96.768555,-129.71571,-0.33559337,9.5252285,-0.51625144,-0.024587328,-0.016493361,0.028405234,-0.082316026,-0.9958831,0.0379599,-0.27021497,-0.32816508,0.6717148,0.6067049
104099,1.9674562,96.6757,-130.01025,-0.3080759,9.576076,-0.52642095,-0.0206167,-0.014049901,0.027947085,-0.08042399,-0.9960671,0.037179075,-0.2692097,-0.3259651,0.6721884,0.60781217
104206,1.9670337,97.33617,-131.13014,-0.31824538,9.565907,-0.54675996,-0.02733622,-0.014813482,0.02947425,-0.079657,-0.995603,0.0492886,-0.26141426,-0.32089028,0.6788499,0.6065104
104313,1.958479,97.52747,-131.50742,-0.3098705,9.793224,-0.5132604,-0.0206167,-0.012217305,0.028863383,-0.095059186,-0.99376214,0.058313977,-0.25893524,-0.31904176,0.68093675,0.6062096
104419,2.1252184,97.279724,-131.68187,-0.3475575,9.412168,-0.57487565,-0.021838432,-0.021380283,0.02443461,-0.087920934,-0.99531853,0.04013607,-0.25769562,-0.3183153,0.6796974,0.60850614
104526,2.0657177,97.16952,-132.63191,-0.33738798,9.535398,-0.4995017,-0.024129178,-0.019089539,0.0290161,-0.078008324,-0.9948055,0.06539673,-0.25330156,-0.31211454,0.68187,0.61112696
104632,2.0657177,97.16952,-132.63191,-0.33738798,9.535398,-0.4995017,-0.024129178,-0.019089539,0.0290161,-0.078008324,-0.9948055,0.06539673,-0.25330156,-0.31211454,0.68187,0.61112696
104739,2.2228298,96.84252,-133.5384,-0.3302095,9.492327,-0.51625144,-0.02565634,-0.01863139,0.030085113,-0.08061296,-0.99603146,0.037721172,-0.24838443,-0.30682892,0.6821888,0.61545074
104846,2.2100363,97.36423,-134.23962,-0.3194418,9.547362,-0.5515456,-0.02367103,-0.019089539,0.028252516,-0.10794505,-0.9926096,0.055443883,-0.24331106,-0.30369195,0.68688554,0.6138071
104953,2.2471786,97.1997,-134.49207,-0.30508488,9.594022,-0.54317075,-0.023060162,-0.01985312,0.027488936,-0.094952084,-0.9943404,0.047657683,-0.24216615,-0.30202615,0.68658286,0.6154183
105059,2.2614326,96.94414,-134.68864,-0.30149564,9.571889,-0.53659046,-0.023365596,-0.020005837,0.02947425,-0.08877965,-0.995137,0.04266796,-0.24169388,-0.30038485,0.6856914,0.617398
105166,2.3480675,96.40499,-135.67844,-0.3188436,9.555737,-0.5132604,-0.022143863,-0.019547688,0.027183503,-0.07431462,-0.9960253,0.049100436,-0.23720913,-0.293798,0.6851377,0.62289715
105272,2.3252597,96.69367,-136.44182,-0.3332005,9.576076,-0.5288138,-0.023823744,-0.01282817,0.030085113,-0.087599166,-0.9949101,0.049801644,-0.23246406,-0.28969184,0.6887025,0.62267804
105379,2.2913697,96.855804,-137.00487,-0.29371896,9.580861,-0.54795635,-0.025503622,-0.019700404,0.027641652,-0.07529669,-0.99531335,0.06067776,-0.2292036,-0.28644764,0.6910756,0.6227583
105486,2.370164,96.64054,-137.70432,-0.3098705,9.57488,-0.485743,-0.02641992,-0.012675454,0.029626964,-0.08504347,-0.99478674,0.056275457,-0.2254457,-0.28222284,0.6914628,0.62562263
105592,2.4932084,96.88984,-138.23663,-0.3302095,9.582058,-0.5276174,-0.019547688,-0.014355333,0.028863383,-0.08953881,-0.9942499,0.058736417,-0.2211736,-0.2801505,0.69385827,0.62542677
105699,2.5077498,96.24885,-138.76424,-0.29371896,9.585647,-0.57846487,-0.020463986,-0.010231993,0.028252516,-0.08564756,-0.9959883,0.025919007,-0.21974836,-0.275806,0.69159406,0.6303486
105806,2.5077498,96.24885,-138.76424,-0.29371896,9.585647,-0.57846487,-0.020463986,-0.010231993,0.028252516,-0.08564756,-0.9959883,0.025919007,-0.21974836,-0.275806,0.69159406,0.6303486
105912,2.5103076,96.33589,-139.42831,-0.30089745,9.580861,-0.549751,-0.021838432,-0.019394971,0.02855795,-0.08763,-0.99538285,0.039165497,-0.21586944,-0.27197134,0.6936549,0.6310902
106019,2.4051466,96.11269,-140.54794,-0.2853441,9.567701,-0.49471605,-0.019242255,-0.018784106,0.029321533,-0.0708541,-0.9958744,0.056690946,-0.21085607,-0.2641998,0.69526523,0.63430625
106126,2.5168517,96.39932,-141.08203,-0.3086741,9.574282,-0.5174479,-0.02397646,-0.016035212,0.027030788,-0.076304436,-0.995416,0.057660036,-0.2065544,-0.262083,0.69784474,0.6337669
106232,2.5559945,96.05989,-141.1978,-0.30568308,9.565907,-0.5665007,-0.02397646,-0.019700404,0.029321533,-0.075935334,-0.99652183,0.0343227,-0.20644619,-0.2609803,0.6961471,0.6361199
106339,2.627173,95.821014,-141.38118,-0.33499515,9.558129,-0.47258243,-0.023823744,-0.01450805,0.027183503,-0.08303152,-0.9957351,0.040215984,-0.20553112,-0.25982645,0.69508815,0.63804364
106446,2.649812,95.78586,-142.3336,-0.3098705,9.574282,-0.55513483,-0.0206167,-0.021685716,0.0290161,-0.074887805,-0.996376,0.040332295,-0.20015928,-0.2541032,0.6969814,0.6399881
106552,2.649812,95.78586,-142.3336,-0.3098705,9.574282,-0.55513483,-0.0206167,-0.021685716,0.0290161,-0.074887805,-0.996376,0.040332295,-0.20015928,-0.2541032,0.6969814,0.6399881
106659,2.6630297,95.68356,-143.81296,-0.30687952,9.567701,-0.5419743,-0.018478675,-0.017256944,0.027030788,-0.083621,-0.99594176,0.033279605,-0.19201761,-0.24498594,0.69960386,0.6431684
106766,2.6630297,95.68356,-143.81296,-0.30687952,9.567701,-0.5419743,-0.018478675,-0.017256944,0.027030788,-0.083621,-0.99594176,0.033279605,-0.19201761,-0.24498594,0.69960386,0.6431684
106873,2.6603734,96.17334,-144.86368,-0.29012975,9.567103,-0.5246263,-0.025503622,-0.014813482,0.030543262,-0.095553525,-0.994217,0.049011294,-0.18510745,-0.23933953,0.7045758,0.6418916
106979,2.7774622,96.40677,-145.4791,-0.317049,9.58804,-0.51146585,-0.024281893,-0.018020526,0.029168814,-0.08997662,-0.99403936,0.06156303,-0.18044528,-0.23656653,0.7069398,0.6416478
107086,2.7256944,96.59542,-146.14023,-0.28354946,9.558728,-0.5288138,-0.025198191,-0.021533,0.032986723,-0.09285514,-0.9934776,0.06618362,-0.17668203,-0.23248954,0.70944524,0.64141995
107192,2.9283674,96.281685,-146.56512,-0.33379874,9.591629,-0.54317075,-0.023365596,-0.01771509,0.027030788,-0.090481654,-0.99416906,0.058659635,-0.17366154,-0.23049992,0.7081713,0.6443639
107299,2.9283674,96.281685,-146.56512,-0.33379874,9.591629,-0.54317075,-0.023365596,-0.01771509,0.027030788,-0.090481654,-0.99416906,0.058659635,-0.17366154,-0.23049992,0.7081713,0.6443639
107406,2.9283674,96.281685,-146.56512,-0.33379874,9.591629,-0.54317075,-0.023365596,-0.01771509,0.027030788,-0.090481654,-0.99416906,0.058659635,-0.17366154,-0.23049992,0.7081713,0.6443639
107512,2.9182029,96.129036,-148.34328,-0.31824538,9.575478,-0.54317075,-0.024281893,-0.020005837,0.030085113,-0.088892624,-0.99524856,0.039729815,-0.16399837,-0.21920899,0.71081793,0.64791185
107619,2.9440122,96.00165,-148.78314,-0.3098705,9.586246,-0.52342993,-0.025961772,-0.020158552,0.030543262,-0.09955903,-0.9943236,0.037531096,-0.16158848,-0.21644312,0.7108881,0.64936864
107726,2.8596473,96.14418,-149.43584,-0.29670998,9.569495,-0.49232325,-0.024281893,-0.01740966,0.030085113,-0.088182375,-0.99346364,0.07248355,-0.15815431,-0.21211596,0.7130607,0.64926
107832,2.8596473,96.14418,-149.43584,-0.29670998,9.569495,-0.49232325,-0.024281893,-0.01740966,0.030085113,-0.088182375,-0.99346364,0.07248355,-0.15815431,-0.21211596,0.7130607,0.64926
107939,2.724293,95.62338,-150.30595,-0.26799613,9.577272,-0.5186443,-0.02321288,-0.01740966,0.028863383,-0.08819723,-0.9948252,0.050439224,-0.15500839,-0.205236,0.7119111,0.6534778
108046,2.7628756,95.45798,-150.68843,-0.30029923,9.579067,-0.53300124,-0.025350908,-0.021685716,0.030695977,-0.086122684,-0.99599105,0.024180943,-0.1528767,-0.2028554,0.71158427,0.6550772
108152,2.8399189,95.32425,-151.09608,-0.31226337,9.558728,-0.5485546,-0.02076942,-0.015271631,0.02657264,-0.09053888,-0.9951273,0.039042268,-0.15029508,-0.20058215,0.7114111,0.656561
108259,2.9925225,95.65454,-151.7337,-0.30747768,9.579067,-0.5611169,-0.02107485,-0.021838432,0.02687807,-0.08638109,-0.9950675,0.04877527,-0.14510985,-0.19790307,0.71416545,0.6555495
108366,3.1041143,95.8532,-152.06802,-0.29491538,9.5868435,-0.50189453,-0.02351831,-0.02107485,0.027488936,-0.08533218,-0.99303955,0.081183925,-0.14215155,-0.19669499,0.71569985,0.65488756
108472,2.993423,95.907745,-152.48495,-0.32004002,9.557531,-0.5102694,-0.020922136,-0.019547688,0.028863383,-0.08614989,-0.99482924,0.053786017,-0.14037602,-0.19353253,0.71689504,0.65490556
108580,2.8837273,95.67134,-152.92336,-0.29371896,9.570094,-0.535394,-0.022143863,-0.021685716,0.027641652,-0.082275376,-0.9945816,0.06354733,-0.1389563,-0.18988338,0.7164445,0.6567669
108686,2.8437674,95.41561,-153.02257,-0.28295127,9.573085,-0.5288138,-0.024129178,-0.01450805,0.029321533,-0.08216447,-0.9952901,0.05144512,-0.13906181,-0.18872716,0.7152019,0.65843004
108792,2.954494,95.221085,-153.67686,-0.3272185,9.573085,-0.5276174,-0.02443461,-0.022143863,0.02855795,-0.077816255,-0.99543697,0.055225726,-0.13491476,-0.1850404,0.7149819,0.6605747
108899,2.954494,95.221085,-153.67686,-0.3272185,9.573085,-0.5276174,-0.02443461,-0.022143863,0.02855795,-0.077816255,-0.99543697,0.055225726,-0.13491476,-0.1850404,0.7149819,0.6605747
109006,2.8717906,95.582085,-154.54572,-0.2955136,9.580263,-0.5449653,-0.025350908,-0.027641652,0.025809057,-0.088455245,-0.9942386,0.060541116,-0.1298599,-0.1795526,0.718565,0.6592129
109112,2.8717906,95.582085,-154.54572,-0.2955136,9.580263,-0.5449653,-0.025350908,-0.027641652,0.025809057,-0.088455245,-0.9942386,0.060541116,-0.1298599,-0.1795526,0.718565,0.6592129
109219,3.0053296,94.80507,-155.22601,-0.3296113,9.57787,-0.549751,-0.02443461,-0.014660766,0.03023783,-0.09034338,-0.99521446,0.037232425,-0.12628782,-0.17519099,0.714936,0.66500074
109326,3.0053296,94.80507,-155.22601,-0.3296113,9.57787,-0.549751,-0.02443461,-0.014660766,0.03023783,-0.09034338,-0.99521446,0.037232425,-0.12628782,-0.17519099,0.714936,0.66500074
109433,2.72558,95.05361,-156.27388,-0.2871387,9.629316,-0.5623133,-0.027641652,-0.024740042,0.029626964,-0.08371434,-0.99550337,0.044328257,-0.12160562,-0.16730286,0.7183341,0.66424245
109539,2.8675833,95.094444,-156.49779,-0.34935206,9.524631,-0.6125626,-0.02565634,-0.012217305,0.02733622,-0.08742342,-0.9948424,0.051437043,-0.11934936,-0.16675602,0.7187042,0.6643888
109646,3.098424,95.064804,-156.96742,-0.340379,9.57129,-0.506082,-0.02641992,-0.017867807,0.027183503,-0.09790811,-0.9938966,0.050828606,-0.11520515,-0.16510347,0.7189002,0.6653203
109753,2.925641,95.09117,-157.35359,-0.31345975,9.540183,-0.48275197,-0.021838432,-0.01985312,0.02855795,-0.09375852,-0.99464476,0.043487187,-0.11402068,-0.16171397,0.7198341,0.66534704
109859,2.79555,94.31403,-157.73578,-0.2973082,9.586246,-0.5449653,-0.019394971,-0.014049901,0.028710665,-0.079350725,-0.99621713,0.03542521,-0.11369899,-0.15779719,0.71600753,0.67045194
109966,2.79555,94.31403,-157.73578,-0.2973082,9.586246,-0.5449653,-0.019394971,-0.014049901,0.028710665,-0.079350725,-0.99621713,0.03542521,-0.11369899,-0.15779719,0.71600753,0.67045194
110072,2.8083792,94.72432,-158.2506,-0.28414768,9.589236,-0.5174479,-0.027794369,-0.019242255,0.027641652,-0.08058604,-0.9956988,0.04571374,-0.11005042,-0.15504827,0.71909064,0.6683993
110179,2.9185064,94.31261,-158.84575,-0.30149564,9.589834,-0.52223355,-0.022296581,-0.019242255,0.028405234,-0.07844773,-0.9961972,0.037907884,-0.106424995,-0.15156652,0.7173408,0.67165726
110287,2.7591617,94.44602,-159.1205,-0.2847459,9.531809,-0.49531427,-0.020922136,-0.02031127,0.025503622,-0.08693173,-0.994844,0.052232735,-0.1056475,-0.14904426,0.7186799,0.6709125
110392,2.8753023,94.55806,-159.40555,-0.30029923,9.603594,-0.5742774,-0.01863139,-0.022907447,0.03176499,-0.09684802,-0.9946881,0.03487186,-0.10309881,-0.14803068,0.7195634,0.6705863
110499,2.8753023,94.55806,-159.40555,-0.30029923,9.603594,-0.5742774,-0.01863139,-0.022907447,0.03176499,-0.09684802,-0.9946881,0.03487186,-0.10309881,-0.14803068,0.7195634,0.6705863
110606,2.3842752,94.56363,-160.04677,-0.29252255,9.570094,-0.47796628,-0.023060162,-0.019394971,0.027030788,-0.089033395,-0.99530214,0.038035925,-0.102449134,-0.14115703,0.72098774,0.67063814
110712,2.350712,94.10888,-160.29633,-0.2955136,9.583255,-0.5341976,-0.01985312,-0.021838432,0.024129178,-0.08896856,-0.99556607,0.030541966,-0.10175343,-0.13898887,0.718664,0.6736842
110819,2.350712,94.10888,-160.29633,-0.2955136,9.583255,-0.5341976,-0.01985312,-0.021838432,0.024129178,-0.08896856,-0.99556607,0.030541966,-0.10175343,-0.13898887,0.718664,0.6736842
110926,2.350712,94.10888,-160.29633,-0.2955136,9.583255,-0.5341976,-0.01985312,-0.021838432,0.024129178,-0.08896856,-0.99556607,0.030541966,-0.10175343,-0.13898887,0.718664,0.6736842
111032,2.7465801,94.41663,-160.64877,-0.3194418,9.3924265,-0.36729825,-0.020005837,-0.022143863,0.027947085,-0.08583799,-0.99563664,0.03659981,-0.096806034,-0.13934845,0.7204457,0.6724348
111139,2.7465801,94.41663,-160.64877,-0.3194418,9.3924265,-0.36729825,-0.020005837,-0.022143863,0.027947085,-0.08583799,-0.99563664,0.03659981,-0.096806034,-0.13934845,0.7204457,0.6724348
111246,2.8474617,94.50551,-161.9561,-0.29670998,9.590433,-0.56590253,-0.023060162,-0.0206167,0.02611449,-0.0870311,-0.9950965,0.046994407,-0.08838606,-0.1317769,0.72240144,0.6730222
111352,2.8058763,94.56028,-162.21957,-0.31286153,9.565308,-0.5635097,-0.025198191,-0.02321288,0.027183503,-0.093552105,-0.9945555,0.045906898,-0.08704047,-0.12991492,0.7230687,0.672843
111460,2.8816442,94.13037,-162.72447,-0.32243285,9.6682,-0.57906306,-0.02397646,-0.023365596,0.030390546,-0.08602731,-0.99573845,0.03323029,-0.08406975,-0.1268548,0.72102386,0.67599165
111566,2.5642636,94.41774,-162.93533,-0.2865405,9.567103,-0.5306084,-0.023060162,-0.016340645,0.030085113,-0.08225092,-0.9955154,0.046731286,-0.08452669,-0.12388211,0.7232762,0.67407715
111672,2.6210418,94.76214,-163.33133,-0.26500508,9.629316,-0.6029913,-0.020158552,-0.017562376,0.029626964,-0.091687165,-0.99403566,0.05904717,-0.08146981,-0.1219591,0.72566676,0.67223245
111779,2.6210418,94.76214,-163.33133,-0.26500508,9.629316,-0.6029913,-0.020158552,-0.017562376,0.029626964,-0.091687165,-0.99403566,0.05904717,-0.08146981,-0.1219591,0.72566676,0.67223245
111886,2.6210418,94.76214,-163.33133,-0.26500508,9.629316,-0.6029913,-0.020158552,-0.017562376,0.029626964,-0.091687165,-0.99403566,0.05904717,-0.08146981,-0.1219591,0.72566676,0.67223245
111992,2.6210418,94.76214,-163.33133,-0.26500508,9.629316,-0.6029913,-0.020158552,-0.017562376,0.029626964,-0.091687165,-0.99403566,0.05904717,-0.08146981,-0.1219591,0.72566676,0.67223245
112099,2.6389828,94.36422,-163.3936,-0.3164508,9.581459,-0.5210371,-0.026267204,-0.018936822,0.029626964,-0.084043376,-0.9957055,0.038824644,-0.08141222,-0.12138731,0.7233761,0.6748068
112206,2.5477922,94.18571,-164.61864,-0.29012975,9.5868435,-0.55513483,-0.02397646,-0.015577063,0.031306844,-0.0861025,-0.9955535,0.03820542,-0.0749498,-0.112996586,0.7236646,0.6767008
112313,2.6666682,94.8572,-165.267,-0.2955136,9.5766735,-0.51565325,-0.018936822,-0.020005837,0.029168814,-0.08662023,-0.993623,0.072182305,-0.069720894,-0.110008694,0.7281405,0.6729402
112419,2.6666682,94.8572,-165.267,-0.2955136,9.5766735,-0.51565325,-0.018936822,-0.020005837,0.029168814,-0.08662023,-0.993623,0.072182305,-0.069720894,-0.110008694,0.7281405,0.6729402
112526,2.6666682,94.8572,-165.267,-0.2955136,9.5766735,-0.51565325,-0.018936822,-0.020005837,0.029168814,-0.08662023,-0.993623,0.072182305,-0.069720894,-0.110008694,0.7281405,0.6729402
112632,2.6666682,94.8572,-165.267,-0.2955136,9.5766735,-0.51565325,-0.018936822,-0.020005837,0.029168814,-0.08662023,-0.993623,0.072182305,-0.069720894,-0.110008694,0.7281405,0.6729402
112739,2.7178245,94.388565,-166.97191,-0.3080759,9.539585,-0.4875376,-0.026267204,-0.011911872,0.032223143,-0.090453714,-0.985374,0.14441682,-0.059780344,-0.09921897,0.7268924,0.6769116
112846,2.5875838,93.66668,-167.12744,-0.30149564,9.54796,-0.5449653,-0.02107485,-0.016798794,0.02947425,-0.08418711,-0.9957232,0.038050156,-0.06030477,-0.09708928,0.7228534,0.6814837
112952,2.590757,94.055786,-167.27403,-0.31585258,9.605986,-0.5030909,-0.022449298,-0.020158552,0.02733622,-0.07901231,-0.9953147,0.05572895,-0.059085883,-0.096384466,0.7252846,0.6791032
113059,2.6711576,94.42877,-167.69818,-0.31465617,9.582058,-0.53300124,-0.025045475,-0.02641992,0.031154126,-0.08545026,-0.994297,0.06380984,-0.055753615,-0.094355375,0.7277808,0.67699605
113166,2.7099879,94.16688,-167.81435,-0.32303107,9.603594,-0.55812585,-0.022296581,-0.028252516,0.02641992,-0.0863304,-0.994642,0.056871064,-0.05503375,-0.093720116,0.7262966,0.6787349
113272,2.7309055,94.235085,-168.11429,-0.32662028,9.576076,-0.55812585,-0.022602012,-0.016646078,0.026267204,-0.10434809,-0.9931499,0.052581497,-0.053069048,-0.09197362,0.72692734,0.678455
113379,2.6621578,93.89665,-168.69638,-0.3391826,9.595817,-0.5377869,-0.020922136,-0.020922136,0.031612277,-0.09368941,-0.99517375,0.029180028,-0.050319668,-0.087726556,0.7254281,0.6808275
113486,2.6423485,93.94256,-169.09038,-0.2961118,9.582656,-0.5282156,-0.022296581,-0.014966198,0.028863383,-0.096725866,-0.9941871,0.04728698,-0.048070382,-0.08513392,0.72601223,0.6806964
113592,2.6423485,93.94256,-169.09038,-0.2961118,9.582656,-0.5282156,-0.022296581,-0.014966198,0.028863383,-0.096725866,-0.9941871,0.04728698,-0.048070382,-0.08513392,0.72601223,0.6806964
113699,2.640143,93.94608,-169.28189,-0.32183465,9.561719,-0.4893322,-0.02565634,-0.016035212,0.030695977,-0.09806406,-0.99372333,0.053827398,-0.046944097,-0.0839088,0.726176,0.68075246
113806,2.6614141,93.92597,-169.51138,-0.31824538,9.58804,-0.51625144,-0.02565634,-0.019242255,0.029932396,-0.09562143,-0.9943591,0.04589783,-0.04545983,-0.08257219,0.72620845,0.68098205
113912,2.512572,94.31373,-169.97414,-0.32542387,9.572487,-0.549751,-0.025045475,-0.020005837,0.028710665,-0.0824908,-0.9942144,0.068796225,-0.043389976,-0.0789052,0.7289353,0.6786344
114019,2.5077462,94.26298,-170.16399,-0.3098705,9.582656,-0.52342993,-0.022907447,-0.021991149,0.026725354,-0.083187826,-0.99401045,0.07087311,-0.042330787,-0.07765022,0.7287675,0.6790261
114126,2.5077462,94.26298,-170.16399,-0.3098705,9.582656,-0.52342993,-0.022907447,-0.021991149,0.026725354,-0.083187826,-0.99401045,0.07087311,-0.042330787,-0.07765022,0.7287675,0.6790261
114232,2.418986,94.20383,-170.77951,-0.30149564,9.593424,-0.5240281,-0.019700404,-0.014355333,0.029626964,-0.073284164,-0.9949126,0.06912528,-0.039287277,-0.07319016,0.72887784,0.67958575
114339,2.34242,93.78231,-170.84239,-0.27337998,9.590433,-0.51924247,-0.027947085,-0.018784106,0.02733622,-0.08195808,-0.995381,0.049995847,-0.039668664,-0.07219223,0.7264597,0.6822544
114446,2.3561065,94.14603,-170.95383,-0.2979064,9.567701,-0.5204389,-0.020005837,-0.01328632,0.027488936,-0.08328849,-0.99379027,0.07378329,-0.038690835,-0.071690165,0.7286833,0.6799884
114552,2.3639946,94.097466,-171.54478,-0.28414768,9.587442,-0.5096712,-0.022907447,-0.016646078,0.027794369,-0.07792804,-0.99518126,0.059510767,-0.03516205,-0.06796311,0.72875047,0.68049055
114659,2.377986,93.85113,-171.95346,-0.31166515,9.563514,-0.552742,-0.022449298,-0.013591751,0.02977968,-0.07068469,-0.9939115,0.08452004,-0.032786295,-0.06537618,0.72751576,0.68218166
114766,2.1590455,94.11633,-172.04008,-0.17288142,9.56471,-0.54436713,-0.028099801,-0.014813482,0.027030788,-0.079080224,-0.9936517,0.08001615,-0.033517305,-0.06360444,0.72925985,0.68044925
114872,2.2727387,94.0384,-172.24634,-0.2973082,9.568897,-0.55094737,-0.024587328,-0.024281893,0.03176499,-0.08015049,-0.9938138,0.07687657,-0.03160995,-0.06294356,0.7288504,0.6810404
114979,2.6513624,94.07537,-172.76405,-0.31286153,9.570094,-0.5216353,-0.0206167,-0.021685716,0.031001411,-0.09924253,-0.9928299,0.06663044,-0.026097877,-0.061902784,0.72915316,0.68104523
115086,2.6513624,94.07537,-172.76405,-0.31286153,9.570094,-0.5216353,-0.0206167,-0.021685716,0.031001411,-0.09924253,-0.9928299,0.06663044,-0.026097877,-0.061902784,0.72915316,0.68104523
115192,2.2104473,93.23083,-173.43839,-0.32063824,9.5665045,-0.50069815,-0.022143863,-0.020922136,0.031306844,-0.070105925,-0.9968412,0.037319634,-0.025308039,-0.054811876,0.7246751,0.6864409
115299,2.2459478,93.60406,-173.54984,-0.29970104,9.573683,-0.5030909,-0.02611449,-0.015882496,0.028252516,-0.07434722,-0.9958854,0.0518157,-0.024238344,-0.05439842,0.7269438,0.6841097
115406,2.2668793,93.86083,-173.86304,-0.29132614,9.568299,-0.509073,-0.025350908,-0.01328632,0.027794369,-0.07615498,-0.99473715,0.06854545,-0.022117626,-0.05258576,0.7286117,0.6825471
115512,2.2668793,93.86083,-173.86304,-0.29132614,9.568299,-0.509073,-0.025350908,-0.01328632,0.027794369,-0.07615498,-0.99473715,0.06854545,-0.022117626,-0.05258576,0.7286117,0.6825471
115619,2.2668793,93.86083,-173.86304,-0.29132614,9.568299,-0.509073,-0.025350908,-0.01328632,0.027794369,-0.07615498,-0.99473715,0.06854545,-0.022117626,-0.05258576,0.7286117,0.6825471
115726,2.3151789,93.78813,-174.55708,-0.31166515,9.570094,-0.5168497,-0.016798794,-0.027947085,0.031306844,-0.07561054,-0.9953103,0.060336083,-0.017706273,-0.048447818,0.72846377,0.6831397
115832,2.1108422,93.71273,-174.79738,-0.2847459,9.579067,-0.50189453,-0.020005837,-0.02031127,0.02687807,-0.073609926,-0.99574023,0.055524223,-0.017605077,-0.045692593,0.7281945,0.6836191
115939,2.1195166,93.24545,-175.00876,-0.30089745,9.547362,-0.52582276,-0.024129178,-0.017104227,0.032223143,-0.08328484,-0.9952213,0.050972525,-0.016469799,-0.04433421,0.7254805,0.6866158
116046,1.6783588,92.94089,-175.07109,-0.18664016,9.575478,-0.47796628,-0.02397646,-0.019089539,0.02947425,-0.083433844,-0.99546653,0.04566435,-0.019003136,-0.041249935,0.72383714,0.6884745
116152,2.1592128,93.50381,-175.32579,-0.2955136,9.574282,-0.54675996,-0.020158552,-0.013439035,0.029626964,-0.0694076,-0.99610656,0.054353442,-0.0142223425,-0.042596493,0.7271322,0.685027
116259,2.1181228,93.11768,-175.41574,-0.2973082,9.555737,-0.5623133,-0.023365596,-0.01863139,0.031612277,-0.07233662,-0.9965575,0.040503994,-0.014086424,-0.041733224,0.72486776,0.6874785
116366,2.1181228,93.11768,-175.41574,-0.2973082,9.555737,-0.5623133,-0.023365596,-0.01863139,0.031612277,-0.07233662,-0.9965575,0.040503994,-0.014086424,-0.041733224,0.72486776,0.6874785
116472,2.0576017,93.438385,-175.87068,-0.3164508,9.569495,-0.5072784,-0.0206167,-0.03191771,0.029626964,-0.06573419,-0.9966872,0.04789283,-0.011632647,-0.03852526,0.72696906,0.6854899
116579,2.0576017,93.438385,-175.87068,-0.3164508,9.569495,-0.5072784,-0.0206167,-0.03191771,0.029626964,-0.06573419,-0.9966872,0.04789283,-0.011632647,-0.03852526,0.72696906,0.6854899
116686,2.0576017,93.438385,-175.87068,-0.3164508,9.569495,-0.5072784,-0.0206167,-0.03191771,0.029626964,-0.06573419,-0.9966872,0.04789283,-0.011632647,-0.03852526,0.72696906,0.6854899
116792,2.0576017,93.438385,-175.87068,-0.3164508,9.569495,-0.5072784,-0.0206167,-0.03191771,0.029626964,-0.06573419,-0.9966872,0.04789283,-0.011632647,-0.03852526,0.72696906,0.6854899
116899,2.0576017,93.438385,-175.87068,-0.3164508,9.569495,-0.5072784,-0.0206167,-0.03191771,0.029626964,-0.06573419,-0.9966872,0.04789283,-0.011632647,-0.03852526,0.72696906,0.6854899
117006,2.0841112,93.480316,-176.57133,-0.29371896,9.5455675,-0.529412,-0.021227568,-0.016340645,0.02565634,-0.07282842,-0.99528754,0.0640215,-0.0072601526,-0.03424064,0.7274341,0.68528426
117112,2.1321797,93.301445,-177.02176,-0.3098705,9.561719,-0.5641079,-0.024281893,-0.022602012,0.02657264,-0.0723361,-0.9957092,0.05771253,-0.004310476,-0.03166161,0.72647935,0.686445
117219,1.9866052,93.20919,-177.14267,-0.2853441,9.570692,-0.54735816,-0.01863139,-0.020922136,0.02855795,-0.07347183,-0.9944873,0.074812576,-0.004534026,-0.030020121,0.7259978,0.6870265
117326,2.2017043,93.76803,-177.34811,-0.31764722,9.589236,-0.5347958,-0.027488936,-0.01740966,0.03023783,-0.08071243,-0.9946193,0.064945586,-0.0017920301,-0.030016057,0.7293376,0.6834929
117432,1.9160272,92.8063,-177.54782,-0.2973082,9.552148,-0.5276174,-0.022296581,-0.016646078,0.028863383,-0.068575725,-0.99673843,0.042542793,-0.0026475452,-0.027021186,0.72369605,0.6895846
117539,2.1853385,92.62164,-177.5176,-0.31465617,9.546764,-0.549751,-0.020158552,-0.025350908,0.0290161,-0.08667278,-0.99569714,0.032787357,-0.0011738879,-0.028829532,0.7225112,0.6907569
117646,2.0484748,92.83239,-177.66208,-0.2979064,9.57488,-0.5306084,-0.02107485,-0.018784106,0.027488936,-0.08267159,-0.9959828,0.034404516,-0.0011167302,-0.02709626,0.7238489,0.6894254
117752,2.0264435,92.374435,-177.84529,-0.29970104,9.570094,-0.49351966,-0.02367103,-0.025350908,0.02947425,-0.086153805,-0.995728,0.033214647,-0.00025683755,-0.025805628,0.72113526,0.6923135
117859,2.0006933,92.69557,-177.88133,-0.32063824,9.589236,-0.54017967,-0.02565634,-0.018020526,0.031154126,-0.07644049,-0.9964062,0.036489855,-0.00013001008,-0.025423829,0.7230864,0.69028956
117966,1.9532198,93.02068,-177.95699,-0.29491538,9.574282,-0.5072784,-0.02321288,-0.01817324,0.030390546,-0.07543089,-0.9948847,0.06719062,9.595117e-05,-0.024660459,0.7250688,0.68823475
118072,1.967265,92.97894,-177.98105,-0.30388847,9.5665045,-0.5395815,-0.020463986,-0.02076942,0.030085113,-0.07788607,-0.9957872,0.048389595,0.0003204096,-0.024592651,0.7248202,0.6884989
118179,2.0894835,93.42295,-178.22049,-0.32841492,9.543175,-0.5012963,-0.02275473,-0.017256944,0.031306844,-0.07828606,-0.9955198,0.053024124,0.0026248253,-0.023801941,0.72750723,0.685682
118286,2.0197763,93.4121,-178.42728,-0.31286153,9.562317,-0.5204389,-0.020922136,-0.028405234,0.031001411,-0.090992436,-0.99402624,0.060268078,0.0034172698,-0.02207254,0.7274977,0.6857465
118392,2.0910475,92.7411,-178.4789,-0.30508488,9.58804,-0.5168497,-0.021685716,-0.031306844,0.02947425,-0.07842615,-0.99586976,0.045746297,0.0040489878,-0.022195172,0.72346586,0.68999135
118499,1.950609,93.38423,-178.6029,-0.32123643,9.568299,-0.5563312,-0.02275473,-0.01740966,0.02855795,-0.07040433,-0.995456,0.06411417,0.004023938,-0.020544795,0.7273765,0.68591917
118606,1.9994856,93.306595,-178.70003,-0.30927232,9.54138,-0.5419743,-0.024892759,-0.013439035,0.02947425,-0.07493321,-0.9953738,0.06013342,0.0049019754,-0.020224044,0.7269202,0.6864066
118712,2.2007258,93.07112,-178.88762,-0.3367898,9.615558,-0.5389833,-0.02076942,-0.019547688,0.031154126,-0.07362004,-0.99587715,0.05299808,0.007261102,-0.020253912,0.7255052,0.6878803
118819,2.0170252,92.759,-178.90932,-0.32243285,9.59462,-0.51924247,-0.020463986,-0.020922136,0.027183503,-0.081608646,-0.9955079,0.04800052,0.006176072,-0.019031098,0.7236646,0.6898618
118926,1.9161531,92.989525,-179.08406,-0.29850462,9.527023,-0.5072784,-0.021380283,-0.02031127,0.0290161,-0.071839385,-0.9963903,0.04522772,0.006625641,-0.017307179,0.72509485,0.6883996
119032,1.7403191,93.277145,-179.28076,-0.31226337,9.552746,-0.52342993,-0.022143863,-0.02275473,0.029168814,-0.07439357,-0.99552083,0.05834233,0.006732023,-0.014989606,0.72687346,0.6865748
119139,1.746298,92.978264,-179.39882,-0.2943172,9.5665045,-0.5210371,-0.022449298,-0.01740966,0.02855795,-0.06991488,-0.9964649,0.046579357,0.0074400487,-0.014295989,0.72509456,0.6884607
119246,2.0408492,93.23384,-179.41966,-0.28953153,9.60479,-0.5276174,-0.02321288,-0.018478675,0.028710665,-0.0733387,-0.99607456,0.04956753,0.009464839,-0.015912358,0.726591,0.68682075
119352,1.9540957,93.55307,-179.50792,-0.29072794,9.568299,-0.55692947,-0.023060162,-0.020922136,0.027030788,-0.08271282,-0.9939711,0.07197259,0.009484934,-0.014806489,0.7285254,0.68479306
119459,2.2015991,93.31005,-179.61461,-0.35353953,9.546764,-0.54376894,-0.02687807,-0.015577063,0.024740042,-0.08085961,-0.99516654,0.055724796,0.011663078,-0.015631791,0.7270515,0.6863058
119566,2.2527375,92.95048,-179.6859,-0.4462614,9.583853,-0.5736792,-0.019089539,-0.017104227,0.02947425,-0.07840901,-0.995969,0.043563522,0.012365904,-0.015524568,0.7248969,0.6885714
119672,2.0585048,92.936,-179.75282,-0.29312077,9.582058,-0.53001016,-0.01771509,-0.018784106,0.03023783,-0.086015746,-0.99370223,0.071813606,0.011537395,-0.013935692,0.72484446,0.688675
119779,2.0585048,92.936,-179.75282,-0.29312077,9.582058,-0.53001016,-0.01771509,-0.018784106,0.03023783,-0.086015746,-0.99370223,0.071813606,0.011537395,-0.013935692,0.72484446,0.688675
119886,2.0585048,92.936,-179.75282,-0.29312077,9.582058,-0.53001016,-0.01771509,-0.018784106,0.03023783,-0.086015746,-0.99370223,0.071813606,0.011537395,-0.013935692,0.72484446,0.688675
119992,2.0585048,92.936,-179.75282,-0.29312077,9.582058,-0.53001016,-0.01771509,-0.018784106,0.03023783,-0.086015746,-0.99370223,0.071813606,0.011537395,-0.013935692,0.72484446,0.688675
120099,2.0585048,92.936,-179.75282,-0.29312077,9.582058,-0.53001016,-0.01771509,-0.018784106,0.03023783,-0.086015746,-0.99370223,0.071813606,0.011537395,-0.013935692,0.72484446,0.688675
120206,2.0585048,92.936,-179.75282,-0.29312077,9.582058,-0.53001016,-0.01771509,-0.018784106,0.03023783,-0.086015746,-0.99370223,0.071813606,0.011537395,-0.013935692,0.72484446,0.688675
120312,2.0585048,92.936,-179.75282,-0.29312077,9.582058,-0.53001016,-0.01771509,-0.018784106,0.03023783,-0.086015746,-0.99370223,0.071813606,0.011537395,-0.013935692,0.72484446,0.688675
120419,1.8553092,93.309105,179.41269,-0.31226337,9.593424,-0.58923256,-0.024740042,-0.0125227375,0.027794369,-0.08018883,-0.9954121,0.052196395,0.015291059,-0.007385849,0.7271806,0.6862361
120526,1.9036485,92.79185,179.69124,-0.30927232,9.544969,-0.5246263,-0.02611449,-0.014660766,0.026267204,-0.08032818,-0.9954418,0.051410474,0.013886867,-0.009505757,0.7240511,0.689541
120632,1.893109,92.65415,179.71326,-0.3194418,9.570692,-0.509073,-0.026725354,-0.014202617,0.031001411,-0.09189939,-0.9950702,0.037279505,0.013676316,-0.00959784,0.7232211,0.69041437
120739,1.893109,92.65415,179.71326,-0.3194418,9.570692,-0.509073,-0.026725354,-0.014202617,0.031001411,-0.09189939,-0.9950702,0.037279505,0.013676316,-0.00959784,0.7232211,0.69041437
120846,1.8102901,92.69229,-179.89229,-0.29970104,9.568299,-0.52522457,-0.022449298,-0.016646078,0.027641652,-0.084271245,-0.9954531,0.04440113,0.01078078,-0.011584749,0.72342247,0.69022423
120952,1.8102901,92.69229,-179.89229,-0.29970104,9.568299,-0.52522457,-0.022449298,-0.016646078,0.027641652,-0.084271245,-0.9954531,0.04440113,0.01078078,-0.011584749,0.72342247,0.69022423
121059,1.96021,92.720436,-179.9384,-0.33200413,9.542577,-0.5455635,-0.02076942,-0.016187929,0.02855795,-0.0788621,-0.99602145,0.041497167,0.012007973,-0.012193692,0.72358054,0.6900278
121166,1.9030704,93.463844,179.82393,-0.317049,9.559326,-0.52522457,-0.027488936,-0.02107485,0.027641652,-0.07690614,-0.9948501,0.06602108,0.013145217,-0.010263724,0.728071,0.68529886
121272,1.80942,93.13799,179.80276,-0.2673979,9.576076,-0.5347958,-0.02367103,-0.016035212,0.028863383,-0.074015066,-0.9962166,0.045544405,0.01264952,-0.009605177,0.7261299,0.6873741
121379,1.80942,93.13799,179.80276,-0.2673979,9.576076,-0.5347958,-0.02367103,-0.016035212,0.028863383,-0.074015066,-0.9962166,0.045544405,0.01264952,-0.009605177,0.7261299,0.6873741
121486,1.80942,93.13799,179.80276,-0.2673979,9.576076,-0.5347958,-0.02367103,-0.016035212,0.028863383,-0.074015066,-0.9962166,0.045544405,0.01264952,-0.009605177,0.7261299,0.6873741
121592,1.80942,93.13799,179.80276,-0.2673979,9.576076,-0.5347958,-0.02367103,-0.016035212,0.028863383,-0.074015066,-0.9962166,0.045544405,0.01264952,-0.009605177,0.7261299,0.6873741
121699,1.80942,93.13799,179.80276,-0.2673979,9.576076,-0.5347958,-0.02367103,-0.016035212,0.028863383,-0.074015066,-0.9962166,0.045544405,0.01264952,-0.009605177,0.7261299,0.6873741
121806,1.7127873,97.299774,-104.80395,-0.0053838505,10.945369,-7.193423,0.30146202,5.003444,1.6630806,0.09597956,-0.9895457,-0.107643954,-0.3941448,-0.46577975,0.588686,0.5302338
121912,-0.84423345,104.43937,-67.55812,2.522035,8.919246,0.37387854,0.4738787,5.003444,-0.87979865,0.34056526,-0.9224797,-0.18178692,-0.5124388,-0.65441483,0.44317642,0.3357713
122019,10.73747,115.65867,-27.004457,2.5908287,8.240881,2.0644076,1.0590876,3.7048976,-3.4022138,0.7725174,-0.634896,-0.0111382045,-0.4969637,-0.8310913,0.14832744,0.20078172
122126,3.3671122,120.6907,-13.921699,5.13081,7.045068,0.68554366,0.2817616,3.7711763,0.6201809,0.8228719,-0.5484844,0.14848135,-0.48781794,-0.8640073,0.09084352,0.08527913
122232,-22.486141,127.92709,-8.162651,1.9070796,8.13799,-1.9172491,1.0511464,0.6960809,2.4249823,0.53609484,-0.7342766,0.4164616,-0.4418956,-0.87294555,0.14808656,-0.14409968
122339,-33.53111,133.86821,-18.132338,-1.8963119,7.3663044,-0.7609176,0.22586742,0.6111707,4.9367075,0.3996645,-0.81582874,0.4179614,-0.4122689,-0.8521323,0.25041735,-0.20296794
122446,-24.267208,137.85591,-27.1168,-1.1234301,9.250652,-1.9184455,-0.028710665,-3.844633,0.20662516,0.28401724,-0.85481083,0.43431863,-0.3876949,-0.86914206,0.28733897,-0.10826363
122552,-9.512445,141.41193,-41.224377,-0.73878396,7.578069,-0.44925243,-0.021838432,-5.004208,0.28909197,0.38509676,-0.86111116,0.33194584,-0.33575004,-0.87072855,0.35676745,0.042669743
122659,0.3186645,141.62685,-50.012997,-0.37746775,10.360323,-1.0073783,-0.06963864,-5.004208,0.3174972,0.46402493,-0.8607537,0.20924607,-0.29672673,-0.8563032,0.39841053,0.14130498
122766,13.985467,138.64963,-63.037148,-0.506082,9.723234,-0.7800602,-0.030390546,-0.10094548,0.043066,0.50429696,-0.86331576,-0.019247342,-0.23919725,-0.81410736,0.44882596,0.28030187
122872,13.806068,137.31216,-63.603695,-0.12502497,9.583255,-0.55453664,-0.02733622,-0.016340645,0.03390302,0.49919584,-0.8664821,-0.0035143509,-0.2480893,-0.8088994,0.45010304,0.2855533
122979,13.7154255,136.44395,-63.96058,-0.114257276,9.577272,-0.55513483,-0.02275473,-0.021991149,0.032375857,0.49156567,-0.87083507,0.003084046,-0.2537257,-0.8055179,0.45073152,0.28914568
123086,13.534868,135.16765,-64.449,-0.11485548,9.57787,-0.529412,-0.022143863,-0.018936822,0.031306844,0.48974454,-0.8718083,-0.010028823,-0.26225692,-0.8005555,0.451497,0.2940792
123193,13.494831,134.72318,-64.62274,-0.12203395,9.57488,-0.56171507,-0.025045475,-0.022449298,0.027488936,0.48955,-0.87184536,0.015047765,-0.26509586,-0.7988092,0.45169783,0.29596812
123299,13.401904,133.86836,-64.94692,-0.1471586,9.5665045,-0.57906306,-0.022602012,-0.014966198,0.028710665,0.48908424,-0.87223655,-0.00020749896,-0.27062857,-0.79543906,0.4520429,0.29948977
123406,13.291708,132.63689,-65.407974,-0.1477568,9.572487,-0.5910272,-0.02397646,-0.020922136,0.027030788,0.5008406,-0.8655099,-0.007158849,-0.27844474,-0.79055154,0.45236135,0.30473927
123512,13.133621,131.07848,-65.97947,-0.13339986,9.563514,-0.57248276,-0.02687807,-0.009162978,0.026725354,0.48835123,-0.8725516,0.01291131,-0.28835034,-0.784259,0.45264775,0.31129068
123619,13.036483,129.86333,-66.43017,-0.1268196,9.574282,-0.58923256,-0.024892759,-0.030085113,0.027641652,0.48650777,-0.8736709,0.0030650843,-0.29585707,-0.77926177,0.45273668,0.31662154
123726,12.957043,129.0284,-66.729225,-0.14057833,9.584451,-0.5706882,-0.021838432,-0.024740042,0.03023783,0.50058186,-0.8654213,0.021535587,-0.30106118,-0.77580345,0.45273072,0.32019693
123832,12.913095,128.5933,-66.88488,-0.1489532,9.580263,-0.549751,-0.022907447,-0.020005837,0.028710665,0.49076885,-0.87128687,-0.0022617166,-0.3037719,-0.77398217,0.4527229,0.32204998
123939,12.818355,127.75733,-67.153496,-0.14237295,9.573683,-0.549751,-0.027947085,-0.015577063,0.028099801,0.49184942,-0.87061214,0.010894149,-0.30908868,-0.7705569,0.4525166,0.32547653
124046,12.686101,126.47251,-67.58145,-0.13100703,9.577272,-0.5635097,-0.025503622,-0.018784106,0.027488936,0.4937535,-0.86942965,0.017308796,-0.3170896,-0.76516926,0.45219335,0.33089486
124152,12.564867,125.18162,-68.018936,-0.13220344,9.565308,-0.5449653,-0.02443461,-0.017562376,0.027488936,0.49044186,-0.87132645,0.016031807,-0.32497054,-0.759646,0.45180032,0.33646488
124259,12.483455,124.30263,-68.30357,-0.14297114,9.596415,-0.5766702,-0.023365596,-0.015577063,0.028710665,0.49297795,-0.869894,0.01603539,-0.33032307,-0.7558843,0.45139685,0.3402447
124366,12.358882,123.07806,-68.714264,-0.13160524,9.557531,-0.549751,-0.025961772,-0.022143863,0.028863383,0.4790277,-0.8777957,0.0026714639,-0.3377254,-0.75049645,0.45091203,0.34550682
124472,12.246745,121.9634,-69.04317,-0.13878371,9.570692,-0.5940182,-0.02733622,-0.01817324,0.02733622,0.4896054,-0.8718766,-0.010853461,-0.344528,-0.74569637,0.45011348,0.35019314
124579,12.171534,121.31275,-69.24443,-0.14297114,9.558129,-0.54376894,-0.02076942,-0.015577063,0.030390546,0.490681,-0.8713242,-0.005130811,-0.3484877,-0.74280834,0.44972116,0.3529065
124686,12.171534,121.31275,-69.24443,-0.14297114,9.558129,-0.54376894,-0.02076942,-0.015577063,0.030390546,0.490681,-0.8713242,-0.005130811,-0.3484877,-0.74280834,0.44972116,0.3529065
124792,12.007716,133.05922,-69.03943,-0.13878371,9.261419,-1.1970094,5.003444,0.24159719,-0.10247265,0.4910957,-0.8669358,-0.08513126,-0.27198207,-0.7752257,0.48263097,0.3035099
124899,12.671622,164.64844,-68.906906,0.6699903,3.058027,7.317251,5.003444,-0.06337727,-0.15210545,0.49272946,-0.40523833,-0.77006465,-0.04759225,-0.8205452,0.5450886,0.16528462
125006,13.38209,-179.18358,-68.14393,-0.16809578,0.7022934,9.549755,0.464563,-0.026267204,-0.51831913,0.4636509,0.16040064,-0.87137794,0.07113562,-0.82220674,0.5570914,0.09254712
125112,13.935254,179.33142,-65.869194,0.035892338,3.0945177,9.491131,-0.3885103,-0.1217149,-0.46135598,0.4541188,0.1678484,-0.8749875,0.061091486,-0.833464,0.539063,0.10496012
125219,15.654344,-175.41719,-41.54774,-0.09930214,0.6729813,9.596415,-0.06078109,-0.15943584,-1.5607607,0.29272813,0.34154162,-0.8931179,0.085297994,-0.9236047,0.35618618,0.11318116
125326,15.763059,-175.02042,-39.40267,-0.034695927,0.59641105,9.652646,-0.052687127,-0.11835514,-0.95340794,0.27861652,0.36061457,-0.8901292,0.08669579,-0.9296808,0.33922568,0.11446989
125432,15.991958,-175.49687,-39.474373,0.044865426,0.68973106,9.649057,-0.027183503,-0.008857545,0.025961772,0.2730408,0.3620887,-0.8912578,0.083559394,-0.9295354,0.3393087,0.11769189
125539,15.991958,-175.49687,-39.474373,0.044865426,0.68973106,9.649057,-0.027183503,-0.008857545,0.025961772,0.2730408,0.3620887,-0.8912578,0.083559394,-0.9295354,0.3393087,0.11769189
125647,16.067,-175.62689,-39.513783,0.077168524,0.69571316,9.655637,-0.020158552,-0.01863139,0.029321533,0.25812188,0.35881978,-0.8970069,0.082761,-0.9294187,0.33948708,0.11865947
125752,16.067,-175.62689,-39.513783,0.077168524,0.69571316,9.655637,-0.020158552,-0.01863139,0.029321533,0.25812188,0.35881978,-0.8970069,0.082761,-0.9294187,0.33948708,0.11865947
125859,16.067,-175.62689,-39.513783,0.077168524,0.69571316,9.655637,-0.020158552,-0.01863139,0.029321533,0.25812188,0.35881978,-0.8970069,0.082761,-0.9294187,0.33948708,0.11865947
125966,16.067,-175.62689,-39.513783,0.077168524,0.69571316,9.655637,-0.020158552,-0.01863139,0.029321533,0.25812188,0.35881978,-0.8970069,0.082761,-0.9294187,0.33948708,0.11865947
126072,16.346563,-176.15067,-39.6544,0.062213387,0.7232306,9.607781,-0.022907447,-0.0077885315,0.02687807,0.26254928,0.38414538,-0.88515544,0.079467334,-0.9290198,0.3400416,0.12238826
126179,16.346563,-176.15067,-39.6544,0.062213387,0.7232306,9.607781,-0.022907447,-0.0077885315,0.02687807,0.26254928,0.38414538,-0.88515544,0.079467334,-0.9290198,0.3400416,0.12238826
126286,16.987953,-177.36632,-40.015648,0.05503492,0.71126646,9.60479,-0.021533,-0.01572978,0.029321533,0.26012117,0.35190505,-0.89916617,0.0718812,-0.92793244,0.34149578,0.13097742
126392,17.624214,-178.71466,-40.43395,0.064008005,0.70947194,9.621539,-0.025045475,-0.017104227,0.027030788,0.26880348,0.35504153,-0.89537156,0.06333832,-0.9266618,0.343088,0.139917
126499,17.624214,-178.71466,-40.43395,0.064008005,0.70947194,9.621539,-0.025045475,-0.017104227,0.027030788,0.26880348,0.35504153,-0.89537156,0.06333832,-0.9266618,0.343088,0.139917
126606,18.036617,-179.54869,-40.69412,0.10468599,0.68913287,9.611968,-0.024281893,-0.027641652,0.027641652,0.25819573,0.36456084,-0.89466774,0.058149554,-0.92579144,0.3439838,0.1456158
126712,18.18359,-179.8214,-40.7879,0.05563312,0.69631135,9.653245,-0.020005837,-0.016187929,0.027794369,0.25588116,0.3384218,-0.90553606,0.056507036,-0.9254558,0.34432542,0.1475755
126820,18.561314,179.31308,-41.086647,0.05084748,0.6879364,9.643673,-0.021380283,-0.010537425,0.030085113,0.26964343,0.36676973,-0.8903777,0.051051583,-0.9244724,0.34541065,0.15308829
126926,18.77257,178.87735,-41.236496,0.054436717,0.7154539,9.677173,-0.024129178,-0.01695151,0.028405234,0.26762378,0.39138383,-0.8804523,0.04838105,-0.9239346,0.34591293,0.15603983
127032,18.878057,178.57748,-41.34585,0.058025945,0.7178468,9.604192,-0.022602012,-0.010842858,0.030085113,0.2602359,0.36548698,-0.8936982,0.04643525,-0.923591,0.34632143,0.15774949
127139,19.107998,178.15236,-41.503407,0.05682954,0.68494546,9.625129,-0.021685716,-0.013133602,0.028710665,0.25826937,0.36222544,-0.8955946,0.043933246,-0.92298245,0.34685645,0.16082253
127246,19.107998,178.15236,-41.503407,0.05682954,0.68494546,9.625129,-0.021685716,-0.013133602,0.028710665,0.25826937,0.36222544,-0.8955946,0.043933246,-0.92298245,0.34685645,0.16082253
127353,19.407661,177.42198,-41.78507,0.05742774,0.70049876,9.601798,-0.022449298,-0.011759155,0.030543262,0.26754582,0.36829484,-0.8903809,0.039378505,-0.92200303,0.34788248,0.1653406
127459,19.532616,177.14113,-41.895847,0.051445685,0.70648086,9.586246,-0.023060162,-0.028405234,0.030695977,0.27127334,0.35024908,-0.89651346,0.0376677,-0.9215979,0.3482765,0.16715851
127566,19.790827,176.56638,-42.111732,0.06699903,0.701097,9.570094,-0.021380283,-0.028863383,0.03191771,0.2637715,0.35478672,-0.89696765,0.034171034,-0.92078406,0.34896946,0.1709076
127672,19.907167,176.27522,-42.219574,0.06879365,0.69332033,9.622736,-0.023365596,-0.009162978,0.027488936,0.27290922,0.35490006,-0.8941848,0.032358415,-0.92038804,0.34930727,0.17269407
127779,19.907167,176.27522,-42.219574,0.06879365,0.69332033,9.622736,-0.023365596,-0.009162978,0.027488936,0.27290922,0.35490006,-0.8941848,0.032358415,-0.92038804,0.34930727,0.17269407
127886,19.907167,176.27522,-42.219574,0.06879365,0.69332033,9.622736,-0.023365596,-0.009162978,0.027488936,0.27290922,0.35490006,-0.8941848,0.032358415,-0.92038804,0.34930727,0.17269407
127992,20.27193,175.4048,-42.55763,0.08315059,0.70588267,9.620941,-0.021685716,-0.027794369,0.030543262,0.27801707,0.36776024,-0.8873888,0.027040904,-0.91910535,0.35038137,0.178177
128099,20.27193,175.4048,-42.55763,0.08315059,0.70588267,9.620941,-0.021685716,-0.027794369,0.030543262,0.27801707,0.36776024,-0.8873888,0.027040904,-0.91910535,0.35038137,0.178177
128206,20.27193,175.4048,-42.55763,0.08315059,0.70588267,9.620941,-0.021685716,-0.027794369,0.030543262,0.27801707,0.36776024,-0.8873888,0.027040904,-0.91910535,0.35038137,0.178177
128312,20.539421,174.65714,-42.831715,0.050249275,0.6879364,9.647263,-0.023365596,-0.007330383,0.02657264,0.26247835,0.3606102,-0.8950226,0.022331037,-0.9180789,0.35115862,0.18253785
128419,20.539421,174.65714,-42.831715,0.050249275,0.6879364,9.647263,-0.023365596,-0.007330383,0.02657264,0.26247835,0.3606102,-0.8950226,0.022331037,-0.9180789,0.35115862,0.18253785
128526,20.539421,174.65714,-42.831715,0.050249275,0.6879364,9.647263,-0.023365596,-0.007330383,0.02657264,0.26247835,0.3606102,-0.8950226,0.022331037,-0.9180789,0.35115862,0.18253785
128632,20.539421,174.65714,-42.831715,0.050249275,0.6879364,9.647263,-0.023365596,-0.007330383,0.02657264,0.26247835,0.3606102,-0.8950226,0.022331037,-0.9180789,0.35115862,0.18253785
128739,20.539421,174.65714,-42.831715,0.050249275,0.6879364,9.647263,-0.023365596,-0.007330383,0.02657264,0.26247835,0.3606102,-0.8950226,0.022331037,-0.9180789,0.35115862,0.18253785
128846,21.10508,173.15956,-43.45911,0.05563312,0.70648086,9.570692,-0.02321288,-0.027947085,0.02947425,0.26511186,0.3638283,-0.8929416,0.01319921,-0.91564924,0.35316688,0.1915343
128952,21.316904,172.56886,-43.70715,0.071784675,0.6903293,9.6012,-0.019242255,-0.02397646,0.02947425,0.2605689,0.3566605,-0.8971606,0.009592991,-0.9146694,0.35392046,0.19500805
129059,21.316904,172.56886,-43.70715,0.071784675,0.6903293,9.6012,-0.019242255,-0.02397646,0.02947425,0.2605689,0.3566605,-0.8971606,0.009592991,-0.9146694,0.35392046,0.19500805
129166,22.069073,170.4001,-44.62365,0.05084748,0.70348984,9.588638,-0.02367103,-0.028252516,0.030390546,0.2659715,0.36500055,-0.89220726,-0.0035711883,-0.9109234,0.3565046,0.20763017
129272,22.27983,169.76768,-44.905674,0.054436717,0.7046862,9.593424,-0.01817324,-0.02733622,0.027641652,0.26077694,0.36280426,-0.8946331,-0.0073667048,-0.9097484,0.35731074,0.21126437
129379,22.467255,169.11423,-45.18048,0.08315059,0.6867401,9.636495,-0.02641992,-0.027183503,0.027030788,0.2557311,0.3592146,-0.89753354,-0.011401433,-0.9086018,0.3580189,0.21479113
129486,22.690191,168.49399,-45.474583,0.07058827,0.7028916,9.615558,-0.018325957,-0.030695977,0.029168814,0.27400398,0.3525935,-0.89476234,-0.014993988,-0.90733236,0.35885882,0.21850292
129593,22.750015,168.18166,-45.613525,0.05682954,0.71425754,9.5868435,-0.026267204,-0.014355333,0.029321533,0.26297677,0.35308272,-0.8978729,-0.016993808,-0.90677917,0.35927352,0.21996647
129699,22.862913,167.85156,-45.76958,0.076570325,0.7130611,9.637093,-0.02443461,-0.017562376,0.03023783,0.28028825,0.3634636,-0.888444,-0.018912388,-0.90609854,0.3597034,0.22190374
129806,22.862913,167.85156,-45.76958,0.076570325,0.7130611,9.637093,-0.02443461,-0.017562376,0.03023783,0.28028825,0.3634636,-0.888444,-0.018912388,-0.90609854,0.3597034,0.22190374
129912,22.862913,167.85156,-45.76958,0.076570325,0.7130611,9.637093,-0.02443461,-0.017562376,0.03023783,0.28028825,0.3634636,-0.888444,-0.018912388,-0.90609854,0.3597034,0.22190374
130019,22.862913,167.85156,-45.76958,0.076570325,0.7130611,9.637093,-0.02443461,-0.017562376,0.03023783,0.28028825,0.3634636,-0.888444,-0.018912388,-0.90609854,0.3597034,0.22190374
130126,23.425379,165.90247,-46.66898,0.062213387,0.68973106,9.638289,-0.024892759,-0.025045475,0.029321533,0.286263,0.35370412,-0.89047563,-0.030528985,-0.9021612,0.36204544,0.232586
130232,23.471428,165.73824,-46.746593,0.05682954,0.6873383,9.638289,-0.025809057,-0.0206167,0.02855795,0.26661873,0.33345562,-0.9042797,-0.031499933,-0.9018163,0.36224565,0.23348054
130339,23.471428,165.73824,-46.746593,0.05682954,0.6873383,9.638289,-0.025809057,-0.0206167,0.02855795,0.26661873,0.33345562,-0.9042797,-0.031499933,-0.9018163,0.36224565,0.23348054
130446,23.471428,165.73824,-46.746593,0.05682954,0.6873383,9.638289,-0.025809057,-0.0206167,0.02855795,0.26661873,0.33345562,-0.9042797,-0.031499933,-0.9018163,0.36224565,0.23348054
130552,23.553385,165.41818,-46.900803,0.06281159,0.683749,9.61795,-0.027030788,-0.010231993,0.030085113,0.2692793,0.35964,-0.89339113,-0.0334096,-0.90114015,0.36266625,0.23516676
130659,23.992369,163.45479,-47.828785,0.05503492,0.7124629,9.571889,-0.022907447,-0.009773844,0.029321533,0.27790028,0.36200523,-0.88978857,-0.045280244,-0.897007,0.36505434,0.24507862
130766,24.113115,162.95357,-48.076553,0.050249275,0.69930243,9.623933,-0.02076942,-0.012217305,0.03023783,0.2603007,0.36353734,-0.8944742,-0.048224896,-0.89587516,0.36568916,0.24769637
130872,24.113115,162.95357,-48.076553,0.050249275,0.69930243,9.623933,-0.02076942,-0.012217305,0.03023783,0.2603007,0.36353734,-0.8944742,-0.048224896,-0.89587516,0.36568916,0.24769637
130979,24.363081,161.96413,-48.575237,0.078963146,0.6945168,9.630512,-0.024587328,-0.027030788,0.028863383,0.27152863,0.3580178,-0.89336187,-0.053934455,-0.89356005,0.36693937,0.2529762
131086,24.405289,161.63603,-48.726128,0.061016977,0.701097,9.614361,-0.02657264,-0.016493361,0.02565634,0.28363082,0.35721397,-0.8899167,-0.056000225,-0.89287275,0.3673056,0.2544186
131192,24.405289,161.63603,-48.726128,0.061016977,0.701097,9.614361,-0.02657264,-0.016493361,0.02565634,0.28363082,0.35721397,-0.8899167,-0.056000225,-0.89287275,0.3673056,0.2544186
131299,24.461765,161.46179,-48.81366,0.08075777,0.6903293,9.646066,-0.026267204,-0.0290161,0.027183503,0.26750922,0.351587,-0.8971206,-0.056951277,-0.8924444,0.36748698,0.25544652
131406,24.726492,160.08746,-49.502514,0.032303106,0.69990057,9.644272,-0.021991149,-0.02443461,0.027947085,0.27926975,0.3621789,-0.88928896,-0.06507902,-0.8892138,0.36919343,0.2622207
131513,24.726492,160.08746,-49.502514,0.032303106,0.69990057,9.644272,-0.021991149,-0.02443461,0.027947085,0.27926975,0.3621789,-0.88928896,-0.06507902,-0.8892138,0.36919343,0.2622207
131619,24.726492,160.08746,-49.502514,0.032303106,0.69990057,9.644272,-0.021991149,-0.02443461,0.027947085,0.27926975,0.3621789,-0.88928896,-0.06507902,-0.8892138,0.36919343,0.2622207
131726,24.819443,159.5795,-49.75348,0.077168524,0.6783652,9.628718,-0.025198191,-0.022296581,0.02855795,0.28400302,0.3568409,-0.88994765,-0.068086095,-0.8880122,0.3697739,0.26469967
131832,24.819443,159.5795,-49.75348,0.077168524,0.6783652,9.628718,-0.025198191,-0.022296581,0.02855795,0.28400302,0.3568409,-0.88994765,-0.068086095,-0.8880122,0.3697739,0.26469967
131939,25.162682,157.52205,-50.789352,0.0424726,0.68973106,9.644272,-0.01863139,-0.012675454,0.02977968,0.28158906,0.37560675,-0.88296497,-0.08021814,-0.88298154,0.3721745,0.27458113
132046,25.162682,157.52205,-50.789352,0.0424726,0.68973106,9.644272,-0.01863139,-0.012675454,0.02977968,0.28158906,0.37560675,-0.88296497,-0.08021814,-0.88298154,0.3721745,0.27458113
132152,25.263397,156.68282,-51.2182,0.06759723,0.6945168,9.592826,-0.017104227,-0.015882496,0.0290161,0.2845421,0.35274976,-0.8914053,-0.08524626,-0.8808844,0.37321565,0.27836266
132259,25.337265,156.3452,-51.40522,0.06580262,0.71007013,9.623334,-0.021227568,-0.024740042,0.028099801,0.29179412,0.34701636,-0.8913113,-0.08709194,-0.8799519,0.37365454,0.2801462
132366,25.339746,156.1821,-51.481728,0.071784675,0.68853474,9.626924,-0.020463986,-0.006872234,0.028099801,0.2861281,0.37013334,-0.8838167,-0.08814703,-0.8795754,0.37383682,0.28075486
132472,25.339746,156.1821,-51.481728,0.071784675,0.68853474,9.626924,-0.020463986,-0.006872234,0.028099801,0.2861281,0.37013334,-0.8838167,-0.08814703,-0.8795754,0.37383682,0.28075486
132579,25.339746,156.1821,-51.481728,0.071784675,0.68853474,9.626924,-0.020463986,-0.006872234,0.028099801,0.2861281,0.37013334,-0.8838167,-0.08814703,-0.8795754,0.37383682,0.28075486
132686,25.339746,156.1821,-51.481728,0.071784675,0.68853474,9.626924,-0.020463986,-0.006872234,0.028099801,0.2861281,0.37013334,-0.8838167,-0.08814703,-0.8795754,0.37383682,0.28075486
132792,25.339746,156.1821,-51.481728,0.071784675,0.68853474,9.626924,-0.020463986,-0.006872234,0.028099801,0.2861281,0.37013334,-0.8838167,-0.08814703,-0.8795754,0.37383682,0.28075486
132899,25.339746,156.1821,-51.481728,0.071784675,0.68853474,9.626924,-0.020463986,-0.006872234,0.028099801,0.2861281,0.37013334,-0.8838167,-0.08814703,-0.8795754,0.37383682,0.28075486
133006,25.474321,155.31924,-51.94104,0.037088748,0.69930243,9.620343,-0.023060162,-0.025045475,0.028405234,0.2666135,0.35324395,-0.89673626,-0.09309046,-0.87727016,0.3749014,0.28492138
133112,25.751698,152.34604,-53.503647,0.069391854,0.67417777,9.631111,-0.019242255,-0.014355333,0.029932396,0.2671501,0.37366402,-0.8882601,-0.11064488,-0.86925757,0.3785365,0.2980924
133219,25.78664,151.99048,-53.6959,0.044865426,0.7130611,9.647263,-0.024587328,-0.012980886,0.02977968,0.2730159,0.35180286,-0.8953754,-0.11269435,-0.86824894,0.378973,0.29970518
133326,25.83614,151.26378,-54.08668,0.071784675,0.7076773,9.636495,-0.025045475,-0.004276057,0.028710665,0.26860377,0.3721414,-0.88846093,-0.11696049,-0.8661902,0.37988544,0.30285615
133432,25.906042,150.53963,-54.48426,0.048454653,0.70707905,9.616156,-0.024281893,-0.00870483,0.028099801,0.26684612,0.35681498,-0.89525205,-0.121078074,-0.864069,0.3807695,0.30616903
133539,25.932941,150.35403,-54.58745,0.05563312,0.6699903,9.640682,-0.025503622,-0.025503622,0.027641652,0.2638577,0.352969,-0.8976592,-0.12208758,-0.8635106,0.38097554,0.30708578
133646,25.932941,150.35403,-54.58745,0.05563312,0.6699903,9.640682,-0.025503622,-0.025503622,0.027641652,0.2638577,0.352969,-0.8976592,-0.12208758,-0.8635106,0.38097554,0.30708578
133752,25.932941,150.35403,-54.58745,0.05563312,0.6699903,9.640682,-0.025503622,-0.025503622,0.027641652,0.2638577,0.352969,-0.8976592,-0.12208758,-0.8635106,0.38097554,0.30708578
133859,25.932941,150.35403,-54.58745,0.05563312,0.6699903,9.640682,-0.025503622,-0.025503622,0.027641652,0.2638577,0.352969,-0.8976592,-0.12208758,-0.8635106,0.38097554,0.30708578
133966,26.040277,148.70248,-55.473564,0.08374879,0.71007013,9.629316,-0.02275473,-0.012675454,0.02855795,0.25567603,0.362077,-0.89639837,-0.13163967,-0.85865927,0.38284972,0.31432682
134072,26.040277,148.70248,-55.473564,0.08374879,0.71007013,9.629316,-0.02275473,-0.012675454,0.02855795,0.25567603,0.362077,-0.89639837,-0.13163967,-0.85865927,0.38284972,0.31432682
134179,26.040277,148.70248,-55.473564,0.08374879,0.71007013,9.629316,-0.02275473,-0.012675454,0.02855795,0.25567603,0.362077,-0.89639837,-0.13163967,-0.85865927,0.38284972,0.31432682
134286,26.1353,146.50156,-56.677097,0.05742774,0.7130611,9.605986,-0.023365596,-0.0077885315,0.028252516,0.2502371,0.36467487,-0.8968799,-0.14430578,-0.85192144,0.38542145,0.32381475
134392,26.163832,146.31494,-56.786053,0.05922236,0.7022934,9.613165,-0.02351831,-0.02947425,0.025045475,0.24967548,0.36029467,-0.8988047,-0.14525966,-0.85130495,0.38561577,0.3247768
134499,26.169683,145.55827,-57.19554,0.047258247,0.6735796,9.643673,-0.02367103,-0.029168814,0.0290161,0.26154074,0.36795998,-0.89230144,-0.1496814,-0.84894884,0.38648078,0.32789314
134606,26.160645,145.00055,-57.486145,0.05623133,0.6903293,9.613763,-0.028863383,-0.014966198,0.029626964,0.2806815,0.37197697,-0.8847887,-0.15301459,-0.8472354,0.38705862,0.3300976
134712,26.174904,144.42618,-57.80317,0.078963146,0.6975078,9.620941,-0.025045475,-0.013897184,0.029168814,0.26594853,0.36853498,-0.89075994,-0.15627679,-0.8453827,0.38769412,0.33256418
134819,26.172636,144.2473,-57.903408,0.077168524,0.68554366,9.649057,-0.020922136,-0.017104227,0.028863383,0.25910985,0.36954027,-0.8923576,-0.1573148,-0.8447996,0.38792092,0.3332913
134926,26.154438,143.69669,-58.193905,0.1058824,0.69571316,9.64128,-0.028405234,-0.011301006,0.030848695,0.27546722,0.37443712,-0.88538957,-0.16060345,-0.8430583,0.38851207,0.33543643
135032,26.154438,143.69669,-58.193905,0.1058824,0.69571316,9.64128,-0.028405234,-0.011301006,0.030848695,0.27546722,0.37443712,-0.88538957,-0.16060345,-0.8430583,0.38851207,0.33543643
135139,26.114454,141.96361,-59.11432,0.0957129,0.69930243,9.641878,-0.022449298,-0.020005837,0.025350908,0.2704455,0.3852123,-0.88230985,-0.17076913,-0.8374367,0.3902667,0.3423881
135246,26.114454,141.96361,-59.11432,0.0957129,0.69930243,9.641878,-0.022449298,-0.020005837,0.025350908,0.2704455,0.3852123,-0.88230985,-0.17076913,-0.8374367,0.3902667,0.3423881
135352,26.070877,141.41983,-59.40091,0.058025945,0.6831508,9.647263,-0.028863383,-0.010079276,0.027488936,0.2621182,0.3656876,-0.89306587,-0.1740775,-0.83565205,0.39087513,0.34438244
135459,26.034012,140.65335,-59.809204,0.058624152,0.6735796,9.58804,-0.02641992,-0.012980886,0.028099801,0.2753213,0.37307525,-0.88600963,-0.17859384,-0.83308583,0.39165923,0.34738344
135566,26.034012,140.65335,-59.809204,0.058624152,0.6735796,9.58804,-0.02641992,-0.012980886,0.028099801,0.2753213,0.37307525,-0.88600963,-0.17859384,-0.83308583,0.39165923,0.34738344
135672,26.034012,140.65335,-59.809204,0.058624152,0.6735796,9.58804,-0.02641992,-0.012980886,0.028099801,0.2753213,0.37307525,-0.88600963,-0.17859384,-0.83308583,0.39165923,0.34738344
135779,25.984844,139.67868,-60.337082,0.061016977,0.7082755,9.593424,-0.028863383,-0.004581489,0.027947085,0.2682783,0.37465468,-0.8875025,-0.18428172,-0.82974327,0.3926869,0.3512312
135886,25.984844,139.67868,-60.337082,0.061016977,0.7082755,9.593424,-0.028863383,-0.004581489,0.027947085,0.2682783,0.37465468,-0.8875025,-0.18428172,-0.82974327,0.3926869,0.3512312
135992,25.913069,138.36276,-61.095715,0.07298109,0.6873383,9.6376915,-0.021991149,-0.021380283,0.027030788,0.27172297,0.36676314,-0.889748,-0.19177164,-0.8249844,0.39435157,0.35652667
136099,25.754803,137.02278,-61.814587,0.07537391,0.7016952,9.575478,-0.021685716,-0.019547688,0.030695977,0.2900128,0.35908276,-0.8871032,-0.19987637,-0.820215,0.3958796,0.36135325
136206,25.744976,136.8167,-61.93426,0.060418766,0.6801598,9.603594,-0.025045475,-0.024281893,0.031154126,0.29826325,0.36712143,-0.88105667,-0.20101897,-0.81944036,0.39612058,0.3622117
136312,25.65984,136.06174,-62.320923,0.06759723,0.69930243,9.625727,-0.021380283,-0.019700404,0.027030788,0.27760777,0.36524093,-0.8885567,-0.20558153,-0.816756,0.3967951,0.3649651
136419,25.654379,135.86165,-62.44206,0.061615184,0.6903293,9.638887,-0.023060162,-0.02657264,0.029168814,0.285414,0.3537196,-0.890742,-0.20664649,-0.81597584,0.39704004,0.3658413
136526,25.654379,135.86165,-62.44206,0.061615184,0.6903293,9.638887,-0.023060162,-0.02657264,0.029168814,0.285414,0.3537196,-0.890742,-0.20664649,-0.81597584,0.39704004,0.3658413
136632,25.58746,135.47905,-62.619118,0.08913264,0.69332033,9.625727,-0.026725354,-0.005192355,0.029321533,0.28226018,0.36045846,-0.8890438,-0.2091179,-0.81465906,0.39732218,0.36706316
136739,25.495335,134.50162,-63.137127,0.07058827,0.70049876,9.59462,-0.024740042,-0.008857545,0.025809057,0.29643607,0.3817261,-0.87544894,-0.21481928,-0.8110365,0.39819136,0.37083164
136846,25.495335,134.50162,-63.137127,0.07058827,0.70049876,9.59462,-0.024740042,-0.008857545,0.025809057,0.29643607,0.3817261,-0.87544894,-0.21481928,-0.8110365,0.39819136,0.37083164
136953,25.495335,134.50162,-63.137127,0.07058827,0.70049876,9.59462,-0.024740042,-0.008857545,0.025809057,0.29643607,0.3817261,-0.87544894,-0.21481928,-0.8110365,0.39819136,0.37083164
137059,25.363874,133.07693,-63.89096,0.05742774,0.6975078,9.622137,-0.027030788,-0.03145956,0.02641992,0.27140996,0.44574627,-0.8530222,-0.22303753,-0.8056575,0.39935973,0.3764068
137166,25.332638,132.88246,-63.990135,0.0317049,0.68554366,9.610772,-0.01985312,-0.014049901,0.029168814,0.27609754,0.44449416,-0.8521708,-0.2242275,-0.8049226,0.39953634,0.377084
137272,25.06001,131.04613,-64.9512,0.086739816,0.6975078,9.662217,-0.023823744,-0.021227568,0.030695977,0.24353966,0.43309912,-0.86782116,-0.23518904,-0.79778016,0.4012135,0.38374564
137379,25.06001,131.04613,-64.9512,0.086739816,0.6975078,9.662217,-0.023823744,-0.021227568,0.030695977,0.24353966,0.43309912,-0.86782116,-0.23518904,-0.79778016,0.4012135,0.38374564
137486,25.06001,131.04613,-64.9512,0.086739816,0.6975078,9.662217,-0.023823744,-0.021227568,0.030695977,0.24353966,0.43309912,-0.86782116,-0.23518904,-0.79778016,0.4012135,0.38374564
137592,25.06001,131.04613,-64.9512,0.086739816,0.6975078,9.662217,-0.023823744,-0.021227568,0.030695977,0.24353966,0.43309912,-0.86782116,-0.23518904,-0.79778016,0.4012135,0.38374564
137699,24.894958,130.03879,-65.4912,0.048454653,0.68973106,9.633504,-0.025198191,-0.02321288,0.028710665,0.24940823,0.43448395,-0.86545897,-0.24116535,-0.7937146,0.40222207,0.3873937
137806,24.623146,128.20795,-66.519554,0.052642096,0.6388836,9.621539,-0.020005837,-0.020463986,0.03023783,0.23522161,0.41022152,-0.88112944,-0.2516002,-0.7860026,0.40414983,0.3944112
137912,24.468052,127.42165,-66.92695,0.04666004,0.70707905,9.628119,-0.025503622,-0.008093964,0.02855795,0.22032426,0.40704972,-0.8864354,-0.25633404,-0.78271776,0.4048505,0.39716727
138019,24.400219,127.04034,-67.15618,0.051445685,0.6729813,9.588638,-0.021991149,-0.027794369,0.03283401,0.22208436,0.3937391,-0.8919911,-0.25847244,-0.7810024,0.40536684,0.3986289
138126,24.364113,126.8548,-67.25442,0.04666004,0.7124629,9.623933,-0.02107485,-0.015577063,0.02687807,0.2232649,0.3925002,-0.8922423,-0.25957158,-0.7802089,0.40553758,0.39929435
138232,24.316456,126.66275,-67.34235,0.07597212,0.6969096,9.647263,-0.02687807,-0.008857545,0.028405234,0.21433988,0.38852322,-0.896163,-0.26080596,-0.7794259,0.4056613,0.399893
138339,24.316456,126.66275,-67.34235,0.07597212,0.6969096,9.647263,-0.02687807,-0.008857545,0.028405234,0.21433988,0.38852322,-0.896163,-0.26080596,-0.7794259,0.4056613,0.399893
138446,24.167635,125.91465,-67.759796,0.08554341,0.67118675,9.616156,-0.019242255,-0.011759155,0.025503622,0.20197496,0.3672066,-0.9079457,-0.265154,-0.7761131,0.40648717,0.4026289
138553,23.994385,124.94188,-68.3381,0.05682954,0.68853474,9.619146,-0.02275473,-0.032223143,0.027030788,0.20202766,0.36863002,-0.907357,-0.2705371,-0.77163786,0.4076773,0.4064282
138659,23.68618,123.60096,-69.03725,0.04965107,0.7082755,9.592228,-0.028405234,-0.0290161,0.027488936,0.22484568,0.37801912,-0.89807904,-0.2785646,-0.7656457,0.40887636,0.41110653
138766,23.581282,123.22128,-69.218605,0.076570325,0.66699934,9.644272,-0.021533,-0.008552114,0.028863383,0.22095236,0.39573455,-0.89138895,-0.2809678,-0.7639664,0.4091661,0.41230524
138872,23.581282,123.22128,-69.218605,0.076570325,0.66699934,9.644272,-0.021533,-0.008552114,0.028863383,0.22095236,0.39573455,-0.89138895,-0.2809678,-0.7639664,0.4091661,0.41230524
138979,23.581282,123.22128,-69.218605,0.076570325,0.66699934,9.644272,-0.021533,-0.008552114,0.028863383,0.22095236,0.39573455,-0.89138895,-0.2809678,-0.7639664,0.4091661,0.41230524
139086,23.581282,123.22128,-69.218605,0.076570325,0.66699934,9.644272,-0.021533,-0.008552114,0.028863383,0.22095236,0.39573455,-0.89138895,-0.2809678,-0.7639664,0.4091661,0.41230524
139192,23.038588,120.87468,-70.505424,0.071186475,0.70049876,9.5868435,-0.024587328,-0.027183503,0.02733622,0.21472917,0.37313333,-0.90258676,-0.2945246,-0.75286496,0.411474,0.42087856
139299,22.991077,120.68878,-70.59697,0.04426722,0.7118647,9.625727,-0.020158552,-0.014202617,0.02611449,0.23133634,0.39508262,-0.88904065,-0.29564613,-0.7520003,0.4115972,0.42151716
139406,22.830154,120.11624,-70.8969,0.07298109,0.680758,9.634102,-0.022143863,-0.017562376,0.02947425,0.23318179,0.38767302,-0.8918161,-0.29909515,-0.74923784,0.41214877,0.42345974
139512,22.830154,120.11624,-70.8969,0.07298109,0.680758,9.634102,-0.022143863,-0.017562376,0.02947425,0.23318179,0.38767302,-0.8918161,-0.29909515,-0.74923784,0.41214877,0.42345974
139619,22.830154,120.11624,-70.8969,0.07298109,0.680758,9.634102,-0.022143863,-0.017562376,0.02947425,0.23318179,0.38767302,-0.8918161,-0.29909515,-0.74923784,0.41214877,0.42345974
139726,22.830154,120.11624,-70.8969,0.07298109,0.680758,9.634102,-0.022143863,-0.017562376,0.02947425,0.23318179,0.38767302,-0.8918161,-0.29909515,-0.74923784,0.41214877,0.42345974
139832,22.513508,118.937706,-71.50575,0.060418766,0.70588267,9.620343,-0.02107485,-0.02107485,0.031154126,0.23117004,0.40920874,-0.8826713,-0.3060957,-0.7435205,0.41312084,0.42756736
139939,22.513508,118.937706,-71.50575,0.060418766,0.70588267,9.620343,-0.02107485,-0.02107485,0.031154126,0.23117004,0.40920874,-0.8826713,-0.3060957,-0.7435205,0.41312084,0.42756736
140046,21.871304,116.745605,-72.54366,0.058624152,0.6843473,9.608379,-0.028710665,-0.024587328,0.028405234,0.2843961,0.34454,-0.89465696,-0.31953183,-0.73286635,0.41439837,0.4348337
140152,21.65884,115.92703,-72.965096,0.06699903,0.7082755,9.629914,-0.023365596,-0.029626964,0.02855795,0.24250416,0.3702661,-0.8967133,-0.32421356,-0.72871196,0.41491863,0.4378436
140259,21.65884,115.92703,-72.965096,0.06699903,0.7082755,9.629914,-0.023365596,-0.029626964,0.02855795,0.24250416,0.3702661,-0.8967133,-0.32421356,-0.72871196,0.41491863,0.4378436
140366,21.235546,114.534546,-73.62716,0.078963146,0.6861419,9.632906,-0.018478675,-0.030390546,0.027641652,0.26005217,0.38349742,-0.886173,-0.33260733,-0.721627,0.41566548,0.44254833
140472,21.172958,114.332436,-73.723076,0.059820563,0.6975078,9.595817,-0.02321288,-0.017104227,0.029932396,0.26038325,0.38149312,-0.88694054,-0.33382264,-0.7205847,0.41577122,0.44323188
140579,21.172958,114.332436,-73.723076,0.059820563,0.6975078,9.595817,-0.02321288,-0.017104227,0.029932396,0.26038325,0.38149312,-0.88694054,-0.33382264,-0.7205847,0.41577122,0.44323188
140686,20.743525,112.924065,-74.388954,0.047258247,0.6909275,9.591031,-0.021838432,-0.024129178,0.028710665,0.25078544,0.36794916,-0.89538825,-0.3421994,-0.7132531,0.41641384,0.44807267
140793,20.672895,112.72418,-74.46369,0.022731815,0.6879364,9.636495,-0.024129178,-0.0076358155,0.029321533,0.2693048,0.3609373,-0.8928601,-0.3435045,-0.7122541,0.41641954,0.44865745
140899,20.412624,111.91292,-74.79976,0.06879365,0.67896336,9.619745,-0.021685716,-0.0018325958,0.02733622,0.26841676,0.3642644,-0.8917757,-0.34851733,-0.70809615,0.41651043,0.45128107
141006,20.412624,111.91292,-74.79976,0.06879365,0.67896336,9.619745,-0.021685716,-0.0018325958,0.02733622,0.26841676,0.3642644,-0.8917757,-0.34851733,-0.70809615,0.41651043,0.45128107
141112,20.038698,110.67774,-75.38517,0.064008005,0.67417777,9.587442,-0.020922136,-0.011759155,0.027947085,0.2727687,0.35084656,-0.89582586,-0.35567,-0.70144224,0.4169485,0.4556661
141219,20.038698,110.67774,-75.38517,0.064008005,0.67417777,9.587442,-0.020922136,-0.011759155,0.027947085,0.2727687,0.35084656,-0.89582586,-0.35567,-0.70144224,0.4169485,0.4556661
141326,19.65455,109.41798,-75.98826,0.06699903,0.6729813,9.5970125,-0.02275473,-0.031306844,0.028710665,0.26585907,0.3571136,-0.89542663,-0.36285475,-0.69450957,0.41737288,0.46020952
141432,19.577934,109.21844,-76.067345,0.06759723,0.67896336,9.621539,-0.022449298,-0.01038471,0.032223143,0.25928637,0.34300274,-0.9028398,-0.3641282,-0.6934271,0.4174074,0.4608043
141539,19.446756,108.80912,-76.24462,0.050249275,0.6939185,9.622736,-0.023823744,-0.02443461,0.025809057,0.28073052,0.35936156,-0.88997173,-0.3665423,-0.6911967,0.417443,0.46220693
141646,19.446756,108.80912,-76.24462,0.050249275,0.6939185,9.622736,-0.023823744,-0.02443461,0.025809057,0.28073052,0.35936156,-0.88997173,-0.3665423,-0.6911967,0.417443,0.46220693
141752,19.228128,108.16771,-76.507034,0.0634098,0.66400826,9.60479,-0.022296581,-0.02076942,0.030695977,0.26810548,0.35853836,-0.8941866,-0.37043136,-0.6877031,0.4174534,0.46430352
141859,19.228128,108.16771,-76.507034,0.0634098,0.66400826,9.60479,-0.022296581,-0.02076942,0.030695977,0.26810548,0.35853836,-0.8941866,-0.37043136,-0.6877031,0.4174534,0.46430352
141966,19.228128,108.16771,-76.507034,0.0634098,0.66400826,9.60479,-0.022296581,-0.02076942,0.030695977,0.26810548,0.35853836,-0.8941866,-0.37043136,-0.6877031,0.4174534,0.46430352
142072,19.228128,108.16771,-76.507034,0.0634098,0.66400826,9.60479,-0.022296581,-0.02076942,0.030695977,0.26810548,0.35853836,-0.8941866,-0.37043136,-0.6877031,0.4174534,0.46430352
142179,18.012371,104.56089,-77.99773,0.059820563,0.7052845,9.599406,-0.020005837,-0.008857545,0.027488936,0.26246804,0.37582505,-0.8887441,-0.39167693,-0.66743433,0.41722298,0.476493
142286,17.802479,103.88664,-78.30804,0.043070804,0.69990057,9.558728,-0.02321288,-0.024587328,0.028710665,0.26810077,0.3684044,-0.8901686,-0.39533466,-0.66346335,0.41721836,0.47901535
142392,17.573599,103.25038,-78.566635,0.06819544,0.68913287,9.613165,-0.02107485,-0.019547688,0.031154126,0.26743752,0.3656453,-0.89150476,-0.39905238,-0.6597315,0.4171442,0.48114684
142499,17.350235,102.60132,-78.82754,0.04785645,0.68913287,9.647861,-0.022143863,-0.028405234,0.028099801,0.26272696,0.36635533,-0.8926132,-0.40277848,-0.6559289,0.41698536,0.4833735
142606,17.120718,101.93494,-79.08508,0.0634098,0.683749,9.611968,-0.02397646,-0.019394971,0.02687807,0.26332322,0.37142625,-0.89033896,-0.40661836,-0.6520289,0.41674533,0.48563686
142712,16.885471,101.27776,-79.32852,0.04905286,0.6987041,9.646066,-0.023060162,-0.023060162,0.032223143,0.26243466,0.368181,-0.89194775,-0.41046342,-0.64816415,0.41647372,0.48780394
142819,16.726984,100.83396,-79.50534,0.06281159,0.6843473,9.579665,-0.022602012,-0.00992656,0.030085113,0.26835442,0.36013466,-0.89347017,-0.41298828,-0.64549136,0.41634843,0.4893215
142926,16.408638,99.96749,-79.78831,0.061016977,0.71485573,9.6580305,-0.021685716,-0.012370021,0.030085113,0.28027326,0.36921644,-0.8860734,-0.41818777,-0.6404307,0.41577438,0.49203575
143032,16.338757,99.72913,-79.89794,0.064008005,0.6987041,9.626924,-0.02641992,-0.03145956,0.027030788,0.2606101,0.37014169,-0.8916712,-0.41938645,-0.6389634,0.4157026,0.49298283
143139,16.01644,98.81164,-80.23722,0.05922236,0.6771687,9.613763,-0.02611449,-0.029168814,0.029626964,0.26679528,0.3560252,-0.89558154,-0.42457715,-0.6334255,0.41520154,0.4960989
143246,15.851306,98.37028,-80.34579,0.052642096,0.7046862,9.642476,-0.017256944,-0.0047342055,0.028863383,0.2629242,0.35915533,-0.8954766,-0.4273385,-0.63090736,0.41469637,0.49735767
143352,15.518622,97.45932,-80.65283,0.06699903,0.68554366,9.6376915,-0.021380283,-0.016187929,0.030695977,0.26041022,0.37013388,-0.8917328,-0.43259552,-0.6253868,0.41404834,0.5003163
143459,15.35654,96.99525,-80.818245,0.064008005,0.65084773,9.656834,-0.02321288,-0.01328632,0.027794369,0.27482513,0.3781888,-0.88399345,-0.4351759,-0.62254065,0.413718,0.50189894
143566,15.267069,96.761,-80.87233,0.07058827,0.6843473,9.608977,-0.026725354,-0.0076358155,0.030848695,0.2779594,0.36854452,-0.88708144,-0.43663803,-0.6211807,0.41342613,0.50255406
143672,15.267069,96.761,-80.87233,0.07058827,0.6843473,9.608977,-0.026725354,-0.0076358155,0.030848695,0.2779594,0.36854452,-0.88708144,-0.43663803,-0.6211807,0.41342613,0.50255406
143779,15.267069,96.761,-80.87233,0.07058827,0.6843473,9.608977,-0.026725354,-0.0076358155,0.030848695,0.2779594,0.36854452,-0.88708144,-0.43663803,-0.6211807,0.41342613,0.50255406
143886,15.267069,96.761,-80.87233,0.07058827,0.6843473,9.608977,-0.026725354,-0.0076358155,0.030848695,0.2779594,0.36854452,-0.88708144,-0.43663803,-0.6211807,0.41342613,0.50255406
143992,14.84076,95.604645,-81.24179,0.08135597,0.6801598,9.619146,-0.021991149,-0.022143863,0.031154126,0.2640796,0.34800172,-0.8995314,-0.44327545,-0.6140845,0.41243562,0.50626475
144099,14.84076,95.604645,-81.24179,0.08135597,0.6801598,9.619146,-0.021991149,-0.022143863,0.031154126,0.2640796,0.34800172,-0.8995314,-0.44327545,-0.6140845,0.41243562,0.50626475
144206,14.066906,93.465965,-81.89411,0.06281159,0.6915257,9.623334,-0.019242255,-0.019089539,0.030543262,0.26135403,0.38196468,-0.88645196,-0.45536283,-0.6008594,0.41023082,0.5131504
144312,13.892948,93.000465,-82.00299,0.064008005,0.68195444,9.630512,-0.019089539,-0.015118915,0.030848695,0.28302953,0.3577736,-0.88988334,-0.4581236,-0.59803724,0.40958256,0.514506
144419,13.109861,90.79186,-82.65,0.07058827,0.70707905,9.613763,-0.023060162,-0.0206167,0.02855795,0.27007717,0.3769302,-0.88599205,-0.4702218,-0.5841142,0.40686682,0.52169096
144526,13.109861,90.79186,-82.65,0.07058827,0.70707905,9.613763,-0.023060162,-0.0206167,0.02855795,0.27007717,0.3769302,-0.88599205,-0.4702218,-0.5841142,0.40686682,0.52169096
144632,12.578186,89.2979,-83.06182,0.064008005,0.71365935,9.681958,-0.020005837,-0.03252857,0.03023783,0.26335737,0.37165862,-0.89023185,-0.47832474,-0.57459116,0.40480265,0.52648383
144739,12.578186,89.2979,-83.06182,0.064008005,0.71365935,9.681958,-0.020005837,-0.03252857,0.03023783,0.26335737,0.37165862,-0.89023185,-0.47832474,-0.57459116,0.40480265,0.52648383
144846,12.394429,88.79406,-83.153404,0.077168524,0.7226324,9.5766735,-0.023823744,-0.006414085,0.032070424,0.25664687,0.37221932,-0.8919558,-0.48125747,-0.57149607,0.4038743,0.52789116
144952,12.394429,88.79406,-83.153404,0.077168524,0.7226324,9.5766735,-0.023823744,-0.006414085,0.032070424,0.25664687,0.37221932,-0.8919558,-0.48125747,-0.57149607,0.4038743,0.52789116
145059,12.394429,88.79406,-83.153404,0.077168524,0.7226324,9.5766735,-0.023823744,-0.006414085,0.032070424,0.25664687,0.37221932,-0.8919558,-0.48125747,-0.57149607,0.4038743,0.52789116
145166,11.767891,86.955,-83.60763,0.07298109,0.695115,9.626325,-0.025503622,-0.005955936,0.02855795,0.2834926,0.35631904,-0.8903194,-0.4910502,-0.55979276,0.40078694,0.5337336
145272,11.767891,86.955,-83.60763,0.07298109,0.695115,9.626325,-0.025503622,-0.005955936,0.02855795,0.2834926,0.35631904,-0.8903194,-0.4910502,-0.55979276,0.40078694,0.5337336
145379,11.767891,86.955,-83.60763,0.07298109,0.695115,9.626325,-0.025503622,-0.005955936,0.02855795,0.2834926,0.35631904,-0.8903194,-0.4910502,-0.55979276,0.40078694,0.5337336
145486,11.409462,85.89452,-83.84525,0.061016977,0.72741807,9.607781,-0.0206167,-0.01282817,0.030543262,0.26061597,0.3483463,-0.9004078,-0.49668273,-0.5530407,0.3988195,0.5370245
145593,11.409462,85.89452,-83.84525,0.061016977,0.72741807,9.607781,-0.0206167,-0.01282817,0.030543262,0.26061597,0.3483463,-0.9004078,-0.49668273,-0.5530407,0.3988195,0.5370245
145699,11.409462,85.89452,-83.84525,0.061016977,0.72741807,9.607781,-0.0206167,-0.01282817,0.030543262,0.26061597,0.3483463,-0.9004078,-0.49668273,-0.5530407,0.3988195,0.5370245
145806,10.22749,82.346596,-84.55673,0.05742774,0.6987041,9.608977,-0.024587328,-0.02733622,0.028863383,0.26833183,0.36360413,-0.89207065,-0.51523507,-0.5302916,0.39148274,0.54778177
145912,10.22749,82.346596,-84.55673,0.05742774,0.6987041,9.608977,-0.024587328,-0.02733622,0.028863383,0.26833183,0.36360413,-0.89207065,-0.51523507,-0.5302916,0.39148274,0.54778177
146019,10.22749,82.346596,-84.55673,0.05742774,0.6987041,9.608977,-0.024587328,-0.02733622,0.028863383,0.26833183,0.36360413,-0.89207065,-0.51523507,-0.5302916,0.39148274,0.54778177
146126,10.22749,82.346596,-84.55673,0.05742774,0.6987041,9.608977,-0.024587328,-0.02733622,0.028863383,0.26833183,0.36360413,-0.89207065,-0.51523507,-0.5302916,0.39148274,0.54778177
146232,9.672868,80.67173,-84.81129,0.078963146,0.68195444,9.604192,-0.025350908,-0.022449298,0.02977968,0.27603316,0.35687208,-0.89243937,-0.5240407,-0.51957357,0.3874922,0.5525165
146339,8.4175,76.61344,-85.3605,0.071186475,0.6843473,9.626924,-0.018478675,-0.010231993,0.029168814,0.28540424,0.36280936,-0.8870816,-0.5444782,-0.49350882,0.37674427,0.56396484
146446,8.147688,75.70956,-85.459335,0.07836494,0.7016952,9.591031,-0.025809057,-0.0015271631,0.02947425,0.26292896,0.34885615,-0.8995375,-0.54894125,-0.4876959,0.37413874,0.56642425
146553,7.801497,74.48675,-85.58554,0.06580262,0.6873383,9.605986,-0.024281893,-0.010079276,0.0290161,0.25432172,0.35911724,-0.8979729,-0.55484736,-0.47986823,0.3704506,0.56976944
146659,7.615047,73.87004,-85.68733,0.0747757,0.6939185,9.61795,-0.024281893,-0.02855795,0.028710665,0.26541165,0.36636084,-0.8918163,-0.5576412,-0.4757145,0.36879843,0.571594
146766,7.445353,73.27032,-85.70799,0.039481573,0.70707905,9.589236,-0.02107485,-0.0106901415,0.028099801,0.2711107,0.36367443,-0.8912014,-0.56067675,-0.47195965,0.3667959,0.573024
146872,7.1764436,72.33133,-85.79743,0.05503492,0.70588267,9.616156,-0.02397646,-0.0070249503,0.027641652,0.27724367,0.37267855,-0.885577,-0.56510466,-0.4658445,0.36389792,0.5755205
146979,6.913578,71.372765,-85.86803,0.076570325,0.70648086,9.6071825,-0.027030788,-0.0044287727,0.028863383,0.28889337,0.3805721,-0.8784677,-0.56961876,-0.4596733,0.3607725,0.57799494
147086,6.834686,71.044914,-85.87046,0.02871387,0.67477596,9.632307,-0.023365596,-0.008399397,0.025809057,0.2977935,0.37489796,-0.8779354,-0.5712158,-0.45767066,0.35955295,0.5787674
147192,6.834686,71.044914,-85.87046,0.02871387,0.67477596,9.632307,-0.023365596,-0.008399397,0.025809057,0.2977935,0.37489796,-0.8779354,-0.5712158,-0.45767066,0.35955295,0.5787674
147300,6.1698256,68.58554,-85.97219,0.071186475,0.7022934,9.5868435,-0.027488936,-0.008399397,0.027641652,0.25700575,0.36253184,-0.8958341,-0.58280945,-0.44187108,0.35107195,0.5846636
147406,5.798276,67.18738,-86.05379,0.079561345,0.701097,9.5766735,-0.017104227,-0.024892759,0.03023783,0.2727423,0.37696964,-0.8851585,-0.58906335,-0.43271038,0.34625745,0.5881087
147513,5.798276,67.18738,-86.05379,0.079561345,0.701097,9.5766735,-0.017104227,-0.024892759,0.03023783,0.2727423,0.37696964,-0.8851585,-0.58906335,-0.43271038,0.34625745,0.5881087
147619,5.622478,66.477905,-86.069565,0.052642096,0.68195444,9.650851,-0.020005837,-0.015271631,0.027183503,0.27571422,0.37717474,-0.8841498,-0.5922697,-0.42816395,0.34363404,0.5897524
147726,5.622478,66.477905,-86.069565,0.052642096,0.68195444,9.650851,-0.020005837,-0.015271631,0.027183503,0.27571422,0.37717474,-0.8841498,-0.5922697,-0.42816395,0.34363404,0.5897524
147832,5.622478,66.477905,-86.069565,0.052642096,0.68195444,9.650851,-0.020005837,-0.015271631,0.027183503,0.27571422,0.37717474,-0.8841498,-0.5922697,-0.42816395,0.34363404,0.5897524
147939,5.622478,66.477905,-86.069565,0.052642096,0.68195444,9.650851,-0.020005837,-0.015271631,0.027183503,0.27571422,0.37717474,-0.8841498,-0.5922697,-0.42816395,0.34363404,0.5897524
148046,4.7589335,62.92314,-86.08997,0.054436717,0.6771687,9.622736,-0.021685716,-0.016646078,0.03176499,0.28111026,0.36508486,-0.88751906,-0.6080525,-0.40527713,0.3300642,0.5975619
148153,4.521914,61.855785,-86.068504,0.062213387,0.6939185,9.651449,-0.02641992,-0.013133602,0.028405234,0.28580678,0.36722618,-0.88513243,-0.6126909,-0.3984784,0.32573438,0.5997683
148259,4.521914,61.855785,-86.068504,0.062213387,0.6939185,9.651449,-0.02641992,-0.013133602,0.028405234,0.28580678,0.36722618,-0.88513243,-0.6126909,-0.3984784,0.32573438,0.5997683
148366,4.521914,61.855785,-86.068504,0.062213387,0.6939185,9.651449,-0.02641992,-0.013133602,0.028405234,0.28580678,0.36722618,-0.88513243,-0.6126909,-0.3984784,0.32573438,0.5997683
148472,4.145306,60.004547,-86.009834,0.071784675,0.6861419,9.6484585,-0.021380283,-0.0061086523,0.026725354,0.27455404,0.36489123,-0.8896485,-0.62055653,-0.38679603,0.31792626,0.60350746
148579,3.4151788,56.27967,-85.82076,0.053838506,0.6975078,9.647263,-0.023365596,-0.012980886,0.027488936,0.2912688,0.36067456,-0.88604534,-0.6359916,-0.36316442,0.30171964,0.61040276
148686,3.4151788,56.27967,-85.82076,0.053838506,0.6975078,9.647263,-0.023365596,-0.012980886,0.027488936,0.2912688,0.36067456,-0.88604534,-0.6359916,-0.36316442,0.30171964,0.61040276
148792,3.0181649,53.912853,-85.65872,0.037686955,0.6975078,9.575478,-0.02565634,-0.0106901415,0.030848695,0.2611045,0.36563885,-0.8933827,-0.6453583,-0.34829405,0.29084745,0.6145012
148899,2.8796227,53.123497,-85.590195,0.04426722,0.6765706,9.646066,-0.02107485,-0.014966198,0.03268129,0.2662442,0.35233265,-0.8972044,-0.6484983,-0.3432874,0.28720468,0.6157249
149006,2.6682062,51.9159,-85.533165,0.04666004,0.6861419,9.61795,-0.024587328,-0.019547688,0.025961772,0.26634258,0.3638544,-0.8925646,-0.65296537,-0.3354624,0.2817634,0.6178273
149112,2.5439663,51.094257,-85.46197,0.051445685,0.69332033,9.604192,-0.022602012,-0.015271631,0.027947085,0.2760409,0.36661115,-0.88848054,-0.6560724,-0.33028838,0.27784625,0.61909616
149219,2.3690634,49.85976,-85.34591,0.04785645,0.6723831,9.61795,-0.025503622,-0.014660766,0.029168814,0.26846513,0.36502188,-0.89145136,-0.66067994,-0.32254812,0.27186,0.6209322
149326,2.1639338,48.57274,-85.21672,0.05623133,0.680758,9.589834,-0.021991149,-0.02076942,0.030695977,0.27954194,0.3567497,-0.8913955,-0.6654859,-0.3143123,0.26572418,0.6226772
149432,2.0957654,48.17815,-85.196594,0.08075777,0.69571316,9.626325,-0.022602012,-0.02733622,0.027030788,0.2716992,0.36653107,-0.88985085,-0.66684556,-0.31170097,0.26392642,0.62329954
149539,2.0088837,47.52511,-85.13649,0.022731815,0.68195444,9.616156,-0.0290161,-0.01771509,0.028710665,0.26367506,0.36720583,-0.8919839,-0.6691545,-0.3075669,0.26072317,0.62422615
149646,2.0088837,47.52511,-85.13649,0.022731815,0.68195444,9.616156,-0.0290161,-0.01771509,0.028710665,0.26367506,0.36720583,-0.8919839,-0.6691545,-0.3075669,0.26072317,0.62422615
149752,2.0088837,47.52511,-85.13649,0.022731815,0.68195444,9.616156,-0.0290161,-0.01771509,0.028710665,0.26367506,0.36720583,-0.8919839,-0.6691545,-0.3075669,0.26072317,0.62422615
149859,1.4307374,42.9678,-84.62882,0.05503492,0.69272214,9.604192,-0.025045475,-0.018325957,0.027183503,0.28769565,0.36231726,-0.8865424,-0.6849525,-0.27862027,0.23794198,0.62975746
149966,1.3481406,41.698544,-84.42191,0.04785645,0.70648086,9.642476,-0.028863383,-0.005039638,0.028252516,0.2801596,0.36126196,-0.889382,-0.68931556,-0.2709829,0.23096333,0.6309265
150072,1.2386905,40.847324,-84.31965,0.074177496,0.70049876,9.625727,-0.021380283,-0.02947425,0.030848695,0.27511573,0.36826453,-0.88808364,-0.69210494,-0.26545888,0.22669895,0.6317673
150179,1.1223556,39.55428,-84.13151,0.077168524,0.67776704,9.58804,-0.022143863,-0.00992656,0.031154126,0.2748762,0.34525087,-0.8973544,-0.6963341,-0.2573552,0.21984412,0.63289464
150286,1.1223556,39.55428,-84.13151,0.077168524,0.67776704,9.58804,-0.022143863,-0.00992656,0.031154126,0.2748762,0.34525087,-0.8973544,-0.6963341,-0.2573552,0.21984412,0.63289464
150392,1.0987157,39.11654,-84.05921,0.04965107,0.68255264,9.614361,-0.025198191,-0.011911872,0.02947425,0.2668497,0.3589159,-0.8944108,-0.69775945,-0.2547008,0.21740897,0.63323975
150499,0.8938867,36.503952,-83.658676,0.079561345,0.6915257,9.631709,-0.02107485,-0.014355333,0.027947085,0.27017516,0.36710438,-0.8900785,-0.7059948,-0.23830704,0.20334882,0.6351617
150606,0.83638394,34.78109,-83.35782,0.066400826,0.6903293,9.604192,-0.023365596,-0.01817324,0.028099801,0.27600133,0.35300303,-0.89398664,-0.71127313,-0.22785641,0.19353667,0.63617253
150712,0.83638394,34.78109,-83.35782,0.066400826,0.6903293,9.604192,-0.023365596,-0.01817324,0.028099801,0.27600133,0.35300303,-0.89398664,-0.71127313,-0.22785641,0.19353667,0.63617253
150819,0.7585004,32.18579,-82.88297,0.05742774,0.7046862,9.633504,-0.020005837,-0.01282817,0.028252516,0.26288208,0.36610192,-0.8926715,-0.7190265,-0.21199931,0.1786917,0.6372805
150926,0.7647355,30.613726,-82.57551,0.02751746,0.68494546,9.632906,-0.019700404,-0.019089539,0.028710665,0.26544622,0.35011262,-0.89830923,-0.72357106,-0.20260522,0.16935,0.63774335
151032,0.7499459,29.674253,-82.40572,0.059820563,0.666401,9.624531,-0.022449298,-0.020922136,0.028863383,0.26892173,0.3499585,-0.89733505,-0.7261763,-0.19682725,0.1639183,0.6380108
151139,0.7538026,28.782572,-82.22995,0.07238288,0.6879364,9.64128,-0.022602012,-0.008552114,0.030085113,0.2632261,0.36686987,-0.89225477,-0.7286599,-0.19143568,0.15863076,0.6381562
151246,0.76129514,28.337954,-82.132866,0.053838506,0.6921239,9.616754,-0.020158552,-0.014355333,0.03176499,0.26409516,0.35886738,-0.8952474,-0.72992736,-0.18878081,0.1559458,0.63816047
151352,0.7696403,26.972662,-81.85124,0.041874394,0.6693921,9.634102,-0.021380283,-0.022296581,0.03145956,0.27058327,0.36485362,-0.89087963,-0.7336838,-0.18048127,0.14783502,0.6381844
151459,0.8374168,25.304605,-81.48272,0.043669008,0.7208378,9.603594,-0.022907447,-0.013439035,0.031154126,0.27723405,0.35757267,-0.89178646,-0.73820084,-0.17060322,0.13754536,0.6379932
151566,0.92111367,23.26555,-81.03041,0.0532403,0.6969096,9.644272,-0.02076942,-0.0206167,0.029321533,0.2575717,0.36024475,-0.89659387,-0.7435414,-0.15840194,0.12500466,0.6375177
151673,0.99037385,22.303417,-80.82111,0.05503492,0.6556334,9.620941,-0.022907447,-0.013439035,0.028099801,0.25847661,0.35870975,-0.8969488,-0.7459307,-0.15275544,0.11891735,0.637269
151779,0.99037385,22.303417,-80.82111,0.05503492,0.6556334,9.620941,-0.022907447,-0.013439035,0.028099801,0.25847661,0.35870975,-0.8969488,-0.7459307,-0.15275544,0.11891735,0.637269
151886,0.99037385,22.303417,-80.82111,0.05503492,0.6556334,9.620941,-0.022907447,-0.013439035,0.028099801,0.25847661,0.35870975,-0.8969488,-0.7459307,-0.15275544,0.11891735,0.637269
151993,1.0925386,20.885162,-80.47745,0.0532403,0.6873383,9.638289,-0.021991149,-0.014202617,0.03313944,0.2542901,0.364703,-0.89572775,-0.7495657,-0.14440943,0.10992009,0.6365648
152099,1.0925386,20.885162,-80.47745,0.0532403,0.6873383,9.638289,-0.021991149,-0.014202617,0.03313944,0.2542901,0.364703,-0.89572775,-0.7495657,-0.14440943,0.10992009,0.6365648
152206,1.1513788,20.13403,-80.29852,0.06580262,0.69631135,9.620941,-0.02397646,-0.018325957,0.031001411,0.26428697,0.34441698,-0.9008492,-0.75142866,-0.1399833,0.10514024,0.6361644
152312,1.748763,14.83848,-78.96527,0.05682954,0.7022934,9.587442,-0.025350908,-0.017256944,0.02947425,0.27318263,0.35792562,-0.89289445,-0.76401347,-0.109273985,0.070416614,0.63196844
152419,1.9295117,13.87333,-78.68338,0.038883366,0.69631135,9.608977,-0.022449298,-0.013897184,0.027030788,0.27362075,0.35844436,-0.89255214,-0.7663202,-0.1039852,0.063625515,0.63078696
152526,2.141991,12.724017,-78.32944,0.035892338,0.66819566,9.653245,-0.024587328,-0.017256944,0.030390546,0.25582168,0.34817782,-0.9018467,-0.76911604,-0.09763151,0.05556728,0.62915885
152632,2.141991,12.724017,-78.32944,0.035892338,0.66819566,9.653245,-0.024587328,-0.017256944,0.030390546,0.25582168,0.34817782,-0.9018467,-0.76911604,-0.09763151,0.05556728,0.62915885
152739,2.6173408,10.47511,-77.586555,0.04666004,0.6699903,9.646664,-0.022449298,-0.014202617,0.030390546,0.279713,0.33917704,-0.8981757,-0.77464867,-0.085379206,0.039450105,0.62535876
152846,2.8689594,9.086618,-77.126434,0.034695927,0.701097,9.585647,-0.021533,-0.013439035,0.027030788,0.26017094,0.36372915,-0.89443403,-0.77798337,-0.07747506,0.029850993,0.6227747
152953,3.207339,7.312791,-76.44385,0.05503492,0.6675975,9.579067,-0.028099801,-0.025198191,0.027794369,0.27063707,0.3502376,-0.8967102,-0.78260976,-0.06736134,0.017500028,0.6186099
153059,3.2959757,6.8747,-76.26648,0.040677983,0.6915257,9.595817,-0.021685716,-0.021380283,0.025350908,0.26027858,0.35122603,-0.8993861,-0.78377235,-0.06486778,0.014427379,0.6174827
153166,3.6977544,5.2605114,-75.44402,0.053838506,0.69990057,9.563514,-0.022143863,-0.016493361,0.029626964,0.2491524,0.35250896,-0.9020313,-0.788838,-0.05599891,0.0025695218,0.6120393
153273,3.9671097,4.629809,-74.95757,0.021535402,0.69332033,9.624531,-0.022296581,-0.015882496,0.030390546,0.2719791,0.34837446,-0.8970299,-0.79160523,-0.053078286,-0.002883119,0.6087163
153379,4.1712184,3.8249364,-74.23555,0.034695927,0.65742797,9.623933,-0.024892759,-0.0071776663,0.029321533,0.26706424,0.3585643,-0.89448774,-0.7956917,-0.04854277,-0.008877685,0.6036882
153486,4.292047,3.3994405,-73.620094,0.04965107,0.68973106,9.640682,-0.022449298,-0.017867807,0.02611449,0.27588964,0.36166063,-0.890554,-0.79904723,-0.046157688,-0.01220784,0.5993696
153593,4.13625,2.8852527,-71.89948,0.038285162,0.6909275,9.650253,-0.025198191,-0.010995574,0.025961772,0.2765456,0.35267153,-0.8939493,-0.80821514,-0.041546963,-0.014434406,0.58724254
153699,4.069028,2.8395138,-71.44119,0.06819544,0.698106,9.622736,-0.021533,-0.009468411,0.025961772,0.27136743,0.35450855,-0.8948091,-0.81059927,-0.040823624,-0.014357436,0.58400005
153806,4.069028,2.8395138,-71.44119,0.06819544,0.698106,9.622736,-0.021533,-0.009468411,0.025961772,0.27136743,0.35450855,-0.8948091,-0.81059927,-0.040823624,-0.014357436,0.58400005
153912,3.000114,2.7256875,-68.30378,0.05563312,0.6969096,9.589834,-0.024740042,-0.014660766,0.02733622,0.2615251,0.36461425,-0.89367837,-0.82668513,-0.03436749,-0.0083100675,0.5615528
154019,3.000114,2.7256875,-68.30378,0.05563312,0.6969096,9.589834,-0.024740042,-0.014660766,0.02733622,0.2615251,0.36461425,-0.89367837,-0.82668513,-0.03436749,-0.0083100675,0.5615528
154126,3.000114,2.7256875,-68.30378,0.05563312,0.6969096,9.589834,-0.024740042,-0.014660766,0.02733622,0.2615251,0.36461425,-0.89367837,-0.82668513,-0.03436749,-0.0083100675,0.5615528
154232,2.3206115,2.9133523,-64.16742,0.05084748,0.6921239,9.608379,-0.02565634,-0.014660766,0.030543262,0.27091125,0.35962874,-0.8929022,-0.8465521,-0.032286502,-0.0036517184,0.5313133
154339,1.8178947,3.0344248,-62.32613,0.08554341,0.6915257,9.628119,-0.02397646,-0.02076942,0.025503622,0.2712334,0.35335135,-0.89530736,-0.85507303,-0.03085976,0.0001300362,0.5175884
154446,1.5145127,3.0751877,-61.56896,0.08853444,0.6987041,9.637093,-0.021227568,-0.01328632,0.031154126,0.27467126,0.3609816,-0.8912059,-0.8585327,-0.02981182,0.0023821704,0.5118859
154552,1.0451554,3.0180628,-59.93038,0.06460621,0.70648086,9.568897,-0.024740042,-0.024129178,0.0290161,0.26840627,0.35802245,-0.8943031,-0.86587256,-0.02736732,0.0052541774,0.49948785
154659,0.85478294,2.9536927,-59.467007,0.08135597,0.6801598,9.640682,-0.02443461,-0.011148291,0.028710665,0.26971224,0.3647191,-0.8911988,-0.8679337,-0.02607747,0.0063070916,0.4959549
154766,0.024146,2.7989352,-59.17234,0.076570325,0.6939185,9.599406,-0.022907447,-0.018936822,0.030085113,0.25819352,0.36325076,-0.8952011,-0.86935216,-0.021342494,0.011875176,0.49358916
154872,0.63118124,3.1436563,-58.686066,0.058025945,0.6939185,9.590433,-0.024587328,-0.012980886,0.029932396,0.27587536,0.36882365,-0.88761586,-0.8712862,-0.026608668,0.008642,0.48997715
154979,0.859669,3.1842623,-57.678036,0.06819544,0.68853474,9.625727,-0.0206167,-0.012370021,0.027947085,0.28337675,0.35617504,-0.89041394,-0.87551504,-0.027954984,0.0068323994,0.48233312
155086,0.859669,3.1842623,-57.678036,0.06819544,0.68853474,9.625727,-0.0206167,-0.012370021,0.027947085,0.28337675,0.35617504,-0.89041394,-0.87551504,-0.027954984,0.0068323994,0.48233312
155192,0.5927586,2.7027404,-57.137802,0.04666004,0.6705885,9.6071825,-0.02565634,-0.015271631,0.027488936,0.27481863,0.35930678,-0.89183706,-0.8779283,-0.023184922,0.0067362366,0.478183
155299,0.1974024,2.62759,-57.20038,0.064008005,0.67178494,9.625129,-0.021685716,-0.022602012,0.027641652,0.25360516,0.3537327,-0.90030974,-0.87773037,-0.020954773,0.00946345,0.4786029
155406,0.1974024,2.62759,-57.20038,0.064008005,0.67178494,9.625129,-0.021685716,-0.022602012,0.027641652,0.25360516,0.3537327,-0.90030974,-0.87773037,-0.020954773,0.00946345,0.4786029
155513,-0.120197006,2.7430298,-56.69769,0.07537391,0.7130611,9.589834,-0.023365596,-0.015882496,0.029932396,0.2593867,0.3438105,-0.90250367,-0.8798322,-0.020566754,0.012288193,0.47468024
155619,0.14493357,2.9460182,-56.504787,0.04965107,0.68195444,9.495916,-0.024740042,-0.028710665,0.027794369,0.28465334,0.3622074,-0.8875688,-0.8805638,-0.02324217,0.011054362,0.4732283
155726,0.14493357,2.9460182,-56.504787,0.04965107,0.68195444,9.495916,-0.024740042,-0.028710665,0.027794369,0.28465334,0.3622074,-0.8875688,-0.8805638,-0.02324217,0.011054362,0.4732283
155832,0.14493357,2.9460182,-56.504787,0.04965107,0.68195444,9.495916,-0.024740042,-0.028710665,0.027794369,0.28465334,0.3622074,-0.8875688,-0.8805638,-0.02324217,0.011054362,0.4732283
155939,0.3264506,3.0391169,-55.907322,0.058025945,0.68554366,9.617352,-0.02107485,-0.014966198,0.02733622,0.27523103,0.35819575,-0.8921568,-0.88297737,-0.024759071,0.009914995,0.4686573
156046,0.1884406,2.7543466,-55.655773,0.06580262,0.6729813,9.604192,-0.022602012,-0.02733622,0.030543262,0.266284,0.34691212,-0.8993024,-0.8840788,-0.022021877,0.00976556,0.46671662
156152,0.19814093,2.8603117,-55.646084,0.058025945,0.6675975,9.614361,-0.025503622,-0.0076358155,0.028863383,0.27898556,0.3679798,-0.88699377,-0.8840964,-0.02287975,0.010120363,0.46663442
156259,0.19814093,2.8603117,-55.646084,0.058025945,0.6675975,9.614361,-0.025503622,-0.0076358155,0.028863383,0.27898556,0.3679798,-0.88699377,-0.8840964,-0.02287975,0.010120363,0.46663442
156366,-0.19218545,2.7507172,-55.987595,0.0532403,0.7022934,9.61137,-0.023060162,-0.023060162,0.030543262,0.2602687,0.3659832,-0.8934856,-0.88276166,-0.02040692,0.012746533,0.46920455
156472,-0.13131578,2.8795671,-56.086414,0.06520441,0.68853474,9.629316,-0.021380283,-0.014049901,0.030085113,0.262124,0.36360762,-0.89391303,-0.8823276,-0.021637725,0.012823896,0.4699631
156579,0.0911312,2.7617495,-56.262417,0.04965107,0.6843473,9.589236,-0.025503622,-0.02107485,0.029321533,0.2610007,0.3518631,-0.8989277,-0.8816048,-0.021626577,0.010661121,0.47137213
156686,0.0911312,2.7617495,-56.262417,0.04965107,0.6843473,9.589236,-0.025503622,-0.02107485,0.029321533,0.2610007,0.3518631,-0.8989277,-0.8816048,-0.021626577,0.010661121,0.47137213
156792,0.0911312,2.7617495,-56.262417,0.04965107,0.6843473,9.589236,-0.025503622,-0.02107485,0.029321533,0.2610007,0.3518631,-0.8989277,-0.8816048,-0.021626577,0.010661121,0.47137213
156899,0.25430807,3.0106082,-56.178936,0.05563312,0.6879364,9.608379,-0.024281893,-0.025961772,0.030848695,0.27138945,0.36024415,-0.89250875,-0.8818794,-0.024219817,0.010411771,0.4707375
157006,0.40207916,2.8826427,-55.782246,0.046061832,0.6969096,9.568897,-0.025809057,-0.02565634,0.027947085,0.28052685,0.35828215,-0.890471,-0.8835117,-0.023872046,0.008666166,0.46772
157112,0.15522084,3.0177732,-56.057472,0.06460621,0.6831508,9.610173,-0.02107485,-0.019547688,0.027947085,0.28003922,0.35139734,-0.8933633,-0.88238835,-0.023879852,0.011178501,0.46978244
157219,-0.1294537,2.9050906,-56.280354,0.06819544,0.695115,9.622736,-0.020158552,-0.021380283,0.030543262,0.25984234,0.36042726,-0.895865,-0.88152593,-0.021819998,0.012951183,0.47145322
157326,0.4246933,3.0314298,-56.22928,0.048454653,0.67776704,9.579665,-0.021533,-0.019242255,0.031306844,0.27328932,0.3640344,-0.8903886,-0.8816456,-0.025075767,0.009196976,0.47115558
157433,0.05658723,2.8224163,-56.20119,0.076570325,0.69332033,9.608977,-0.021533,-0.015882496,0.02977968,0.26341927,0.36115766,-0.89452523,-0.8818486,-0.021957194,0.011164707,0.47088885
157539,0.05658723,2.8224163,-56.20119,0.076570325,0.69332033,9.608977,-0.021533,-0.015882496,0.02977968,0.26341927,0.36115766,-0.89452523,-0.8818486,-0.021957194,0.011164707,0.47088885
157646,-0.042828374,2.807288,-56.524666,0.074177496,0.6873383,9.616156,-0.021991149,-0.007330383,0.03176499,0.2575631,0.35628134,-0.89817864,-0.8805288,-0.02139867,0.011928062,0.47335908
157752,-0.17158377,2.788203,-56.6353,0.04785645,0.71126646,9.602995,-0.023060162,-0.023365596,0.028863383,0.26374593,0.38032785,-0.8864473,-0.88008696,-0.020707713,0.012858575,0.47418642
157859,0.09497815,3.0312529,-56.41409,0.04905286,0.7549355,9.591031,-0.04642576,-0.019089539,0.0206167,0.27497172,0.36655524,-0.8888351,-0.8809264,-0.023700189,0.011771478,0.4725129
157966,0.035013102,3.1783855,-56.46968,0.07836494,0.75254273,9.579067,-0.03176499,-0.008857545,0.024587328,0.27129507,0.3684393,-0.88918585,-0.88067305,-0.024577789,0.012851064,0.47291204
158072,0.88649786,2.9755716,-39.74011,0.13220344,0.12143575,9.748957,-0.46807548,0.6012441,4.8307223,0.3647151,0.28126702,-0.8876214,-0.94005245,-0.02704589,0.0015514728,0.3399522
158179,2.8736088,4.9902573,-19.211744,0.6382854,1.8598213,9.206385,0.6779077,0.6125451,5.003444,0.51443386,0.07149515,-0.85454446,-0.9845523,-0.047090735,-0.017437031,0.16773547
158286,13.310436,6.4711466,11.967527,2.0171494,4.188038,8.082356,-0.7689266,2.1041253,4.550335,0.5839658,-0.4046263,-0.7037482,-0.9869569,-0.04369327,-0.12092343,-0.096873514
158392,23.29021,10.518329,24.997114,3.1100712,0.2871387,10.386046,-0.2144137,4.026671,1.373836,0.5480697,-0.55234027,-0.62812406,-0.95618457,-0.04414742,-0.21566439,-0.19300498
158499,23.29021,10.518329,24.997114,3.1100712,0.2871387,10.386046,-0.2144137,4.026671,1.373836,0.5480697,-0.55234027,-0.62812406,-0.95618457,-0.04414742,-0.21566439,-0.19300498
158606,23.29021,10.518329,24.997114,3.1100712,0.2871387,10.386046,-0.2144137,4.026671,1.373836,0.5480697,-0.55234027,-0.62812406,-0.95618457,-0.04414742,-0.21566439,-0.19300498
158712,23.29021,10.518329,24.997114,3.1100712,0.2871387,10.386046,-0.2144137,4.026671,1.373836,0.5480697,-0.55234027,-0.62812406,-0.95618457,-0.04414742,-0.21566439,-0.19300498
158819,23.29021,10.518329,24.997114,3.1100712,0.2871387,10.386046,-0.2144137,4.026671,1.373836,0.5480697,-0.55234027,-0.62812406,-0.95618457,-0.04414742,-0.21566439,-0.19300498
158926,49.3434,59.071995,116.046776,7.1557355,6.121438,4.2340994,-1.2980887,3.994448,0.6756169,0.5869097,-0.8035439,0.099268034,-0.5932443,0.07083443,-0.572323,-0.56168497
159033,43.56031,-64.57194,58.082314,4.9292145,-8.4711895,-1.4015958,-1.2820535,-2.7776043,-2.7543914,0.51496816,0.5185785,0.68255705,-0.59013104,0.5859237,-0.033456765,-0.55436397
159139,26.520144,-61.92135,65.653885,3.0592237,-7.516454,-1.2370893,-0.44333547,-2.304031,-2.2441661,0.49547604,0.6811512,0.53901446,-0.63740486,0.5273993,0.10616796,-0.55162793
159246,5.7914453,-73.54548,55.39892,0.46061835,-9.951151,0.42771703,-1.1215487,1.4935654,0.27305678,0.12785704,0.9041604,0.40761077,-0.69425493,0.54817015,0.24208537,-0.39864054
159352,3.7754924,-73.8289,53.784756,2.3461626,-8.605786,2.9826534,0.07452556,0.46486846,-1.071763,0.10945031,0.9112429,0.3970604,-0.7037336,0.5472916,0.24803396,-0.37909114
159459,18.495722,-72.35531,50.16773,-2.5764716,-15.000007,1.8323039,-0.49617532,2.2374465,5.003444,0.073632635,0.86057234,0.5039777,-0.6813442,0.58266485,0.12951185,-0.4236725
159566,40.819374,-73.46313,42.678833,0.23449661,-8.382656,0.48993042,1.0444269,3.0282118,5.003444,0.44245878,0.6388461,0.62936944,-0.6237422,0.62379694,-0.056357834,-0.4675969
159672,56.435764,-79.51372,33.877136,0.8650054,-2.8474588,-1.8329021,0.27992898,3.1537445,5.003444,0.62085456,0.2785573,0.7327656,-0.5599156,0.6449815,-0.18354161,-0.48662707
159779,56.296677,157.72679,-107.886406,-1.8795621,-0.58564335,0.028115666,1.5031867,3.472769,5.003444,-0.26259288,-0.4854525,0.83389497,-0.2739626,0.5828655,-0.6457655,-0.41012102
159886,15.281975,174.59236,-121.83353,-11.050055,8.288737,4.025924,4.436714,4.4693956,0.46486846,-0.8911433,-0.43344492,0.13412324,-0.093344815,0.48670885,-0.86214155,-0.10541898
159992,4.472311,-174.78387,-121.79827,-7.44766,8.3479595,5.16072,2.8806877,2.2417228,-0.34987307,-0.90289426,-0.3837685,-0.19365883,-0.056171283,0.48392347,-0.8730586,0.020772226
160099,-12.260606,-154.16298,-111.66578,-6.7615185,7.891529,7.618149,3.2259793,2.1288652,-1.4518739,-0.7058854,-0.45427817,-0.5434677,-0.038716137,0.56401724,-0.78844094,0.24237673
160206,-30.69044,-146.19708,-110.0339,-2.187638,4.724628,11.532806,1.4679092,1.9521726,-2.1458168,-0.4419178,-0.34515673,-0.8279948,0.046714243,0.592048,-0.7118738,0.37487683
160312,-33.390644,-144.15215,-89.03919,-0.9349954,1.3058828,12.093326,2.7262917,-3.2210925,-3.4794884,-0.37543455,-0.1980756,-0.90543634,-0.018529145,0.7117984,-0.57596254,0.40158042
160419,-33.635162,-137.66617,-89.19557,2.9066813,-3.9577284,10.441081,1.8652769,-0.3651447,0.5193882,-0.4356671,-0.054618835,-0.8984492,-0.0566787,0.7089655,-0.55236226,0.43480042
160526,-31.550432,-145.99,-91.51155,-0.63649076,5.194818,7.622336,-3.2249105,0.113468215,0.19425514,-0.46286142,-0.0682225,-0.88380146,-0.010124857,0.6990407,-0.60377574,0.38300714
160632,-31.492071,-141.83026,-91.50298,-0.1495514,1.3764712,9.531809,0.41187587,-0.014966198,0.03252857,-0.45461228,-0.086716555,-0.8864581,-0.03588179,0.6982332,-0.58963096,0.4043739
160739,-31.314247,-142.52823,-91.81481,-0.18005991,0.6418747,9.620343,0.0041233404,-0.014813482,0.0290161,-0.46617436,-0.09936564,-0.87909496,-0.031647533,0.69675714,-0.5946009,0.39997214
160846,-31.207035,-142.56625,-92.034966,-0.20638095,0.75972116,9.619745,-0.021227568,-0.02031127,0.0290161,-0.47180343,-0.07539998,-0.8784739,-0.031318482,0.6955815,-0.59644365,0.39930007
160952,-31.009584,-142.6893,-92.48288,-0.17527425,0.76331043,9.600602,-0.019547688,-0.017256944,0.030543262,-0.4608314,-0.0879924,-0.8831148,-0.03025115,0.6931956,-0.60027003,0.39779478
161059,-30.854977,-142.78477,-92.80483,-0.20458633,0.7345965,9.638289,-0.025198191,-0.0070249503,0.027488936,-0.467058,-0.08612094,-0.8800227,-0.029528974,0.691465,-0.6030795,0.3966097
161166,-30.746971,-142.84377,-93.01802,-0.19501504,0.7507481,9.641878,-0.02351831,-0.016646078,0.025961772,-0.47651234,-0.08096879,-0.87543136,-0.02911542,0.6903099,-0.6049404,0.3958178
161272,-30.566446,-142.9719,-93.47261,-0.16390835,0.75254273,9.592826,-0.022602012,-0.011759155,0.027794369,-0.47150156,-0.08078537,-0.87815714,-0.027915543,0.6878543,-0.60873467,0.39435938
161379,-30.418482,-143.06676,-93.80063,-0.19800606,0.7453642,9.613165,-0.02107485,-0.020922136,0.028252516,-0.46264598,-0.08156799,-0.88278276,-0.027154867,0.6860628,-0.6115323,0.3932031
161486,-30.25183,-143.16588,-94.119965,-0.192024,0.76689965,9.603594,-0.025961772,-0.024587328,0.028710665,-0.46948174,-0.097890384,-0.8774989,-0.026523849,0.6842996,-0.6143481,0.39192724
161592,-30.206217,-143.1964,-94.228325,-0.17407784,0.7555337,9.632307,-0.021838432,-0.015118915,0.027030788,-0.46533406,-0.07491557,-0.8819591,-0.026260575,0.6837034,-0.615254,0.3915642
161699,-30.099985,-143.27138,-94.4497,-0.18903299,0.7435696,9.6580305,-0.026267204,-0.02031127,0.03145956,-0.4632855,-0.07976708,-0.8826119,-0.02573266,0.68247855,-0.6171893,0.3906895
161806,-30.047161,-143.30402,-94.547104,-0.18544376,0.7471588,9.633504,-0.020005837,-0.0206167,0.025350908,-0.46706915,-0.076555476,-0.8809005,-0.025542356,0.68193495,-0.61805886,0.39027625
161913,-29.630428,-143.59248,-95.40629,-0.18245272,0.7208378,9.623334,-0.02565634,-0.019547688,0.028405234,-0.46882164,-0.078072116,-0.8798358,-0.023576358,0.67712307,-0.62553215,0.38685662
162019,-29.51406,-143.6667,-95.60953,-0.17288142,0.74955165,9.6012,-0.02076942,-0.028099801,0.029321533,-0.46854746,-0.08440673,-0.87939686,-0.023197848,0.67596585,-0.6273706,0.3859251
162126,-29.414646,-143.73227,-95.84029,-0.17886348,0.7477571,9.593424,-0.021991149,-0.009162978,0.03176499,-0.4679686,-0.089438625,-0.8792077,-0.022672433,0.6746605,-0.6292819,0.38512787
162232,-29.15278,-143.88815,-96.38348,-0.19920248,0.74895346,9.579067,-0.022143863,-0.012675454,0.027947085,-0.47171798,-0.07711354,-0.878371,-0.02161903,0.6715531,-0.63386256,0.38310233
162339,-29.036745,-143.97281,-96.591835,-0.18125631,0.91345996,9.602995,-0.02031127,-0.022907447,0.028252516,-0.48197412,-0.09753123,-0.8707403,-0.021175405,0.6703493,-0.6357477,0.3821104
162446,-29.036745,-143.97281,-96.591835,-0.18125631,0.91345996,9.602995,-0.02031127,-0.022907447,0.028252516,-0.48197412,-0.09753123,-0.8707403,-0.021175405,0.6703493,-0.6357477,0.3821104
162552,-28.72418,-144.18622,-97.24379,-0.17647067,0.74177504,9.568299,-0.024129178,-0.018784106,0.028252516,-0.46735063,-0.096243,-0.87881774,-0.0197837,0.6665741,-0.64128447,0.37952837
162659,-28.608496,-144.2689,-97.45815,-0.18185452,0.73818576,9.635897,-0.025198191,-0.02321288,0.031154126,-0.45746756,-0.08187536,-0.88544893,-0.019343792,0.6653183,-0.6431807,0.3785445
162766,-28.509237,-144.35576,-97.67874,-0.17587246,0.76031935,9.625129,-0.02367103,-0.014966198,0.027794369,-0.47009945,-0.087977156,-0.8782178,-0.018756434,0.6640333,-0.64506924,0.37761575
162873,-28.251543,-144.56264,-98.211525,-0.17168503,0.75194454,9.667003,-0.02397646,-0.014660766,0.028405234,-0.46097896,-0.07579323,-0.88416845,-0.01748685,0.66089875,-0.6496618,0.37529534
162979,-28.056067,-144.73328,-98.63784,-0.19501504,0.76031935,9.6275215,-0.022143863,-0.014049901,0.025961772,-0.46062645,-0.0943562,-0.88256454,-0.016387736,0.6583781,-0.6533008,0.37345377
163086,-27.998398,-144.77304,-98.74435,-0.1698904,0.7543373,9.608379,-0.021533,-0.018936822,0.029932396,-0.45924836,-0.09312165,-0.88341343,-0.016189557,0.6577397,-0.6542264,0.3729668
163192,-27.77375,-144.96045,-99.148155,-0.17108682,0.7549355,9.596415,-0.02397646,-0.016798794,0.025961772,-0.46367824,-0.08706833,-0.8817151,-0.0152766835,0.65530974,-0.6578636,0.37087902
163299,-27.77375,-144.96045,-99.148155,-0.17108682,0.7549355,9.596415,-0.02397646,-0.016798794,0.025961772,-0.46367824,-0.08706833,-0.8817151,-0.0152766835,0.65530974,-0.6578636,0.37087902
163406,-27.77375,-144.96045,-99.148155,-0.17108682,0.7549355,9.596415,-0.02397646,-0.016798794,0.025961772,-0.46367824,-0.08706833,-0.8817151,-0.0152766835,0.65530974,-0.6578636,0.37087902
163512,-27.77375,-144.96045,-99.148155,-0.17108682,0.7549355,9.596415,-0.02397646,-0.016798794,0.025961772,-0.46367824,-0.08706833,-0.8817151,-0.0152766835,0.65530974,-0.6578636,0.37087902
163619,-27.674501,-145.04805,-99.36067,-0.1698904,0.7375876,9.632307,-0.022449298,-0.013744468,0.027794369,-0.44676772,-0.088619635,-0.8902501,-0.014740602,0.65403503,-0.6596755,0.36993125
163726,-27.674501,-145.04805,-99.36067,-0.1698904,0.7375876,9.632307,-0.022449298,-0.013744468,0.027794369,-0.44676772,-0.088619635,-0.8902501,-0.014740602,0.65403503,-0.6596755,0.36993125
163832,-26.756737,-145.82143,-100.9938,-0.18424733,0.74297136,9.634102,-0.02565634,-0.02687807,0.031001411,-0.45962298,-0.08360505,-0.8841702,-0.011210071,0.6439974,-0.6742567,0.36127505
163939,-26.65388,-145.91284,-101.208435,-0.19920248,0.7710871,9.643673,-0.025961772,-0.014049901,0.02947425,-0.46124125,-0.08733741,-0.88296586,-0.01070442,0.6426695,-0.6760654,0.36027345
164046,-26.42197,-146.09729,-101.6188,-0.19621144,0.75254273,9.614361,-0.02565634,-0.02657264,0.030085113,-0.4602854,-0.0976629,-0.88238275,-0.009929492,0.64009434,-0.6796489,0.35813138
164152,-26.249313,-146.24042,-101.93186,-0.18544376,0.7375876,9.590433,-0.021685716,-0.018478675,0.033292156,-0.4755453,-0.08837708,-0.8752406,-0.009307167,0.6381218,-0.68236524,0.35649914
164259,-26.103165,-146.37758,-102.27332,-0.18424733,0.7543373,9.626924,-0.0206167,-0.017104227,0.029932396,-0.472471,-0.106014036,-0.87494695,-0.008461832,0.6359888,-0.68513066,0.3550249
164366,-25.927166,-146.53088,-102.576805,-0.17886348,0.7411767,9.593424,-0.027488936,-0.011301006,0.026725354,-0.46300602,-0.10782455,-0.8797723,-0.007853631,0.63405234,-0.6878148,0.35330832
164472,-25.927166,-146.53088,-102.576805,-0.17886348,0.7411767,9.593424,-0.027488936,-0.011301006,0.026725354,-0.46300602,-0.10782455,-0.8797723,-0.007853631,0.63405234,-0.6878148,0.35330832
164579,-25.806051,-146.64659,-102.77376,-0.18903299,0.7710871,9.620941,-0.023823744,-0.02565634,0.02733622,-0.4476249,-0.0844479,-0.890225,-0.0074207005,0.6327867,-0.6896215,0.35206267
164686,-25.76568,-146.6883,-102.891495,-0.17527425,0.7286145,9.629316,-0.021533,-0.008399397,0.029932396,-0.4575485,-0.092172794,-0.88439447,-0.007100321,0.6320503,-0.69051963,0.35163152
164792,-25.469995,-146.93379,-103.401344,-0.15912269,0.7411767,9.626325,-0.0206167,-0.024129178,0.030390546,-0.44996732,-0.09132517,-0.8883632,-0.0061820536,0.6287601,-0.69495094,0.3488062
164900,-25.291063,-147.09274,-103.703964,-0.17467603,0.75673014,9.650851,-0.023060162,-0.017256944,0.029321533,-0.46500012,-0.09012915,-0.88071084,-0.0056002107,0.6267932,-0.69761735,0.34702867
165006,-24.944008,-147.41292,-104.32971,-0.19262221,0.75673014,9.619745,-0.023060162,-0.01450805,0.02977968,-0.45014852,-0.083429694,-0.8890477,-0.0043187644,0.62271506,-0.7030046,0.34349948
165112,-24.791435,-147.56798,-104.644905,-0.16450654,0.7405786,9.615558,-0.02367103,-0.011301006,0.028099801,-0.45867875,-0.07460048,-0.88546515,-0.0035709802,0.6206639,-0.70561874,0.34185642
165219,-24.635199,-147.7279,-104.9565,-0.17766707,0.75732833,9.622137,-0.022143863,-0.006566801,0.030085113,-0.4535441,-0.0891347,-0.8867653,-0.0028419858,0.61862314,-0.70822793,0.34016255
165326,-24.438177,-147.96266,-105.38355,-0.19262221,0.7722835,9.629316,-0.02733622,-0.017256944,0.03145956,-0.47298306,-0.08360741,-0.8770957,-0.0016578962,0.6158255,-0.7117841,0.33781588
165432,-24.330872,-148.08249,-105.58719,-0.15732808,0.7471588,9.609575,-0.023823744,-0.015882496,0.028405234,-0.46402752,-0.078007676,-0.8823793,-0.0011486418,0.6144749,-0.71353394,0.33658376
165539,-24.20614,-148.19768,-105.77271,-0.18783657,0.7507481,9.613165,-0.021227568,-0.01695151,0.027030788,-0.45807248,-0.0714295,-0.88604033,-0.00084123475,0.6132195,-0.7152171,0.33529928
165646,-24.20614,-148.19768,-105.77271,-0.18783657,0.7507481,9.613165,-0.021227568,-0.01695151,0.027030788,-0.45807248,-0.0714295,-0.88604033,-0.00084123475,0.6132195,-0.7152171,0.33529928
165752,-24.20614,-148.19768,-105.77271,-0.18783657,0.7507481,9.613165,-0.021227568,-0.01695151,0.027030788,-0.45807248,-0.0714295,-0.88604033,-0.00084123475,0.6132195,-0.7152171,0.33529928
165859,-24.20614,-148.19768,-105.77271,-0.18783657,0.7507481,9.613165,-0.021227568,-0.01695151,0.027030788,-0.45807248,-0.0714295,-0.88604033,-0.00084123475,0.6132195,-0.7152171,0.33529928
165966,-24.20614,-148.19768,-105.77271,-0.18783657,0.7507481,9.613165,-0.021227568,-0.01695151,0.027030788,-0.45807248,-0.0714295,-0.88604033,-0.00084123475,0.6132195,-0.7152171,0.33529928
166073,-24.20614,-148.19768,-105.77271,-0.18783657,0.7507481,9.613165,-0.021227568,-0.01695151,0.027030788,-0.45807248,-0.0714295,-0.88604033,-0.00084123475,0.6132195,-0.7152171,0.33529928
166179,-24.052555,-148.35982,-106.08225,-0.16869399,0.7339983,9.623933,-0.02031127,-0.01328632,0.028252516,-0.46361881,-0.074969396,-0.8828574,-0.00012408655,0.6111611,-0.7177749,0.33358845
166286,-24.052555,-148.35982,-106.08225,-0.16869399,0.7339983,9.623933,-0.02031127,-0.01328632,0.028252516,-0.46361881,-0.074969396,-0.8828574,-0.00012408655,0.6111611,-0.7177749,0.33358845
166392,-23.401934,-149.02061,-107.32658,-0.20877378,0.7298109,9.626924,-0.019547688,-0.012675454,0.032986723,-0.4757207,-0.082598925,-0.87570953,0.0024790978,0.60277194,-0.72806585,0.32646587
166499,-22.854116,-149.6042,-108.34557,-0.21535403,0.7722835,9.589834,-0.02443461,-0.025503622,0.030390546,-0.46100503,-0.07894184,-0.88387924,0.004607003,0.59578466,-0.7365185,0.3202498
166606,-22.854116,-149.6042,-108.34557,-0.21535403,0.7722835,9.589834,-0.02443461,-0.025503622,0.030390546,-0.46100503,-0.07894184,-0.88387924,0.004607003,0.59578466,-0.7365185,0.3202498
166712,-22.854116,-149.6042,-108.34557,-0.21535403,0.7722835,9.589834,-0.02443461,-0.025503622,0.030390546,-0.46100503,-0.07894184,-0.88387924,0.004607003,0.59578466,-0.7365185,0.3202498
166819,-22.75818,-149.71695,-108.55814,-0.18664016,0.74297136,9.618548,-0.024129178,-0.018784106,0.028252516,-0.479643,-0.08026398,-0.873785,0.005117574,0.5943312,-0.738192,0.31908733
166926,-22.75818,-149.71695,-108.55814,-0.18664016,0.74297136,9.618548,-0.024129178,-0.018784106,0.028252516,-0.479643,-0.08026398,-0.873785,0.005117574,0.5943312,-0.738192,0.31908733
167032,-22.481535,-150.01234,-109.072395,-0.17587246,0.7369893,9.646066,-0.020158552,-0.014966198,0.028405234,-0.466008,-0.08500703,-0.8806874,0.00613937,0.5907601,-0.7423996,0.31592342
167139,-22.481535,-150.01234,-109.072395,-0.17587246,0.7369893,9.646066,-0.020158552,-0.014966198,0.028405234,-0.466008,-0.08500703,-0.8806874,0.00613937,0.5907601,-0.7423996,0.31592342
167246,-21.980349,-150.55557,-109.978775,-0.1477568,0.74237317,9.631111,-0.024740042,-0.016340645,0.0290161,-0.45766658,-0.07752932,-0.88573724,0.007887978,0.58439666,-0.7498317,0.3101141
167352,-21.415596,-151.17247,-110.97817,-0.17407784,0.73519474,9.593424,-0.0206167,-0.015577063,0.027488936,-0.47140357,-0.08599126,-0.8777153,0.00970908,0.5772857,-0.75798094,0.30349928
167459,-21.283926,-151.35278,-111.28954,-0.16151553,0.74656063,9.598807,-0.02275473,-0.009010263,0.028405234,-0.4602652,-0.07137269,-0.88490784,0.010505911,0.57509243,-0.76035124,0.30170232
167566,-21.112162,-151.54823,-111.59214,-0.192024,0.74895346,9.603594,-0.024587328,-0.014813482,0.030695977,-0.4713745,-0.07512504,-0.8787277,0.011060761,0.5729133,-0.76280516,0.29962686
167673,-20.969099,-151.74057,-111.90482,-0.1806581,0.75673014,9.610173,-0.02397646,-0.00580322,0.029932396,-0.4532714,-0.07973254,-0.8877994,0.011818922,0.5706845,-0.7652183,0.2976919
167779,-20.798252,-151.96016,-112.19371,-0.18604195,0.7453642,9.628119,-0.023823744,-0.012064589,0.02687807,-0.452645,-0.08620045,-0.8875145,0.01244208,0.56857985,-0.76763934,0.29545224
167886,-20.553883,-152.23354,-112.58243,-0.17108682,0.75194454,9.628119,-0.025198191,-0.02443461,0.030848695,-0.4549974,-0.073475495,-0.8874563,0.013049208,0.56572634,-0.7708546,0.29251775
167992,-20.372587,-152.42603,-112.87082,-0.20518453,0.7363911,9.638887,-0.02397646,-0.027947085,0.029932396,-0.46473795,-0.08927279,-0.88093644,0.013435403,0.5636023,-0.77319866,0.29040608
168099,-20.322561,-152.49147,-112.97503,-0.1794617,0.73818576,9.631111,-0.024281893,-0.01450805,0.030543262,-0.45903718,-0.08864207,-0.88398385,0.013662826,0.56284714,-0.7739955,0.28973672
168206,-20.11418,-152.76453,-113.37182,-0.17467603,0.75254273,9.629316,-0.023365596,-0.021991149,0.0290161,-0.4662053,-0.08865288,-0.88022345,0.014505465,0.55994534,-0.7771186,0.2869451
168312,-19.939726,-152.96004,-113.66405,-0.18125631,0.72203416,9.626924,-0.023823744,-0.016340645,0.030543262,-0.46162945,-0.08121447,-0.88334733,0.014935118,0.55778235,-0.77943957,0.28483275
168419,-19.768616,-153.14558,-113.9503,-0.16929218,0.7453642,9.60479,-0.020005837,-0.02367103,0.029321533,-0.48100966,-0.09090412,-0.8719898,0.0153144915,0.55565757,-0.7816867,0.2828003
168526,-19.626764,-153.32791,-114.241905,-0.16510475,0.73818576,9.610772,-0.02107485,-0.02107485,0.024740042,-0.46036375,-0.08448538,-0.88370097,0.01589187,0.553516,-0.78387284,0.28091076
168632,-19.462578,-153.52621,-114.52638,-0.16390835,0.72143596,9.619745,-0.023823744,-0.024281893,0.027641652,-0.46488455,-0.08868359,-0.8809186,0.016357383,0.5513948,-0.7861034,0.27881467
168739,-19.286745,-153.73338,-114.80096,-0.18484555,0.74297136,9.612567,-0.023060162,-0.023060162,0.028405234,-0.46633634,-0.099174924,-0.8790306,0.016746245,0.5493239,-0.78832203,0.27660653
168846,-19.198584,-153.86168,-115.00259,-0.16331014,0.744766,9.61137,-0.02351831,-0.018325957,0.029168814,-0.44937152,-0.07835537,-0.88990206,0.017207624,0.5478389,-0.7897943,0.27532026
168952,-19.016811,-154.06992,-115.27724,-0.18305092,0.7399804,9.587442,-0.02275473,-0.025350908,0.0290161,-0.45644465,-0.08229835,-0.8859375,0.017540274,0.5457519,-0.79200864,0.27307412
169059,-18.798058,-154.3481,-115.64001,-0.17228322,0.74237317,9.617352,-0.023060162,-0.02443461,0.027641652,-0.45280272,-0.07197002,-0.8887013,0.018132295,0.54300463,-0.79487425,0.27017066
169166,-18.615253,-154.57014,-115.91126,-0.16091733,0.7208378,9.61795,-0.02321288,-0.018020526,0.029932396,-0.46554443,-0.093092054,-0.8801149,0.018488443,0.54092467,-0.7970775,0.2678175
169273,-18.559547,-154.6313,-116.00771,-0.16809578,0.7334001,9.653245,-0.020005837,-0.018325957,0.029932396,-0.45875552,-0.09417582,-0.88355774,0.01859614,0.54019475,-0.7977961,0.26714274
169379,-18.268215,-154.97466,-116.48146,-0.16091733,0.74955165,9.623334,-0.022143863,-0.013591751,0.029168814,-0.47969154,-0.08268264,-0.87353283,0.019179484,0.53657717,-0.801443,0.26345065
169486,-18.118732,-155.17932,-116.769455,-0.17467603,0.7363911,9.626325,-0.021991149,-0.009162978,0.0290161,-0.46318904,-0.09546406,-0.88110304,0.019701732,0.5343948,-0.8035748,0.26134568
169592,-18.057875,-155.23584,-116.86135,-0.19262221,0.7399804,9.624531,-0.016646078,-0.021380283,0.02947425,-0.4576483,-0.085637,-0.88499963,0.019728713,0.53368723,-0.80426025,0.2606803
169699,-18.057875,-155.23584,-116.86135,-0.19262221,0.7399804,9.624531,-0.016646078,-0.021380283,0.02947425,-0.4576483,-0.085637,-0.88499963,0.019728713,0.53368723,-0.80426025,0.2606803
169806,-17.942234,-155.36208,-117.05158,-0.16929218,0.7298109,9.594022,-0.02031127,-0.014813482,0.030390546,-0.4605586,-0.085684724,-0.88348395,0.019899791,0.53222793,-0.8056743,0.25928032
169912,-17.671568,-155.72284,-117.524574,-0.18005991,0.74237317,9.623933,-0.025503622,-0.014966198,0.030848695,-0.4622125,-0.09634787,-0.88151956,0.020644324,0.52859503,-0.80923635,0.255534
170019,-17.370895,-156.15599,-118.1028,-0.2027917,0.7453642,9.623933,-0.02275473,-0.0044287727,0.02657264,-0.4529517,-0.076861374,-0.88821566,0.02169742,0.5241599,-0.81346387,0.25112173
170126,-17.244522,-156.29504,-118.277275,-0.17826527,0.74297136,9.606585,-0.023365596,-0.021685716,0.028405234,-0.46064422,-0.0950607,-0.88247967,0.021780875,0.52278465,-0.81481934,0.24958204
170232,-17.054504,-156.55794,-118.67043,-0.16570297,0.7399804,9.593424,-0.02076942,-0.011911872,0.027183503,-0.46553048,-0.077308215,-0.8816489,0.022423336,0.5197696,-0.8175566,0.2468561
170339,-16.826054,-156.82632,-119.040306,-0.17108682,0.75912297,9.585049,-0.022143863,-0.02107485,0.030085113,-0.461287,-0.099488825,-0.88165545,0.022736436,0.5168769,-0.82025456,0.24393405
170446,-16.66964,-157.04764,-119.310425,-0.16749758,0.75254273,9.614959,-0.025809057,-0.024587328,0.02733622,-0.46784312,-0.09171959,-0.8790394,0.023143768,0.51476246,-0.822244,0.24165834
170552,-16.5583,-157.18365,-119.49192,-0.15672988,0.7393822,9.601798,-0.02107485,-0.024587328,0.03023783,-0.45591882,-0.092194475,-0.8852334,0.023307865,0.5133363,-0.82355917,0.24019341
170659,-16.464375,-157.32819,-119.67749,-0.16450654,0.73818576,9.607781,-0.02321288,-0.0096211275,0.027641652,-0.42794457,-0.06824705,-0.9012246,0.023643268,0.5118918,-0.82487154,0.23873581
170766,-16.464375,-157.32819,-119.67749,-0.16450654,0.73818576,9.607781,-0.02321288,-0.0096211275,0.027641652,-0.42794457,-0.06824705,-0.9012246,0.023643268,0.5118918,-0.82487154,0.23873581
170872,-16.131107,-157.7578,-120.21815,-0.17288142,0.75373906,9.624531,-0.01985312,-0.012370021,0.0290161,-0.46061698,-0.08499761,-0.8835199,0.024184978,0.50761795,-0.8287937,0.2341796
170979,-15.932719,-158.04872,-120.58323,-0.1698904,0.7363911,9.631709,-0.022602012,-0.025045475,0.029626964,-0.47425693,-0.080893666,-0.8766622,0.024728356,0.50474393,-0.831366,0.23119818
171086,-15.901081,-158.11661,-120.67602,-0.17886348,0.76390857,9.595817,-0.021227568,-0.008399397,0.02565634,-0.4667903,-0.074347965,-0.8812373,0.024977263,0.5040292,-0.83196956,0.2305588
171192,-15.766149,-158.32657,-120.95115,-0.1902294,0.69990057,9.614361,-0.021685716,-0.0070249503,0.030695977,-0.4582922,-0.07437153,-0.88568455,0.0254388,0.50187033,-0.8338449,0.22843319
171299,-15.456288,-158.76784,-121.493454,-0.18305092,0.7663014,9.592826,-0.02367103,-0.00870483,0.02855795,-0.46406206,-0.06850386,-0.8831498,0.02610638,0.4975585,-0.83763975,0.22386077
171406,-15.392192,-158.8371,-121.57561,-0.19920248,0.74955165,9.622137,-0.020463986,-0.02443461,0.028099801,-0.44850478,-0.07916443,-0.8902676,0.026084917,0.49688902,-0.83824545,0.2230816
171512,-15.256661,-159.0493,-121.8479,-0.18544376,0.7585248,9.635298,-0.019547688,-0.024740042,0.02855795,-0.43922678,-0.07554807,-0.895194,0.026510064,0.4947348,-0.8400745,0.220929
171619,-15.059778,-159.34131,-122.224335,-0.16510475,0.74955165,9.585049,-0.027947085,-0.0067195175,0.03176499,-0.45503765,-0.07793855,-0.88705486,0.02700259,0.49174175,-0.8425979,0.21792133
171726,-15.004706,-159.41069,-122.311485,-0.010767701,0.7190432,9.631709,-0.021380283,-0.0206167,0.028405234,-0.46529904,-0.08239811,-0.88131005,0.027049566,0.49103954,-0.84319866,0.21717402
171832,-14.767796,-159.77036,-122.753914,-0.16510475,0.73160547,9.614959,-0.02443461,-0.011911872,0.027030788,-0.45153648,-0.07156354,-0.88937813,0.027624715,0.48750067,-0.8461693,0.21348886
171939,-14.668261,-159.92915,-122.93886,-0.17467603,0.74955165,9.653245,-0.02367103,-0.012217305,0.030085113,-0.45638996,-0.07100421,-0.88694227,0.027888313,0.4860156,-0.8474179,0.21188207
172046,-14.504426,-160.13953,-123.20647,-0.15613168,0.7501499,9.602995,-0.02641992,-0.016493361,0.03176499,-0.4576584,-0.08147734,-0.88538706,0.028027946,0.48385227,-0.8492116,0.2096213
172152,-14.399514,-160.2784,-123.38811,-0.17168503,0.7549355,9.626325,-0.021838432,-0.018936822,0.031306844,-0.4695795,-0.088004254,-0.87849325,0.028147692,0.48238766,-0.8504045,0.20813946
172259,-14.177095,-160.63197,-123.83779,-0.16929218,0.7471588,9.628718,-0.019394971,-0.011301006,0.027641652,-0.45125315,-0.076525964,-0.8891088,0.02874816,0.47878128,-0.8532912,0.20453882
172366,-14.077042,-160.77306,-124.01884,-0.15912269,0.7435696,9.642476,-0.020922136,-0.01282817,0.030390546,-0.44919935,-0.08307236,-0.8895611,0.028896213,0.47731832,-0.85445905,0.20305642
172472,-13.865286,-161.05275,-124.37143,-0.19920248,0.76450676,9.591629,-0.026267204,-0.0206167,0.030848695,-0.45844194,-0.085735604,-0.88457924,0.029061966,0.4744499,-0.85675347,0.20006536
172579,-13.718257,-161.29129,-124.64065,-0.17886348,0.74656063,9.616754,-0.027794369,-0.027488936,0.030390546,-0.46369192,-0.1020932,-0.88009477,0.029390646,0.4722605,-0.85851103,0.19764867
172686,-13.718257,-161.29129,-124.64065,-0.17886348,0.74656063,9.616754,-0.027794369,-0.027488936,0.030390546,-0.46369192,-0.1020932,-0.88009477,0.029390646,0.4722605,-0.85851103,0.19764867
172793,-13.620066,-161.4414,-124.826454,-0.16450654,0.73220366,9.610173,-0.025198191,-0.0206167,0.03313944,-0.45844206,-0.09235464,-0.8839126,0.029576143,0.47075355,-0.8596865,0.19610056
172899,-13.620066,-161.4414,-124.826454,-0.16450654,0.73220366,9.610173,-0.025198191,-0.0206167,0.03313944,-0.45844206,-0.09235464,-0.8839126,0.029576143,0.47075355,-0.8596865,0.19610056
173006,-13.620066,-161.4414,-124.826454,-0.16450654,0.73220366,9.610173,-0.025198191,-0.0206167,0.03313944,-0.45844206,-0.09235464,-0.8839126,0.029576143,0.47075355,-0.8596865,0.19610056
173112,-13.620066,-161.4414,-124.826454,-0.16450654,0.73220366,9.610173,-0.025198191,-0.0206167,0.03313944,-0.45844206,-0.09235464,-0.8839126,0.029576143,0.47075355,-0.8596865,0.19610056
173219,-13.087723,-162.22495,-125.77567,-0.17706887,0.75912297,9.629914,-0.022907447,-0.015118915,0.031306844,-0.44003788,-0.09435867,-0.89300793,0.030273024,0.4630008,-0.86567533,0.18793638
173326,-12.70769,-162.74918,-126.37155,-0.18305092,0.72143596,9.646664,-0.025198191,-0.02611449,0.0290161,-0.4553652,-0.093532175,-0.885378,0.030414047,0.45807028,-0.8694728,0.18238333
173432,-12.605926,-162.8838,-126.55342,-0.22133608,0.72801626,9.5868435,-0.020158552,-0.018020526,0.03145956,-0.46469867,-0.089725554,-0.8809112,0.03045382,0.4565796,-0.87055784,0.18093291
173539,-12.385719,-163.14674,-126.89646,-0.1902294,0.74297136,9.600602,-0.02107485,-0.020463986,0.031154126,-0.4565075,-0.071896,-0.88680995,0.030332886,0.45374122,-0.8726436,0.1780225
173646,-12.179336,-163.4446,-127.23787,-0.19740786,0.75314087,9.623334,-0.027030788,-0.013591751,0.030848695,-0.45647293,-0.07828818,-0.8862863,0.03043584,0.45091128,-0.8747365,0.17489648
173753,-12.086734,-163.60019,-127.40507,-0.16390835,0.73220366,9.610772,-0.027794369,-0.0076358155,0.028252516,-0.4644676,-0.08049624,-0.88192415,0.030583061,0.4495271,-0.8757566,0.17332162
173859,-11.955497,-163.814,-127.66538,-0.17647067,0.72741807,9.612567,-0.021380283,-0.008552114,0.027947085,-0.47155356,-0.07515358,-0.87862915,0.030792173,0.4473864,-0.8772745,0.17113337
173966,-11.741639,-164.11002,-128.00119,-0.16031912,0.7363911,9.581459,-0.019242255,-0.023823744,0.03145956,-0.45262948,-0.09486775,-0.88663787,0.030778429,0.44458437,-0.8793047,0.16799022
174072,-11.694737,-164.18372,-128.08061,-0.18364912,0.73878396,9.614959,-0.022602012,-0.017104227,0.02641992,-0.4615159,-0.08195965,-0.8833378,0.030815234,0.44392258,-0.8797822,0.16723181
174179,-11.508176,-164.48454,-128.41841,-0.20159529,0.7501499,9.610173,-0.0206167,-0.014355333,0.027641652,-0.44862184,-0.07673818,-0.8904211,0.031011894,0.44111755,-0.88176465,0.16414829
174286,-11.348543,-164.6941,-128.67415,-0.18245272,0.75732833,9.647263,-0.018478675,-0.016187929,0.028252516,-0.46513462,-0.10481899,-0.8790124,0.030934902,0.43898368,-0.88324934,0.16188578
174392,-11.348543,-164.6941,-128.67415,-0.18245272,0.75732833,9.647263,-0.018478675,-0.016187929,0.028252516,-0.46513462,-0.10481899,-0.8790124,0.030934902,0.43898368,-0.88324934,0.16188578
174499,-11.348543,-164.6941,-128.67415,-0.18245272,0.75732833,9.647263,-0.018478675,-0.016187929,0.028252516,-0.46513462,-0.10481899,-0.8790124,0.030934902,0.43898368,-0.88324934,0.16188578
174606,-10.892184,-165.35312,-129.43712,-0.18364912,0.762114,9.598209,-0.02321288,-0.02107485,0.0290161,-0.47400686,-0.06909532,-0.87780595,0.030926405,0.4326084,-0.88762957,0.1549428
174713,-10.727204,-165.56326,-129.67683,-0.19740786,0.73579293,9.726226,-0.021685716,-0.025961772,0.027641652,-0.48376375,-0.08139476,-0.8714055,0.030746063,0.4305868,-0.88901347,0.1526589
174819,-10.578315,-165.7796,-129.92638,-0.16749758,0.73220366,9.631111,-0.024129178,-0.023060162,0.027488936,-0.45771638,-0.080266126,-0.8854677,0.030718187,0.42849594,-0.89041173,0.15038143
174926,-10.444548,-166.00851,-130.18045,-0.16749758,0.7375876,9.583255,-0.021380283,-0.021533,0.028405234,-0.46321934,-0.08200535,-0.88244146,0.030851569,0.4263741,-0.891814,0.1480579
175032,-10.311233,-166.20584,-130.43123,-0.19381861,0.730409,9.582656,-0.02275473,-0.017562376,0.02977968,-0.46139255,-0.0905067,-0.8825675,0.030856721,0.42428455,-0.8931516,0.14598179
175139,-10.169555,-166.4391,-130.67226,-0.16689937,0.73100734,9.60479,-0.026267204,-0.02107485,0.027641652,-0.47396892,-0.08824515,-0.8761086,0.030906761,0.42225426,-0.89449745,0.14359796
175246,-10.125101,-166.51263,-130.75182,-0.18544376,0.7411767,9.607781,-0.022449298,-0.016035212,0.027183503,-0.46719393,-0.07441599,-0.8810176,0.030926472,0.4215861,-0.89493227,0.14284606
175352,-10.125101,-166.51263,-130.75182,-0.18544376,0.7411767,9.607781,-0.022449298,-0.016035212,0.027183503,-0.46719393,-0.07441599,-0.8810176,0.030926472,0.4215861,-0.89493227,0.14284606
175459,-10.020831,-166.66258,-130.92162,-0.1902294,0.74297136,9.610772,-0.02107485,-0.01450805,0.03023783,-0.460817,-0.095324606,-0.882361,0.030865205,0.42015564,-0.89585793,0.14126258
175566,-9.606603,-167.32819,-131.65204,-0.16869399,0.72741807,9.608379,-0.021991149,-0.010231993,0.025961772,-0.47690052,-0.07831252,-0.87546164,0.030892078,0.41400856,-0.8997652,0.13440682
175673,-9.497087,-167.46283,-131.812,-0.18544376,0.7298109,9.64487,-0.022907447,-0.021380283,0.02733622,-0.45808738,-0.0904772,-0.8842906,0.030696837,0.4126527,-0.90061414,0.13292709
175779,-9.497087,-167.46283,-131.812,-0.18544376,0.7298109,9.64487,-0.022907447,-0.021380283,0.02733622,-0.45808738,-0.0904772,-0.8842906,0.030696837,0.4126527,-0.90061414,0.13292709
175886,-9.1733885,-167.95457,-132.37685,-0.18245272,0.73579293,9.650253,-0.023823744,-0.015577063,0.02657264,-0.467716,-0.08515282,-0.8797674,0.030531868,0.40789208,-0.90352714,0.12779108
175993,-9.0151205,-168.17915,-132.60963,-0.15732808,0.7399804,9.652646,-0.023060162,-0.022143863,0.028099801,-0.45962456,-0.06956112,-0.885385,0.030328581,0.40590855,-0.90475917,0.12541616
176099,-8.923255,-168.32224,-132.76886,-0.20757735,0.75194454,9.617352,-0.024281893,-0.01328632,0.027183503,-0.47031495,-0.090324506,-0.87786406,0.03027699,0.4045631,-0.9055679,0.12393077
176206,-8.787628,-168.54047,-133.00766,-0.2021935,0.7292127,9.582058,-0.027488936,-0.010537425,0.027947085,-0.4765607,-0.07487097,-0.8759476,0.030221552,0.40254447,-0.90677357,0.12168126
176313,-8.682126,-168.68857,-133.16745,-0.18783657,0.73878396,9.6484585,-0.021380283,-0.016035212,0.0290161,-0.4634073,-0.089065835,-0.8816581,0.030068748,0.40118477,-0.9075904,0.12010953
176419,-8.682126,-168.68857,-133.16745,-0.18783657,0.73878396,9.6484585,-0.021380283,-0.016035212,0.0290161,-0.4634073,-0.089065835,-0.8816581,0.030068748,0.40118477,-0.9075904,0.12010953
176526,-8.384945,-169.2287,-133.73296,-0.16929218,0.74895346,9.603594,-0.022296581,-0.01695151,0.027488936,-0.48275515,-0.088466816,-0.87127554,0.030155767,0.3964043,-0.9103865,0.11467621
176633,-8.178062,-169.52174,-134.05481,-0.18245272,0.73878396,9.6376915,-0.025961772,-0.021685716,0.028863383,-0.4794805,-0.098375574,-0.872021,0.029829273,0.39366567,-0.91197014,0.111570746
176739,-8.034891,-169.73274,-134.28815,-0.19322042,0.73519474,9.613165,-0.02565634,-0.024740042,0.027183503,-0.46334141,-0.06660989,-0.88367295,0.029630847,0.39168334,-0.9130979,0.10935413
176846,-7.9342313,-169.87228,-134.44435,-0.1794617,0.744766,9.622137,-0.021533,-0.02351831,0.027488936,-0.46738538,-0.0819415,-0.880248,0.029448468,0.39035395,-0.9138496,0.10786795
176953,-7.859125,-170.03685,-134.6038,-0.1794617,0.7328019,9.598807,-0.030085113,-0.00870483,0.02947425,-0.4624976,-0.065426126,-0.88420326,0.029554775,0.38900408,-0.91460913,0.10626592
177059,-7.663429,-170.34361,-134.9056,-0.18245272,0.75194454,9.586246,-0.023823744,-0.02687807,0.027641652,-0.4655267,-0.069698095,-0.8822851,0.029297575,0.3864244,-0.91607285,0.10309416
177166,-7.4696913,-170.63281,-135.21655,-0.14835499,0.7411767,9.616754,-0.023823744,-0.012980886,0.027488936,-0.4724697,-0.09377892,-0.8763435,0.028988032,0.38377628,-0.91753036,0.1000673
177272,-7.430634,-170.70358,-135.30017,-0.16689937,0.7513463,9.649057,-0.022602012,-0.013439035,0.031306844,-0.46583754,-0.09340345,-0.8799268,0.028983442,0.38307148,-0.9179027,0.099351995
177379,-7.3137617,-170.92224,-135.5278,-0.15672988,0.74596244,9.658628,-0.017867807,-0.0067195175,0.02855795,-0.47096977,-0.08379263,-0.8781607,0.02896704,0.38114122,-0.9189406,0.09716198
177486,-7.123062,-171.20767,-135.84772,-0.17288142,0.730409,9.610173,-0.02397646,-0.02076942,0.028405234,-0.47976083,-0.06722882,-0.8748199,0.0286435,0.37842155,-0.9203847,0.094173834
177592,-7.123062,-171.20767,-135.84772,-0.17288142,0.730409,9.610173,-0.02397646,-0.02076942,0.028405234,-0.47976083,-0.06722882,-0.8748199,0.0286435,0.37842155,-0.9203847,0.094173834
177699,-7.123062,-171.20767,-135.84772,-0.17288142,0.730409,9.610173,-0.02397646,-0.02076942,0.028405234,-0.47976083,-0.06722882,-0.8748199,0.0286435,0.37842155,-0.9203847,0.094173834
177806,-6.919789,-171.51201,-136.16394,-0.18843476,0.73220366,9.598209,-0.02733622,-0.014202617,0.031612277,-0.4740507,-0.0731443,-0.87745416,0.028260319,0.37572095,-0.92182153,0.090995416
177912,-6.576908,-172.031,-136.70905,-0.17288142,0.7262216,9.615558,-0.020158552,-0.02031127,0.024587328,-0.4750655,-0.08954092,-0.8753829,0.027600195,0.3710698,-0.9242403,0.08558816
178019,-6.4203105,-172.31017,-137.02414,-0.17527425,0.7363911,9.608379,-0.02107485,-0.015271631,0.030848695,-0.47468665,-0.08203025,-0.87632394,0.027464528,0.36840135,-0.9255681,0.082763836
178126,-6.3350215,-172.44817,-137.17282,-0.18604195,0.75373906,9.628119,-0.021685716,-0.014966198,0.0290161,-0.4727749,-0.07003584,-0.8783956,0.027322773,0.3671361,-0.9262006,0.08134463
178232,-6.3350215,-172.44817,-137.17282,-0.18604195,0.75373906,9.628119,-0.021685716,-0.014966198,0.0290161,-0.4727749,-0.07003584,-0.8783956,0.027322773,0.3671361,-0.9262006,0.08134463
178339,-5.9823427,-172.9427,-137.70961,-0.18903299,0.74656063,9.629914,-0.017104227,-0.025503622,0.029626964,-0.46833757,-0.07995749,-0.8799243,0.02640436,0.36255366,-0.92847425,0.07611346
178446,-5.9472694,-173.00998,-137.78842,-0.17048861,0.7345965,9.59462,-0.0206167,-0.012217305,0.029932396,-0.46537125,-0.08544226,-0.880982,0.0263842,0.36188766,-0.92878944,0.07544109
178553,-5.734606,-173.36,-138.16862,-0.1902294,0.762114,9.635897,-0.019242255,-0.017562376,0.02733622,-0.47116855,-0.085874766,-0.8778529,0.025999887,0.35865444,-0.93033737,0.071856625
178659,-5.631234,-173.50095,-138.31349,-0.17347963,0.7686942,9.6376915,-0.022143863,-0.024281893,0.027641652,-0.4474185,-0.09084309,-0.8896989,0.025688807,0.35741395,-0.9309375,0.07036109
178766,-5.4778614,-173.78668,-138.61562,-0.17587246,0.73878396,9.616754,-0.022296581,-0.008857545,0.02855795,-0.46005216,-0.07939665,-0.88433486,0.025509186,0.3548477,-0.93213516,0.06750095
178872,-5.3750215,-173.91513,-138.76228,-0.16091733,0.75673014,9.649057,-0.018325957,-0.025961772,0.030848695,-0.46556085,-0.085837655,-0.88084334,0.025153331,0.3535958,-0.9327201,0.066109724
178979,-5.2353497,-174.20605,-139.07213,-0.16749758,0.7471588,9.646664,-0.027794369,-0.0027488936,0.032375857,-0.45805097,-0.07549064,-0.88571465,0.025082957,0.35096908,-0.93391174,0.06324838
179086,-5.1866975,-174.26839,-139.15347,-0.16689937,0.7615158,9.623933,-0.018020526,-0.018936822,0.032375857,-0.46523556,-0.07705238,-0.881827,0.024921088,0.35027924,-0.9342204,0.06257548
179192,-5.0478125,-174.49466,-139.3773,-0.17347963,0.7507481,9.643075,-0.02443461,-0.025961772,0.02855795,-0.45506933,-0.08666213,-0.88622886,0.024596171,0.3483679,-0.9350953,0.06026315
179299,-4.903272,-174.70093,-139.59435,-0.1914258,0.7471588,9.620343,-0.021380283,-0.024892759,0.027794369,-0.47036046,-0.0812125,-0.8787295,0.024151884,0.3465153,-0.93593174,0.058099587
179406,-4.7032275,-175.06667,-139.96649,-0.16749758,0.73579293,9.628119,-0.02657264,-0.016646078,0.030390546,-0.47009766,-0.08815433,-0.878201,0.023798196,0.34334898,-0.93732697,0.05443626
179512,-4.618358,-175.21338,-140.1124,-0.17826527,0.73100734,9.574282,-0.02321288,-0.009773844,0.028252516,-0.47553763,-0.080161594,-0.87603545,0.02361006,0.3421057,-0.93787104,0.05295427
179619,-4.4391646,-175.4758,-140.40686,-0.18723837,0.72741807,9.610772,-0.020922136,-0.01817324,0.02733622,-0.45951667,-0.09369025,-0.88321376,0.023054063,0.33960208,-0.9389447,0.050216954
179726,-4.2847033,-175.70497,-140.62872,-0.16869399,0.75732833,9.643075,-0.022602012,-0.025045475,0.031612277,-0.45170218,-0.09065158,-0.88755137,0.022558711,0.33770636,-0.9397642,0.047841493
179833,-4.206826,-175.84312,-140.77898,-0.16271193,0.74656063,9.613763,-0.02275473,-0.016646078,0.031001411,-0.44604626,-0.089341804,-0.8905396,0.022387441,0.33643153,-0.9402951,0.046451367
179939,-4.084557,-176.06058,-140.99068,-0.16929218,0.73220366,9.611968,-0.022449298,-0.013439035,0.02657264,-0.45502582,-0.097312175,-0.88514507,0.022103379,0.33462897,-0.94105,0.044269685
180046,-3.8962624,-176.34477,-141.27843,-0.19800606,0.73519474,9.585647,-0.02321288,-0.020463986,0.030085113,-0.45246127,-0.078444585,-0.88832724,0.021489311,0.3321782,-0.9420654,0.04133555
180152,-3.872259,-176.40619,-141.34503,-0.17108682,0.7298109,9.625129,-0.018020526,-0.007941248,0.025503622,-0.46535885,-0.09513323,-0.87999475,0.021493532,0.33161512,-0.94228923,0.040749017
180259,-3.7417014,-176.61061,-141.56595,-0.18723837,0.7435696,9.663414,-0.023823744,-0.012064589,0.030543262,-0.46474817,-0.08954731,-0.8809032,0.021085182,0.32973954,-0.94304466,0.03865181
180366,-3.5771482,-176.91331,-141.85635,-0.18125631,0.7345965,9.625129,-0.02107485,-0.015118915,0.032070424,-0.46953708,-0.09736252,-0.8775281,0.02069132,0.32726997,-0.9440319,0.035637137
180472,-3.4933727,-177.06561,-142.00275,-0.14177473,0.7369893,9.646066,-0.02321288,-0.022296581,0.029321533,-0.4534405,-0.09161226,-0.8865658,0.02047929,0.32602546,-0.94452316,0.03411814
180579,-3.3080661,-177.35463,-142.2905,-0.30269206,0.7286145,9.615558,-0.024129178,-0.01771509,0.031306844,-0.47024053,-0.09429206,-0.87748665,0.019851541,0.3235799,-0.9454792,0.031160984
180686,-3.2870471,-177.43016,-142.36244,-0.17886348,0.744766,9.6071825,-0.025198191,-0.006566801,0.028710665,-0.46248004,-0.09749018,-0.8812536,0.01991044,0.32297093,-0.9457088,0.030466167
180792,-3.0730736,-177.7253,-142.65189,-0.1794617,0.73519474,9.618548,-0.02657264,-0.027641652,0.029932396,-0.46973732,-0.082628965,-0.8789308,0.01904465,0.3205101,-0.9466577,0.027381364
180899,-2.914734,-178.02391,-142.94218,-0.1585245,0.718445,9.579067,-0.02687807,-0.011148291,0.028710665,-0.47389603,-0.08561738,-0.8764087,0.018633168,0.31804886,-0.94757646,0.024425592
181006,-2.7884343,-178.24571,-143.16324,-0.17527425,0.73579293,9.653245,-0.02565634,-0.011301006,0.02947425,-0.4689456,-0.082321085,-0.8793823,0.018246882,0.31617624,-0.948265,0.022206586
181112,-2.672854,-178.43779,-143.37454,-0.16869399,0.7363911,9.653245,-0.01817324,-0.007483099,0.02947425,-0.4618288,-0.09055918,-0.88233393,0.017857501,0.31439057,-0.94890934,0.020266006
181219,-2.5433772,-178.65327,-143.59412,-0.16091733,0.72023964,9.622137,-0.021380283,-0.012217305,0.028405234,-0.4767856,-0.10263888,-0.87300676,0.017410986,0.3125329,-0.949575,0.018093547
181326,-2.4317584,-178.86282,-143.80124,-0.17407784,0.7339983,9.625129,-0.022296581,-0.014049901,0.030543262,-0.45242688,-0.09810629,-0.8863888,0.017086316,0.31078103,-0.95019287,0.01602231
181432,-2.3132136,-179.08159,-144.0097,-0.17048861,0.7334001,9.619745,-0.02397646,-0.0125227375,0.027794369,-0.4704233,-0.090760894,-0.877761,0.016721724,0.30901745,-0.9508084,0.013856686
181539,-2.1709523,-179.29343,-144.20726,-0.17886348,0.73818576,9.634102,-0.026725354,-0.01985312,0.027794369,-0.45607468,-0.07361227,-0.88689184,0.016132606,0.30734646,-0.95138913,0.011687826
181646,-2.023527,-179.50208,-144.41417,-0.17826527,0.7334001,9.641878,-0.021685716,-0.017256944,0.029168814,-0.45757887,-0.09348272,-0.8842412,0.015485321,0.30560005,-0.9519863,0.0095324535
181753,-1.9136913,-179.7018,-144.62245,-0.17228322,0.7477571,9.630512,-0.021685716,-0.016798794,0.02855795,-0.4724727,-0.088888526,-0.8768514,0.01511915,0.30384436,-0.95257175,0.0075529646
181859,-1.8409591,-179.83806,-144.76797,-0.21774687,0.74177504,9.64128,-0.02351831,-0.013744468,0.028710665,-0.4679897,-0.08564696,-0.8795739,0.014883723,0.3026186,-0.9529753,0.006208521
181966,-1.6630303,179.86511,-145.06183,-0.16510475,0.73519474,9.647861,-0.022296581,-0.019242255,0.030848695,-0.4692946,-0.079988256,-0.8794114,0.014196162,0.3001431,-0.9537831,0.0032337243
182072,-1.6052196,179.70769,-145.19188,-0.13459627,0.7292127,9.614361,-0.024129178,-0.012980886,0.024281893,-0.47683033,-0.07604273,-0.8756999,0.014129314,0.29904404,-0.9541331,0.0017559468
182179,-1.4636844,179.48605,-145.41025,-0.20338991,0.7369893,9.622137,-0.024892759,-0.01771509,0.031154126,-0.46335748,-0.07892384,-0.8826499,0.013528335,0.2972076,-0.9547169,-0.00048472377
182286,-1.397434,179.34323,-145.54771,-0.17647067,0.7399804,9.655637,-0.023365596,-0.011301006,0.02657264,-0.45244732,-0.074261345,-0.8886938,0.013344585,0.29605025,-0.95507735,-0.0018625476
182392,-1.397434,179.34323,-145.54771,-0.17647067,0.7399804,9.655637,-0.023365596,-0.011301006,0.02657264,-0.45244732,-0.074261345,-0.8886938,0.013344585,0.29605025,-0.95507735,-0.0018625476
182499,-1.1358819,178.80713,-146.04735,-0.18305092,0.7393822,9.626325,-0.026267204,-0.02443461,0.028405234,-0.47175425,-0.08689216,-0.8774381,0.012519048,0.29184765,-0.9563568,-0.007061514
182606,-1.031398,178.59125,-146.26105,-0.1585245,0.7232306,9.6275215,-0.022602012,-0.02565634,0.02977968,-0.46789816,-0.07739834,-0.88038677,0.012179882,0.29005292,-0.95688933,-0.0091522625
182712,-0.9760628,178.45616,-146.39536,-0.16450654,0.73160547,9.608379,-0.019394971,-0.009315695,0.029932396,-0.46659556,-0.083041206,-0.88056386,0.012047522,0.28892404,-0.95721936,-0.010434503
182819,-0.81340337,178.16481,-146.67299,-0.18005991,0.75194454,9.66461,-0.02107485,-0.017104227,0.027183503,-0.4698571,-0.0783975,-0.87925434,0.011391281,0.28659746,-0.9578909,-0.01330633
182926,-0.7302568,178.01593,-146.8207,-0.16869399,0.7328019,9.620941,-0.021380283,-0.022907447,0.027641652,-0.46442455,0.015527597,-0.8854766,0.0110496115,0.28536096,-0.95824254,-0.014773175
183032,-0.6252859,177.79138,-147.0341,-0.17826527,0.7178468,9.594022,-0.025503622,-0.01740966,0.029321533,-0.47785595,-0.09519403,-0.873265,0.010699539,0.28357226,-0.95874166,-0.01693238
183139,-0.46349436,177.49522,-147.3079,-0.16151553,0.76989067,9.598807,-0.025045475,-0.0125227375,0.027488936,-0.4704408,-0.0864189,-0.87818974,0.010031535,0.28128365,-0.9593672,-0.019834848
183246,-0.3163461,177.27545,-147.5203,-0.18544376,0.7543373,9.639485,-0.025350908,-0.024129178,0.026725354,-0.46177334,-0.08854468,-0.8825674,0.009298323,0.2795159,-0.95984274,-0.02205349
183353,-0.20114669,177.05444,-147.72786,-0.16689937,0.7375876,9.573683,-0.024587328,-0.010995574,0.03023783,-0.45304018,-0.09293116,-0.88663316,0.008828685,0.27778384,-0.9602981,-0.024201684
183460,-0.10328363,176.85443,-147.94476,-0.15134603,0.74237317,9.642476,-0.021838432,-0.015118915,0.031154126,-0.46109205,-0.08643554,-0.8831325,0.008444047,0.27597275,-0.96077305,-0.026131177
183566,0.030688122,176.63559,-148.15562,-0.19740786,0.7298109,9.608977,-0.022449298,-0.013439035,0.02855795,-0.46612382,-0.07378419,-0.8816374,0.00779579,0.2742209,-0.96121854,-0.028302955
183672,0.08661513,176.57028,-148.22005,-0.17407784,0.73579293,9.622736,-0.02031127,-0.025350908,0.027030788,-0.44616243,-0.0914654,-0.89026576,0.007466666,0.27369004,-0.961352,-0.028988829
183779,0.24083178,176.2689,-148.50125,-0.15433705,0.74177504,9.608977,-0.025198191,-0.015577063,0.032223143,-0.45656067,-0.082364626,-0.8858716,0.006814474,0.27135134,-0.96192735,-0.031902097
183886,0.3826613,176.003,-148.76236,-0.19441684,0.7441678,9.620343,-0.02397646,-0.016035212,0.02855795,-0.48142427,-0.10042371,-0.8707156,0.006175031,0.26918313,-0.96245164,-0.034483936
183993,0.5155107,175.78897,-148.97012,-0.19561325,0.74297136,9.611968,-0.021685716,-0.021533,0.029626964,-0.48092547,-0.08456507,-0.87267375,0.00549562,0.26746556,-0.96285623,-0.036603257
184099,0.62499315,175.55957,-149.1766,-0.18305092,0.7393822,9.64128,-0.024892759,-0.02076942,0.03023783,-0.4639434,-0.08306422,-0.88196194,0.0050412077,0.26575318,-0.963247,-0.038795073
184206,0.62499315,175.55957,-149.1766,-0.18305092,0.7393822,9.64128,-0.024892759,-0.02076942,0.03023783,-0.4639434,-0.08306422,-0.88196194,0.0050412077,0.26575318,-0.963247,-0.038795073
184312,0.8193136,175.20349,-149.5288,-0.19501504,0.7292127,9.632906,-0.021380283,-0.019242255,0.03252857,-0.4658464,-0.09289534,-0.8799759,0.004103694,0.26284054,-0.96390504,-0.042250667
184419,0.9112189,174.99416,-149.73114,-0.17228322,0.72442704,9.592826,-0.022296581,-0.015577063,0.029321533,-0.45113498,-0.09673826,-0.88719726,0.0037326103,0.26116258,-0.9642738,-0.04422842
184526,1.0006086,174.83687,-149.87852,-0.16450654,0.7208378,9.628119,-0.024281893,-0.013439035,0.032986723,-0.47391772,-0.087905064,-0.87617046,0.0032799214,0.25994897,-0.96453196,-0.045759372
184632,1.0540776,174.76878,-149.95126,-0.15254244,0.7292127,9.632307,-0.0206167,-0.025045475,0.030543262,-0.48841724,-0.09227998,-0.86771715,0.0029547638,0.2593542,-0.9646598,-0.04645533
184739,1.3003261,174.3389,-150.36295,-0.192024,0.7339983,9.618548,-0.024587328,-0.029626964,0.03176499,-0.47421777,-0.113812566,-0.8730202,0.001672664,0.2559716,-0.9653558,-0.050635412
184846,1.4081613,174.11415,-150.57135,-0.15792629,0.7363911,9.594022,-0.025198191,-0.018020526,0.03145956,-0.46042895,-0.091001906,-0.88301975,0.0011701202,0.2542559,-0.9656955,-0.05277073
184952,1.5146145,173.83191,-150.84608,-0.18604195,0.75613195,9.602995,-0.022296581,-0.008857545,0.03023783,-0.45733845,-0.093884915,-0.884323,0.0007662522,0.2519819,-0.9661454,-0.055386025
185059,1.5895457,173.60136,-151.04471,-0.18723837,0.73878396,9.609575,-0.024892759,-0.00580322,0.031154126,-0.48508283,-0.08279199,-0.87054014,0.0005416353,0.25033817,-0.9664496,-0.057494577
185166,1.6986163,173.36333,-151.25252,-0.17168503,0.7345965,9.638887,-0.028405234,-0.0125227375,0.029321533,-0.4703369,-0.083370395,-0.87854004,3.317946e-05,0.2486337,-0.9667536,-0.059739
185273,1.7613394,173.29459,-151.3295,-0.16510475,0.7190432,9.656834,-0.020922136,-0.030543262,0.032375857,-0.46884203,-0.08712629,-0.8789745,-0.00038769856,0.24801306,-0.9668685,-0.06045372
185379,1.8192574,173.1276,-151.45818,-0.15493526,0.73220366,9.640682,-0.02275473,-0.011911872,0.030085113,-0.46413153,-0.08660667,-0.8815221,-0.00058472855,0.24695498,-0.96704215,-0.061986566
185486,1.8787261,172.97142,-151.59593,-0.17826527,0.7405786,9.57787,-0.02367103,-0.009010263,0.030848695,-0.45655254,-0.09277918,-0.8848456,-0.00082647864,0.24582168,-0.96723706,-0.0634307
185593,2.1226156,172.46002,-152.07552,-0.18903299,0.7208378,9.620343,-0.02367103,-0.019700404,0.032986723,-0.46340978,-0.08314237,-0.88223505,-0.002074206,0.24190083,-0.967895,-0.06825717
185699,2.1830316,172.30939,-152.21115,-0.17347963,0.72801626,9.598209,-0.02351831,-0.010537425,0.030695977,-0.467977,-0.08305442,-0.8798292,-0.002349233,0.24078967,-0.96807194,-0.069652945
185806,2.2633495,172.08669,-152.42168,-0.1806581,0.73519474,9.656236,-0.02687807,-0.009773844,0.03283401,-0.4711088,-0.097651616,-0.87665313,-0.0026918887,0.23905881,-0.9683508,-0.07169625
185912,2.3455958,171.94638,-152.56332,-0.16749758,0.7405786,9.643075,-0.022602012,-0.019242255,0.029168814,-0.46626446,-0.099583626,-0.8790225,-0.0031849002,0.23791037,-0.96853113,-0.07304765
186019,2.479859,171.66507,-152.82214,-0.17826527,0.7549355,9.608977,-0.02443461,-0.021533,0.028710665,-0.4690507,-0.08798817,-0.87877727,-0.003907238,0.23580667,-0.9688399,-0.07569171
186126,2.5578601,171.52522,-152.95238,-0.1896312,0.7268199,9.637093,-0.023060162,-0.016035212,0.028099801,-0.45369655,-0.076207526,-0.8878918,-0.0043669115,0.23475562,-0.9689879,-0.07702752
186232,2.7195094,171.22978,-153.22435,-0.17288142,0.7393822,9.639485,-0.021227568,-0.01985312,0.0290161,-0.47495443,-0.0892444,-0.87547344,-0.0053189057,0.23256345,-0.96928406,-0.07983953
186339,2.8251023,171.00604,-153.41693,-0.17527425,0.7345965,9.601798,-0.02443461,-0.025045475,0.031001411,-0.45735487,-0.07836416,-0.8858248,-0.0058963443,0.23100951,-0.9694776,-0.081933014
186446,2.9209292,170.76091,-153.61436,-0.18245272,0.7663014,9.57488,-0.025045475,-0.022602012,0.031306844,-0.47078478,-0.07806765,-0.87878734,-0.0063585485,0.22941206,-0.969661,-0.0841858
186552,2.9405465,170.68494,-153.67328,-0.18843476,0.7453642,9.616754,-0.023823744,-0.00992656,0.026725354,-0.47162753,-0.080476366,-0.87811786,-0.006416236,0.22893018,-0.96971536,-0.08486396
186659,3.1150634,170.34056,-154.00392,-0.16450654,0.7088737,9.619745,-0.02275473,-0.019547688,0.0290161,-0.4531881,-0.0809455,-0.88773215,-0.007460364,0.22626613,-0.9700446,-0.088098824
186766,3.1472929,170.19003,-154.12833,-0.17108682,0.744766,9.633504,-0.025503622,-0.0154243475,0.028710665,-0.4640022,-0.09338731,-0.8808977,-0.00753329,0.22524433,-0.9701603,-0.089427345
186873,3.2693267,169.88867,-154.39017,-0.18424733,0.71665037,9.649655,-0.02107485,-0.016340645,0.028099801,-0.45772532,-0.100249134,-0.8834238,-0.008185672,0.22313136,-0.97038424,-0.09219472
186979,3.3297186,169.73813,-154.52162,-0.16091733,0.7507481,9.580861,-0.024281893,-0.02031127,0.03145956,-0.46036723,-0.08081295,-0.88404256,-0.008511831,0.22207138,-0.9704925,-0.09357467
187086,3.4507556,169.43723,-154.7814,-0.16929218,0.7393822,9.59462,-0.024281893,-0.012064589,0.025503622,-0.45968136,-0.08130309,-0.8843545,-0.009173133,0.21998087,-0.9706928,-0.09633123
187193,3.5294898,169.2758,-154.91246,-0.17706887,0.7369893,9.655637,-0.020922136,-0.025045475,0.02657264,-0.47857934,-0.08928449,-0.873493,-0.009642834,0.21894154,-0.97077286,-0.09783494
187299,3.5294898,169.2758,-154.91246,-0.17706887,0.7369893,9.655637,-0.020922136,-0.025045475,0.02657264,-0.47857934,-0.08928449,-0.873493,-0.009642834,0.21894154,-0.97077286,-0.09783494
187406,3.5294898,169.2758,-154.91246,-0.17706887,0.7369893,9.655637,-0.020922136,-0.025045475,0.02657264,-0.47857934,-0.08928449,-0.873493,-0.009642834,0.21894154,-0.97077286,-0.09783494
187512,3.7138784,168.72647,-155.40555,-0.18783657,0.7411767,9.614959,-0.019700404,-0.010537425,0.029932396,-0.4512431,-0.09307643,-0.8875339,-0.010598925,0.21495168,-0.9711429,-0.102785625
187619,3.8552506,168.36894,-155.73123,-0.1794617,0.73220366,9.602397,-0.021838432,-0.011911872,0.027794369,-0.46201253,-0.08680787,-0.88261473,-0.011429059,0.21233729,-0.9713587,-0.106040314
187726,3.9427314,168.1505,-155.92772,-0.1806581,0.75673014,9.575478,-0.022296581,-0.015577063,0.03191771,-0.44532278,-0.08559551,-0.8912693,-0.011952036,0.2107647,-0.97147584,-0.10802833
187832,3.9973614,167.99635,-156.05804,-0.1698904,0.7238288,9.594022,-0.021227568,-0.018478675,0.032070424,-0.4588792,-0.08315888,-0.8845985,-0.012256739,0.2097211,-0.9715423,-0.1094183
187939,4.068807,167.77318,-156.25276,-0.16211373,0.7339983,9.6071825,-0.02443461,-0.02351831,0.032223143,-0.46502566,-0.09970836,-0.87966436,-0.012644165,0.20815428,-0.9716474,-0.11141513
188046,4.1560607,167.53418,-156.44785,-0.15493526,0.74835527,9.600602,-0.02611449,-0.01985312,0.027794369,-0.4652449,-0.08061612,-0.8815034,-0.013144225,0.20660147,-0.9717224,-0.11357199
188152,4.2566056,167.23972,-156.70483,-0.19501504,0.73160547,9.6484585,-0.02321288,-0.0154243475,0.027947085,-0.47806263,-0.081964694,-0.87449294,-0.013727757,0.20454438,-0.97183734,-0.11621236
188259,4.303495,167.16281,-156.7809,-0.16869399,0.72023964,9.649057,-0.023365596,-0.02733622,0.03283401,-0.4650169,-0.082400516,-0.8814587,-0.014066404,0.2039502,-0.9718706,-0.11693566
188366,4.4019465,166.85919,-157.04118,-0.15732808,0.7471588,9.608379,-0.02321288,-0.0106901415,0.02977968,-0.45984054,-0.08181559,-0.8842245,-0.014633966,0.20186931,-0.97196686,-0.11964532
188472,4.477889,166.69986,-157.1838,-0.18364912,0.7399804,9.5970125,-0.022143863,-0.02611449,0.031306844,-0.4637152,-0.084507376,-0.88194484,-0.015149231,0.20074983,-0.97200996,-0.12110587
188579,4.5730386,166.38454,-157.44006,-0.16271193,0.7453642,9.636495,-0.022296581,-0.009162978,0.029626964,-0.4620774,-0.08831269,-0.8824315,-0.015682217,0.1987075,-0.9720684,-0.12390446
188686,4.695185,166.08711,-157.69922,-0.18783657,0.7334001,9.613165,-0.02321288,-0.029626964,0.027030788,-0.46455225,-0.087530926,-0.88120914,-0.016490562,0.19666767,-0.9721237,-0.1265918
188793,4.7352567,165.93692,-157.8332,-0.18664016,0.73878396,9.617352,-0.022602012,-0.013897184,0.034513887,-0.48187107,-0.09573855,-0.87099624,-0.016722908,0.19559176,-0.972164,-0.1279117
188899,4.8062263,165.71306,-158.02277,-0.16929218,0.7585248,9.624531,-0.022449298,-0.015271631,0.030695977,-0.46706724,-0.088744804,-0.8797571,-0.017158832,0.19408658,-0.97219473,-0.12989737
189006,4.8062263,165.71306,-158.02277,-0.16929218,0.7585248,9.624531,-0.022449298,-0.015271631,0.030695977,-0.46706724,-0.088744804,-0.8797571,-0.017158832,0.19408658,-0.97219473,-0.12989737
189112,4.8621197,165.55267,-158.15216,-0.017946169,0.7399804,9.632906,-0.022143863,-0.012064589,0.029932396,-0.45941794,-0.0965694,-0.88295496,-0.017510563,0.1930691,-0.9721989,-0.13132782
189219,5.084871,164.93109,-158.66524,-0.1896312,0.7262216,9.617352,-0.02443461,-0.016187929,0.0290161,-0.46863088,-0.089774676,-0.8788206,-0.018968536,0.18904431,-0.97219807,-0.13686986
189326,5.1314154,164.78288,-158.79048,-0.15433705,0.7393822,9.629316,-0.023365596,-0.02321288,0.031154126,-0.4727875,-0.093266845,-0.8762267,-0.019270739,0.18805571,-0.9721988,-0.1381783
189432,5.2185993,164.48868,-159.03807,-0.16390835,0.76031935,9.57787,-0.023060162,-0.010842858,0.028099801,-0.47663307,-0.08275734,-0.87519836,-0.019833144,0.18609901,-0.9721928,-0.14076534
189539,5.2769585,164.26645,-159.22392,-0.16630118,0.744766,9.628119,-0.022602012,-0.005955936,0.027947085,-0.46175453,-0.09337004,-0.8820798,-0.02019981,0.18462491,-0.97218335,-0.14270641
189646,5.3672395,164.04141,-159.4218,-0.1914258,0.74297136,9.609575,-0.021380283,-0.01450805,0.032375857,-0.46994305,-0.08754393,-0.8783448,-0.020854633,0.18308668,-0.9721635,-0.14471513
189753,5.429944,163.88197,-159.5413,-0.16630118,0.74596244,9.620941,-0.02367103,-0.016646078,0.026725354,-0.4646394,-0.073410444,-0.8824518,-0.021285431,0.18217266,-0.97211295,-0.14613861
189859,5.4942036,163.64801,-159.7362,-0.19561325,0.72741807,9.611968,-0.022907447,-0.018478675,0.03023783,-0.48122457,-0.08707487,-0.87226194,-0.021711817,0.18063636,-0.972081,-0.14818102
189966,5.555174,163.42398,-159.91525,-0.1806581,0.7513463,9.618548,-0.02275473,-0.01160644,0.027794369,-0.4538961,-0.07631183,-0.88778085,-0.022111563,0.17923088,-0.9720322,-0.15013579
190072,5.6274195,163.25508,-160.04124,-0.16510475,0.73579293,9.626325,-0.023365596,-0.028252516,0.028099801,-0.45926896,-0.06992117,-0.88554114,-0.022628358,0.17827965,-0.97196054,-0.15164776
190179,5.6695833,163.09981,-160.16852,-0.17587246,0.72203416,9.611968,-0.021533,-0.018020526,0.02947425,-0.45662186,-0.08919803,-0.8851781,-0.02291519,0.17728084,-0.97192466,-0.15299965
190286,5.7458434,162.72575,-160.47963,-0.13339986,0.7226324,9.589834,-0.018936822,-0.013744468,0.028710665,-0.46753186,-0.07246531,-0.881001,-0.023408763,0.17480956,-0.9718488,-0.15621664
190392,5.8219666,162.485,-160.6674,-0.16869399,0.7471588,9.628718,-0.021227568,-0.016798794,0.02855795,-0.4670057,-0.08510394,-0.8801494,-0.023948003,0.17336015,-0.971754,-0.15832525
190499,5.856674,162.24466,-160.84283,-0.15732808,0.7441678,9.612567,-0.022449298,-0.014049901,0.028252516,-0.46918514,-0.07295856,-0.8800809,-0.024124919,0.1719661,-0.9716613,-0.16037415
190606,5.935118,161.99779,-161.03548,-0.16271193,0.7334001,9.61795,-0.026725354,-0.019242255,0.02657264,-0.4686156,-0.06755542,-0.8808154,-0.0246944,0.17048427,-0.9715495,-0.16253269
190713,5.968295,161.84425,-161.15808,-0.18664016,0.73579293,9.655039,-0.021685716,-0.009773844,0.030543262,-0.47170916,-0.07649251,-0.87843007,-0.024923258,0.16952053,-0.9714906,-0.16385242
190819,6.039253,161.61647,-161.34589,-0.20697914,0.7118647,9.61137,-0.02275473,-0.012980886,0.02565634,-0.48102686,-0.09530206,-0.87151057,-0.02546114,0.16807003,-0.97139204,-0.1658365
190926,6.039253,161.61647,-161.34589,-0.20697914,0.7118647,9.61137,-0.02275473,-0.012980886,0.02565634,-0.48102686,-0.09530206,-0.87151057,-0.02546114,0.16807003,-0.97139204,-0.1658365
191032,6.167549,161.0709,-161.76424,-0.16031912,0.7268199,9.613165,-0.024129178,-0.023060162,0.029321533,-0.46629274,-0.077798605,-0.8812029,-0.026373236,0.16481708,-0.97111183,-0.17053317
191139,6.215333,160.8337,-161.95355,-0.18305092,0.75254273,9.644272,-0.025198191,-0.017867807,0.033292156,-0.45397893,-0.08980489,-0.88647515,-0.026723081,0.1633323,-0.970995,-0.17256062
191246,6.217287,160.7538,-162.00551,-0.18305092,0.7441678,9.620343,-0.02351831,-0.009010263,0.028252516,-0.47632533,-0.08329579,-0.8753148,-0.026704352,0.16291335,-0.9709471,-0.17322789
191353,6.30972,160.35843,-162.30049,-0.019740786,0.7405786,9.637093,-0.02321288,-0.013744468,0.027488936,-0.46541888,-0.07567868,-0.88184917,-0.027381891,0.16063516,-0.970696,-0.17662369
191459,6.3518767,160.1072,-162.47693,-0.16869399,0.71724856,9.638289,-0.023823744,-0.013897184,0.026725354,-0.46574706,-0.070855826,-0.8820766,-0.027662963,0.15926024,-0.97052324,-0.17876124
191566,6.4054985,159.95045,-162.60728,-0.16031912,0.7555337,9.6376915,-0.021991149,-0.029932396,0.028863383,-0.48056194,-0.078026555,-0.87348276,-0.028105415,0.15827066,-0.9704208,-0.18012227
191672,6.4441786,159.71776,-162.77359,-0.17826527,0.7369893,9.634102,-0.020005837,-0.015577063,0.030390546,-0.44599697,-0.065971486,-0.8925998,-0.028376704,0.15697531,-0.9702544,-0.1820984
191779,6.4441786,159.71776,-162.77359,-0.17826527,0.7369893,9.634102,-0.020005837,-0.015577063,0.030390546,-0.44599697,-0.065971486,-0.8925998,-0.028376704,0.15697531,-0.9702544,-0.1820984
191886,6.505062,159.25221,-163.11232,-0.16211373,0.72023964,9.625727,-0.022143863,-0.01695151,0.03023783,-0.45699608,-0.07170161,-0.886574,-0.028805478,0.1543129,-0.96992356,-0.18602714
191993,6.5334125,159.09004,-163.23682,-0.17886348,0.7615158,9.579665,-0.01985312,-0.022143863,0.03268129,-0.46264553,-0.08527053,-0.882433,-0.029031308,0.15334232,-0.9698062,-0.18740137
192099,6.591108,158.7865,-163.4633,-0.19561325,0.7393822,9.622137,-0.022143863,-0.01328632,0.031001411,-0.47285762,-0.093583435,-0.87615514,-0.02949013,0.15159006,-0.96956635,-0.1899785
192206,6.6572723,158.48866,-163.6947,-0.18185452,0.7339983,9.636495,-0.019089539,-0.018936822,0.028405234,-0.466418,-0.08606807,-0.8803673,-0.030046163,0.1498108,-0.9693259,-0.19251285
192312,6.669396,158.23875,-163.85306,-0.16689937,0.73579293,9.5868435,-0.025503622,-0.0154243475,0.027488936,-0.46921897,-0.0927774,-0.8781947,-0.030091146,0.14855583,-0.9691012,-0.19459854
192419,6.669396,158.23875,-163.85306,-0.16689937,0.73579293,9.5868435,-0.025503622,-0.0154243475,0.027488936,-0.46921897,-0.0927774,-0.8781947,-0.030091146,0.14855583,-0.9691012,-0.19459854
192526,6.6972704,157.83716,-164.12212,-0.20877378,0.73579293,9.61795,-0.02443461,-0.013897184,0.03145956,-0.46654922,-0.08746652,-0.8801599,-0.030271541,0.14643043,-0.9687394,-0.19795391
192632,6.7298307,157.5958,-164.29024,-0.17886348,0.75373906,9.626924,-0.02031127,-0.013133602,0.030848695,-0.473923,-0.079882234,-0.8769355,-0.030532528,0.14512536,-0.9685105,-0.19998457
192739,6.7500687,157.35692,-164.4515,-0.16929218,0.7363911,9.610173,-0.024740042,-0.015118915,0.029168814,-0.47885954,-0.08123609,-0.8741248,-0.030685756,0.14385903,-0.96828014,-0.20198166
192846,6.7692842,157.10205,-164.61945,-0.17886348,0.74656063,9.608977,-0.02397646,-0.020463986,0.027947085,-0.47907075,-0.08583377,-0.87356955,-0.030827709,0.14254001,-0.9680243,-0.20411001
192953,6.804902,156.9275,-164.7334,-0.15672988,0.7286145,9.6347,-0.024892759,-0.012370021,0.029932396,-0.45983267,-0.06307132,-0.8857629,-0.031116774,0.14168356,-0.9678275,-0.20559049
193059,6.8186784,156.68616,-164.90414,-0.18005991,0.7543373,9.613763,-0.018936822,-0.008857545,0.029321533,-0.46472076,-0.06294976,-0.8832168,-0.031244336,0.14033033,-0.96759236,-0.20759627
193166,6.8424535,156.5127,-165.01572,-0.16689937,0.7585248,9.622137,-0.025503622,-0.013897184,0.027794369,-0.4751788,-0.08248923,-0.87601405,-0.031436786,0.13947578,-0.9673957,-0.2090544
193273,6.889051,156.11784,-165.30391,-0.15553346,0.75673014,9.674182,-0.022907447,-0.015118915,0.031001411,-0.48352307,-0.0682026,-0.87267053,-0.03188458,0.13723189,-0.96698326,-0.21235372
193379,6.875985,155.95676,-165.41545,-0.16630118,0.7328019,9.5868435,-0.019394971,-0.016035212,0.034055736,-0.47796732,-0.08556347,-0.8742003,-0.031789035,0.13631296,-0.9668266,-0.21366917
193486,6.875004,155.66127,-165.60762,-0.18125631,0.73160547,9.642476,-0.018784106,-0.013133602,0.02733622,-0.48689905,-0.07799525,-0.869969,-0.031791583,0.13477215,-0.9665005,-0.21610755
193592,6.8676863,155.57812,-165.6466,-0.18005991,0.7339983,9.590433,-0.024129178,-0.0077885315,0.025198191,-0.46700835,-0.064964175,-0.8818633,-0.031705648,0.13445342,-0.96639466,-0.21679102
193699,6.8883157,155.48547,-165.70103,-0.1489532,0.90209407,9.626924,-0.02687807,-0.023365596,0.02641992,-0.47905007,-0.07167885,-0.8748561,-0.03187478,0.13405667,-0.96626765,-0.21757683
193806,6.469587,156.79672,-165.2233,0.42113677,1.5774683,9.705887,0.4923574,0.33567044,-0.23533584,-0.46753755,-0.048249897,-0.88265544,-0.028996224,0.13701975,-0.9684294,-0.2062265
193913,7.846456,155.51875,-163.49045,-0.039481573,0.9870393,9.620343,-0.7467827,-0.420428,-0.44150284,-0.47058553,-0.06879669,-0.8796683,-0.035802394,0.15433818,-0.9627917,-0.21892944
194019,9.313864,153.4335,-144.30588,1.5996019,0.8715856,9.535398,-0.41340306,0.8649852,-2.7595837,-0.29542252,-0.24973784,-0.9221478,-0.0050293817,0.31504992,-0.917636,-0.2422034
194126,11.020675,154.36725,-134.16943,1.53021,1.6618153,10.331609,-0.25457808,0.6270532,-2.689029,-0.18173717,-0.30311072,-0.9354654,-0.00026998256,0.39753437,-0.88568944,-0.23983456
194233,12.525148,153.87943,-128.12796,2.8486552,1.2783655,9.61137,-0.36636645,0.2612976,-1.1058187,-0.09178035,-0.36423773,-0.9267725,0.0026840102,0.44567916,-0.860012,-0.24847995
194339,11.982188,160.73117,-103.22444,4.2317066,0.30029923,9.010772,0.33505958,0.91522884,-3.0256155,0.2289432,-0.31834432,-0.91991407,0.022703229,0.6225702,-0.75770247,-0.19436537
194446,11.982188,160.73117,-103.22444,4.2317066,0.30029923,9.010772,0.33505958,0.91522884,-3.0256155,0.2289432,-0.31834432,-0.91991407,0.022703229,0.6225702,-0.75770247,-0.19436537
194552,11.982188,160.73117,-103.22444,4.2317066,0.30029923,9.010772,0.33505958,0.91522884,-3.0256155,0.2289432,-0.31834432,-0.91991407,0.022703229,0.6225702,-0.75770247,-0.19436537
194659,10.801033,165.70656,-93.08501,4.788038,-1.2119646,8.52802,0.7635816,0.9230173,-2.0786216,0.36361533,-0.2373347,-0.9008086,0.017404223,0.6879426,-0.70899445,-0.15413933
194766,10.801033,165.70656,-93.08501,4.788038,-1.2119646,8.52802,0.7635816,0.9230173,-2.0786216,0.36361533,-0.2373347,-0.9008086,0.017404223,0.6879426,-0.70899445,-0.15413933
194872,7.728199,170.98805,-79.66041,3.7872398,-2.2582262,7.8029943,0.8194757,1.530981,-3.3573153,0.515734,-0.09233096,-0.851759,0.017164066,0.7672231,-0.63301754,-0.10179842
194979,-5.3619194,-172.44926,-32.74195,1.0342976,-8.638687,5.064409,0.27656925,0.09483683,-0.8035932,0.5185772,0.58803874,-0.6207158,-0.049951162,0.9571949,-0.27798095,0.063319154
195086,-6.4511366,-172.26674,-28.246695,-0.0849452,-9.264411,4.4967117,0.20173825,-0.047800206,-0.527024,0.48830554,0.634042,-0.59962356,-0.051593784,0.96695817,-0.23938943,0.070870616
195192,-6.4511366,-172.26674,-28.246695,-0.0849452,-9.264411,4.4967117,0.20173825,-0.047800206,-0.527024,0.48830554,0.634042,-0.59962356,-0.051593784,0.96695817,-0.23938943,0.070870616
195299,-0.85498565,-174.35732,-40.418488,1.1796615,-7.7443705,5.449055,-0.3323107,-0.6012441,1.8008307,0.56273335,0.5205857,-0.6421228,-0.04361599,0.9374006,-0.3446766,0.023996457
195406,0.45902026,-176.21436,-44.08466,2.2845473,-7.33101,4.974678,-0.9392053,-0.5096143,1.9042197,0.5606088,0.500343,-0.65982926,-0.032117903,0.926344,-0.37520635,0.008684869
195512,3.3808374,178.89268,-57.69289,3.1812575,-5.6081777,6.5700927,-0.7669413,-0.6078109,3.3487632,0.61330986,0.3285515,-0.71826524,-0.0057713185,0.87563133,-0.4819817,-0.03049752
195619,5.1678066,169.25893,-92.53148,4.934598,-1.8532411,7.3208404,-0.39522982,-0.7284568,3.0665433,0.59629786,-0.12843531,-0.79242235,0.032207347,0.69062895,-0.7157336,-0.09858894
195726,4.978208,167.15446,-100.56494,5.2426744,-1.7898313,7.29751,-0.68187827,-0.7677049,3.9287798,0.5773632,-0.17844115,-0.79674995,0.038217492,0.6381303,-0.7605506,-0.113542266
195833,4.978208,167.15446,-100.56494,5.2426744,-1.7898313,7.29751,-0.68187827,-0.7677049,3.9287798,0.5773632,-0.17844115,-0.79674995,0.038217492,0.6381303,-0.7605506,-0.113542266
195939,4.3649745,165.61128,-109.66035,5.516652,-1.0013963,8.109276,-0.38637227,-0.8126035,4.4666467,0.51185554,-0.2775397,-0.8130041,0.041198276,0.5749512,-0.8076772,-0.12406213
196046,4.3649745,165.61128,-109.66035,5.516652,-1.0013963,8.109276,-0.38637227,-0.8126035,4.4666467,0.51185554,-0.2775397,-0.8130041,0.041198276,0.5749512,-0.8076772,-0.12406213
196152,-13.342404,163.76503,168.70332,-0.86620176,4.537988,8.023732,0.10338894,-0.076358154,2.2730296,-0.23772138,-0.5489998,-0.8013038,0.10064568,-0.11310083,-0.976889,-0.15088572
196259,-18.481932,168.69548,151.36421,-1.544567,3.5886357,8.029715,0.21807888,-0.018478675,2.21851,-0.3962889,-0.43842456,-0.80668396,0.13080157,-0.25823033,-0.9478021,-0.13371317
196366,-35.714092,172.71248,135.77432,-1.9537395,4.9064827,8.170293,-0.030695977,0.226631,0.9095784,-0.35584894,-0.35083243,-0.86619174,0.26074275,-0.3756273,-0.87269396,-0.17123848
196473,-35.59785,175.64696,131.57913,-1.0516455,5.858228,8.2678,0.22693643,-0.24938573,1.7176002,-0.37494823,-0.3221694,-0.8692644,0.26376152,-0.40076667,-0.8630032,-0.15824464
196579,-35.59785,175.64696,131.57913,-1.0516455,5.858228,8.2678,0.22693643,-0.24938573,1.7176002,-0.37494823,-0.3221694,-0.8692644,0.26376152,-0.40076667,-0.8630032,-0.15824464
196686,-35.146206,-171.49161,112.32397,-3.0963123,4.166502,8.048857,0.3390302,0.1872302,1.5034921,-0.45490864,-0.19033012,-0.86996126,0.28947037,-0.5107942,-0.80214244,-0.108920455
196792,-35.146206,-171.49161,112.32397,-3.0963123,4.166502,8.048857,0.3390302,0.1872302,1.5034921,-0.45490864,-0.19033012,-0.86996126,0.28947037,-0.5107942,-0.80214244,-0.108920455
196899,-34.40446,-154.05002,94.23411,-3.6598222,3.0454648,8.931808,0.17974709,0.3397938,0.28512135,-0.42593002,0.11586659,-0.89730626,0.35712865,-0.5848084,-0.72728306,-0.03895636
197006,-38.67896,-160.38031,105.66955,-3.074777,3.3056843,9.607781,-0.1001819,-0.21273382,-3.3444872,-0.4389213,0.08807705,-0.89419824,0.35716593,-0.5167289,-0.77502227,-0.06902352
197112,-38.67896,-160.38031,105.66955,-3.074777,3.3056843,9.607781,-0.1001819,-0.21273382,-3.3444872,-0.4389213,0.08807705,-0.89419824,0.35716593,-0.5167289,-0.77502227,-0.06902352
197219,-38.67896,-160.38031,105.66955,-3.074777,3.3056843,9.607781,-0.1001819,-0.21273382,-3.3444872,-0.4389213,0.08807705,-0.89419824,0.35716593,-0.5167289,-0.77502227,-0.06902352
197327,-17.44866,147.05989,167.35846,-0.019142581,7.765906,8.87797,-0.44791692,-1.0256428,-4.405102,-0.40126476,-0.5250011,-0.7505734,0.113720365,-0.14709781,-0.9373759,-0.29454434
197432,-7.815649,145.56577,-170.37244,2.1188443,4.534997,7.7078795,0.2229658,0.9639453,-0.8368854,-0.044311218,-0.62866664,-0.7764115,0.08964935,0.05986963,-0.95130056,-0.28880075
197539,-7.815649,145.56577,-170.37244,2.1188443,4.534997,7.7078795,0.2229658,0.9639453,-0.8368854,-0.044311218,-0.62866664,-0.7764115,0.08964935,0.05986963,-0.95130056,-0.28880075
197646,-9.9739275,119.5203,-173.87961,1.2897314,5.15414,6.412166,-4.31897,0.24190263,0.4289801,-0.100425944,-0.84898406,-0.5187877,0.101777144,0.0022292046,-0.8617642,-0.49698982
197753,-10.538874,112.09767,-173.5543,2.0901306,6.4103713,3.982255,-3.5906658,0.2312125,0.22403483,-0.0939485,-0.9159542,-0.39013028,0.107326776,-0.004772053,-0.8275854,-0.55096334
197859,-10.538874,112.09767,-173.5543,2.0901306,6.4103713,3.982255,-3.5906658,0.2312125,0.22403483,-0.0939485,-0.9159542,-0.39013028,0.107326776,-0.004772053,-0.8275854,-0.55096334
197966,-10.980131,106.267,-174.25053,1.3393824,6.4618177,3.8338997,-2.8861856,-0.27748555,0.36651915,-0.10648283,-0.95654386,-0.27145034,0.10639668,-0.017387433,-0.7982422,-0.5926102
198072,-19.15337,78.54085,179.33626,0.2009971,7.9920273,-2.263012,0.093767814,1.6720909,0.007941248,-0.240958,-0.91969514,0.31000015,0.1008841,-0.13240936,-0.6234035,-0.7639753
198179,-22.197153,69.5474,175.9384,0.12502497,11.648858,-6.4271216,-3.4804049,-0.00015271631,-0.3008511,-0.31762886,-0.85273933,0.41466555,0.08115572,-0.17785323,-0.55371505,-0.8094329
198286,-13.005579,62.62532,178.46693,-0.25184458,5.879763,-6.31406,0.44913864,0.90973103,-0.42821652,-0.23521376,-0.7904252,0.56559926,0.047496453,-0.10365517,-0.51502365,-0.8495589
198392,-11.240023,55.500698,174.25296,0.19082761,7.0396843,-6.028118,0.017256944,-0.114689946,-0.94210696,-0.1778585,-0.72983164,0.66008496,0.0013887959,-0.10978799,-0.4584544,-0.88190943
198500,-11.987391,48.03913,176.44669,0.47078785,6.156732,-6.18425,-0.6791294,-0.30207288,0.45937064,-0.19915187,-0.64207995,0.7403188,0.014319106,-0.107882164,-0.40167177,-0.90929437
198606,-9.476638,45.556877,-177.66847,0.9212367,6.2674003,-6.990033,-0.5439755,1.2133311,0.39721513,-0.294228,-0.6185128,0.7286095,0.050669666,-0.06829677,-0.38731512,-0.91801697
198713,-9.476638,45.556877,-177.66847,0.9212367,6.2674003,-6.990033,-0.5439755,1.2133311,0.39721513,-0.294228,-0.6185128,0.7286095,0.050669666,-0.06829677,-0.38731512,-0.91801697
198819,-10.425974,34.09562,-177.26945,-0.30329025,2.481357,-9.793822,-3.0346258,-0.08659014,0.113162786,-0.27986833,-0.47490484,0.8343495,0.049314503,-0.07988512,-0.2939438,-0.9512011
198926,-10.74064,22.08774,-177.87915,-0.09810572,5.291727,-10.107283,-1.1840096,0.13927728,-0.36346483,-0.27645382,-0.2429255,0.92981744,0.03601,-0.08831396,-0.19238707,-0.9766735
199033,-9.489768,22.309307,-179.94542,1.5206387,0.47198427,-9.58804,-0.053603426,0.3654501,-1.1395692,-0.29300252,-0.21348353,0.93197334,0.016468434,-0.08106469,-0.19283356,-0.9777385
199139,-9.048949,21.084976,178.04512,-1.1192428,0.52582276,-9.098707,-1.0552697,-0.17928895,0.39752057,-0.29768828,-0.19910546,0.9336695,-0.0022874258,-0.080653444,-0.18104495,-0.98015946
199246,-9.954285,14.586659,178.76585,-0.09032905,-0.7160522,-5.870192,-3.0992248,-0.18677205,0.5358815,-0.30103996,-0.117109045,0.9463934,0.0003709051,-0.08741344,-0.12553632,-0.9882304
199352,-10.558187,3.9185276,-178.28691,-0.85244304,-1.5320047,-14.534602,-5.004208,-0.0711658,1.6656767,-0.2913489,0.047190174,0.9554522,0.018022185,-0.09143426,-0.035414733,-0.995018
199459,-9.31243,4.6964507,-171.53992,-0.46121657,-0.55812585,-9.926025,-0.020463986,-0.01572978,0.025809057,-0.24887839,0.14698328,0.9573168,0.07677288,-0.07787553,-0.04670899,-0.9929046
199566,-9.31243,4.6964507,-171.53992,-0.46121657,-0.55812585,-9.926025,-0.020463986,-0.01572978,0.025809057,-0.24887839,0.14698328,0.9573168,0.07677288,-0.07787553,-0.04670899,-0.9929046
199672,-7.2512555,6.5448937,-171.47899,-0.4360919,-0.573081,-9.979865,-0.01863139,-0.018784106,0.031612277,-0.2721641,0.15186319,0.9501917,0.07762153,-0.05872699,-0.061502535,-0.9933496
199779,-6.6687274,7.0771575,-171.51767,-0.4462614,-0.55992043,-10.0014,-0.02321288,-0.016798794,0.030085113,-0.2749016,0.13624148,0.95177066,0.077268824,-0.053336117,-0.06574059,-0.99340975
199886,-6.1782217,7.6756043,-171.58887,-0.4749753,-0.57547385,-9.927223,-0.024892759,-0.016646078,0.027488936,-0.2719428,0.13809252,0.9523537,0.07666152,-0.04872207,-0.07059809,-0.9933605
199992,-5.448603,8.586495,-171.65977,-0.42831525,-0.5886344,-9.939187,-0.021838432,-0.007483099,0.030085113,-0.25229716,0.15230736,0.9555881,0.07598067,-0.041833665,-0.07802523,-0.99317116
200099,-4.074895,10.44202,179.14777,1.8987046,-1.6091732,-10.149157,-0.06795876,-0.03268129,-2.4602597,-0.2634823,0.13162987,0.9556415,-0.0041663884,-0.036080513,-0.09067441,-0.99521804
200206,-2.5153968,10.747463,166.23685,0.13579269,-1.0809575,-12.457632,-0.18814649,-0.18280143,-4.6917505,-0.27543327,0.07469123,0.9584142,-0.117221445,-0.032913756,-0.09033645,-0.98844075
200312,0.6191983,10.791888,141.82112,1.1174481,1.3824532,-9.296116,-0.12446379,-0.16920966,-5.00207,-0.2809593,0.015269651,0.9595982,-0.32606986,-0.025670303,-0.090624675,-0.94064164
200419,7.0301623,7.594103,100.11996,-0.45343986,0.67178494,-8.962914,-0.11530081,-0.21517727,-3.9952114,-0.22876148,-0.1809199,0.95652294,-0.642484,0.0044712643,-0.08995296,-0.760988
200526,8.4439,6.0220513,89.75198,-1.381855,-0.18245272,-10.414163,-0.16325374,-0.09560041,-4.888602,-0.2016612,-0.22085652,0.9542301,-0.70846546,0.0147506,-0.08905986,-0.6999482
200632,9.6120405,-0.09852947,56.04857,0.14416756,-1.2687942,-7.5104723,-0.15057828,-0.17470746,-3.7282634,0.047670223,-0.26415205,0.96330225,-0.87961066,0.040121205,-0.07355633,-0.46825722
200739,9.6120405,-0.09852947,56.04857,0.14416756,-1.2687942,-7.5104723,-0.15057828,-0.17470746,-3.7282634,0.047670223,-0.26415205,0.96330225,-0.87961066,0.040121205,-0.07355633,-0.46825722
200846,0.69579566,-9.717622,-11.382588,-2.362314,-0.8781659,-12.138788,-0.09712757,-0.13652839,-3.9241982,0.4478842,0.13750596,0.8834545,-0.99152756,0.08368159,-0.014419768,0.09829861
200952,-0.39394546,-9.953424,-19.734402,-1.2873386,-2.3742783,-9.963714,-0.23854288,-0.09422596,-1.4547756,0.48058572,0.2852273,0.82926637,-0.9814365,0.08605398,-0.011491789,0.17101191
201059,-0.39394546,-9.953424,-19.734402,-1.2873386,-2.3742783,-9.963714,-0.23854288,-0.09422596,-1.4547756,0.48058572,0.2852273,0.82926637,-0.9814365,0.08605398,-0.011491789,0.17101191
201166,-0.14886793,-9.065862,-24.894001,-2.8713872,-2.2791636,-10.42493,0.29290986,-0.0041233404,-0.5074763,0.3632239,0.5162653,0.77558917,-0.9734184,0.077453546,-0.01576966,0.21496233
201272,1.7739502,-8.909675,-23.21182,-0.38584265,-0.6520442,-9.902098,-0.02947425,-0.01572978,0.5186246,0.33002198,0.5117382,0.7932273,-0.97672004,0.07297123,-0.030742064,0.19936934
201379,3.1158495,-8.7532425,-20.459352,-0.35832518,-0.7411767,-9.968498,-0.014202617,-0.018020526,0.5850562,0.36140764,0.49637857,0.78929895,-0.98123986,0.07025707,-0.040224977,0.17496938
201486,3.1158495,-8.7532425,-20.459352,-0.35832518,-0.7411767,-9.968498,-0.014202617,-0.018020526,0.5850562,0.36140764,0.49637857,0.78929895,-0.98123986,0.07025707,-0.040224977,0.17496938
201592,4.6982846,-8.556332,-18.322926,-0.29192436,-0.7076773,-9.934401,-0.014355333,-0.021380283,0.27275133,0.3921039,0.4569051,0.7984311,-0.98415226,0.06707728,-0.052220576,0.15562142
201699,5.543237,-8.616096,-18.799486,-0.3062813,-0.65084773,-9.930812,-0.02641992,-0.014660766,0.027183503,0.39546412,0.43818098,0.8072209,-0.98322785,0.06614837,-0.05982512,0.15908597
201806,5.543237,-8.616096,-18.799486,-0.3062813,-0.65084773,-9.930812,-0.02641992,-0.014660766,0.027183503,0.39546412,0.43818098,0.8072209,-0.98322785,0.06614837,-0.05982512,0.15908597
201913,7.165695,-8.864611,-20.139008,-0.31405795,-0.6795616,-9.993624,-0.02397646,-0.009162978,0.027794369,0.37958968,0.45162266,0.80743337,-0.9805775,0.06504851,-0.07483077,0.16922404
202019,8.000678,-9.02289,-20.787912,-0.30508488,-0.67477596,-9.947562,-0.022602012,-0.02947425,0.03023783,0.39438358,0.464196,0.7930849,-0.97914404,0.06463178,-0.08256159,0.17402087
202126,8.28755,-9.081898,-21.000916,-0.32303107,-0.6867401,-9.924232,-0.020463986,-0.013133602,0.03023783,0.40401998,0.4608337,0.7901899,-0.97864735,0.06451474,-0.08521714,0.17557132
202232,9.699384,-9.442915,-22.059338,-0.33080772,-0.65623164,-9.960722,-0.02321288,-0.02031127,0.027794369,0.3984342,0.46626478,0.7898401,-0.9760269,0.06438259,-0.09839012,0.1831552
202339,10.267848,-9.616669,-22.45614,-0.32123643,-0.6771687,-9.930812,-0.02107485,-0.01572978,0.02855795,0.39853522,0.45156613,0.79828423,-0.97494733,0.06452602,-0.10371846,0.18589401
202446,11.491043,-10.029044,-23.250853,-0.3332005,-0.66161543,-9.9756775,-0.027794369,-0.008399397,0.029626964,0.4124385,0.46091625,0.7857803,-0.97259855,0.065088764,-0.11520669,0.19116193
202553,11.807265,-10.134841,-23.44393,-0.32542387,-0.6795616,-9.809975,-0.023365596,-0.00870483,0.02947425,0.3968869,0.45514038,0.7970747,-0.9719909,0.06521239,-0.11816667,0.19239974
202659,12.996332,-10.581368,-24.193586,-0.31046873,-0.6699903,-9.956534,-0.02367103,-0.013439035,0.025503622,0.40013966,0.452991,0.7966727,-0.96956104,0.06596635,-0.12938645,0.19712675
202766,12.996332,-10.581368,-24.193586,-0.31046873,-0.6699903,-9.956534,-0.02367103,-0.013439035,0.025503622,0.40013966,0.452991,0.7966727,-0.96956104,0.06596635,-0.12938645,0.19712675
202872,14.800483,-11.351703,-25.283861,-0.33200413,-0.67477596,-9.990633,-0.02351831,-0.016646078,0.025503622,0.39395076,0.46052024,0.7954394,-0.9656733,0.06764831,-0.14652589,0.20354086
202979,15.708564,-11.788048,-25.836256,-0.31046873,-0.67776704,-9.960722,-0.022602012,-0.017562376,0.028863383,0.41625673,0.47754526,0.7737447,-0.9635796,0.06876213,-0.15523295,0.20661284
203086,15.708564,-11.788048,-25.836256,-0.31046873,-0.67776704,-9.960722,-0.022602012,-0.017562376,0.028863383,0.41625673,0.47754526,0.7737447,-0.9635796,0.06876213,-0.15523295,0.20661284
203192,16.328844,-12.0855255,-26.198544,-0.32243285,-0.66819566,-9.907482,-0.022907447,-0.014660766,0.02733622,0.3897413,0.4636666,0.79568523,-0.9621385,0.0694851,-0.161167,0.20853439
203299,17.851885,-12.880164,-27.074623,-0.3589234,-0.67417777,-9.969097,-0.01863139,-0.025045475,0.028252516,0.40286878,0.44811642,0.7980529,-0.9584569,0.07163742,-0.17583242,0.21286494
203406,17.851885,-12.880164,-27.074623,-0.3589234,-0.67417777,-9.969097,-0.01863139,-0.025045475,0.028252516,0.40286878,0.44811642,0.7980529,-0.9584569,0.07163742,-0.17583242,0.21286494
203513,19.733814,-13.947681,-28.095444,-0.3062813,-0.6729813,-9.927223,-0.024129178,-0.021227568,0.031306844,0.41541788,0.44600287,0.7927859,-0.953724,0.074756354,-0.19404094,0.21718673
203620,19.733814,-13.947681,-28.095444,-0.3062813,-0.6729813,-9.927223,-0.024129178,-0.021227568,0.031306844,0.41541788,0.44600287,0.7927859,-0.953724,0.074756354,-0.19404094,0.21718673
203726,21.98578,-15.328437,-29.262064,-0.3194418,-0.6658029,-9.95175,-0.02351831,-0.014355333,0.03252857,0.3943356,0.4552972,0.7982505,-0.9477572,0.07893865,-0.21592502,0.22113672
203832,22.929337,-15.960008,-29.759415,-0.3391826,-0.6592226,-9.964311,-0.027947085,-0.01038471,0.02641992,0.4016445,0.45344684,0.7956555,-0.9450975,0.08094876,-0.2251766,0.22256133
203939,22.929337,-15.960008,-29.759415,-0.3391826,-0.6592226,-9.964311,-0.027947085,-0.01038471,0.02641992,0.4016445,0.45344684,0.7956555,-0.9450975,0.08094876,-0.2251766,0.22256133
204046,24.74709,-17.256968,-30.75295,-0.30687952,-0.67896336,-9.946963,-0.022907447,-0.022296581,0.02947425,0.40072134,0.46352535,0.7902953,-0.9396722,0.085119784,-0.24313253,0.2250719
204153,24.74709,-17.256968,-30.75295,-0.30687952,-0.67896336,-9.946963,-0.022907447,-0.022296581,0.02947425,0.40072134,0.46352535,0.7902953,-0.9396722,0.085119784,-0.24313253,0.2250719
204259,24.74709,-17.256968,-30.75295,-0.30687952,-0.67896336,-9.946963,-0.022907447,-0.022296581,0.02947425,0.40072134,0.46352535,0.7902953,-0.9396722,0.085119784,-0.24313253,0.2250719
204366,24.74709,-17.256968,-30.75295,-0.30687952,-0.67896336,-9.946963,-0.022907447,-0.022296581,0.02947425,0.40072134,0.46352535,0.7902953,-0.9396722,0.085119784,-0.24313253,0.2250719
204473,26.599806,-18.676064,-31.782497,-0.30927232,-0.6735796,-9.945767,-0.02443461,-0.029626964,0.025198191,0.39032862,0.44298005,0.80710113,-0.93380463,0.08971696,-0.26156121,0.22703649
204579,28.790873,-20.450216,-33.058002,-0.2973082,-0.6795616,-9.934999,-0.025809057,-0.012675454,0.027488936,0.40855643,0.45657727,0.7903283,-0.9263843,0.09523003,-0.28347147,0.22888257
204686,28.790873,-20.450216,-33.058002,-0.2973082,-0.6795616,-9.934999,-0.025809057,-0.012675454,0.027488936,0.40855643,0.45657727,0.7903283,-0.9263843,0.09523003,-0.28347147,0.22888257
204793,31.256802,-22.643663,-34.58243,-0.34935206,-0.67118675,-9.934401,-0.022449298,-0.025350908,0.026267204,0.40601316,0.45524836,0.79240286,-0.91733253,0.10200297,-0.30841115,0.23017165
204899,31.857944,-23.207489,-34.96785,-0.3595216,-0.67896336,-9.946963,-0.025809057,-0.015577063,0.027947085,0.40599307,0.45229298,0.79410374,-0.9150176,0.103714205,-0.31452686,0.2303454
205006,32.78618,-24.055717,-35.557354,-0.32841492,-0.6909275,-9.912866,-0.024740042,-0.014660766,0.030543262,0.39979887,0.44308168,0.8023961,-0.911435,0.10608533,-0.32389006,0.23049383
205113,33.70732,-24.941042,-36.18368,-0.3367898,-0.65682983,-9.967901,-0.023365596,-0.027030788,0.027794369,0.39373302,0.45622358,0.798019,-0.9077106,0.10853455,-0.33326933,0.23067991
205219,34.599007,-25.87749,-36.835087,-0.32063824,-0.6675975,-9.949356,-0.021838432,-0.02076942,0.02733622,0.40236163,0.46622163,0.78787214,-0.9038962,0.11126586,-0.34251353,0.230816
205326,35.506687,-26.833965,-37.53219,-0.3194418,-0.6520442,-9.945767,-0.024129178,-0.007941248,0.02687807,0.39207417,0.47297132,0.78903484,-0.89989954,0.113821425,-0.35192302,0.2310318
205433,35.506687,-26.833965,-37.53219,-0.3194418,-0.6520442,-9.945767,-0.024129178,-0.007941248,0.02687807,0.39207417,0.47297132,0.78903484,-0.89989954,0.113821425,-0.35192302,0.2310318
205539,36.679333,-28.131456,-38.416973,-0.33080772,-0.6699903,-9.96491,-0.023060162,-0.016646078,0.03176499,0.3866912,0.45633322,0.8013925,-0.8946475,0.11742951,-0.36412236,0.23071869
205646,37.834473,-29.493896,-39.37211,-0.32004002,-0.6735796,-9.973285,-0.02321288,-0.00870483,0.027183503,0.39337647,0.45500326,0.7988911,-0.8891574,0.12111224,-0.37631595,0.2304717
205753,38.997555,-30.932327,-40.378494,-0.32063824,-0.6723831,-9.997212,-0.025198191,-0.010231993,0.027641652,0.38885406,0.45640436,0.8003047,-0.883412,0.12490469,-0.38868895,0.2300064
205859,39.570324,-31.667545,-40.871758,-0.32482564,-0.6753742,-9.820742,-0.024281893,-0.024281893,0.031306844,0.40425646,0.44309995,0.80014944,-0.88053876,0.1268785,-0.3947989,0.22953694
205966,39.836403,-32.033375,-41.122368,-0.30687952,-0.6759724,-9.9756775,-0.025198191,-0.028863383,0.02855795,0.39221537,0.46183327,0.79553574,-0.8791299,0.12788266,-0.3977014,0.22936927
206073,39.836403,-32.033375,-41.122368,-0.30687952,-0.6759724,-9.9756775,-0.025198191,-0.028863383,0.02855795,0.39221537,0.46183327,0.79553574,-0.8791299,0.12788266,-0.3977014,0.22936927
206179,41.781094,-34.70875,-43.015255,-0.32362923,-0.6658029,-9.975079,-0.024740042,-0.02657264,0.023060162,0.39383113,0.46033815,0.79560405,-0.8686364,0.1344871,-0.41882086,0.22797604
206286,42.585365,-35.884975,-43.855656,-0.30269206,-0.6795616,-9.939785,-0.021227568,-0.020922136,0.028405234,0.3958799,0.4531823,0.7986895,-0.8640709,0.13725531,-0.42766777,0.22725035
206392,43.11743,-36.685776,-44.43284,-0.31286153,-0.67178494,-9.9451685,-0.020922136,-0.01282817,0.027488936,0.3923822,0.4346092,0.81064856,-0.860974,0.13908106,-0.43355796,0.2267326
206499,43.64954,-37.50796,-45.03928,-0.32004002,-0.6759724,-9.919446,-0.019394971,-0.023823744,0.030848695,0.39977434,0.45425808,0.7961345,-0.85778856,0.14087525,-0.43949893,0.22626008
206606,44.68042,-39.20838,-46.27913,-0.32004002,-0.66699934,-9.95175,-0.023823744,-0.024281893,0.02657264,0.4029082,0.44015738,0.8024503,-0.85134596,0.1446586,-0.451219,0.2251341
206713,45.449215,-40.525906,-47.25544,-0.34576285,-0.66699934,-9.939187,-0.022907447,-0.0206167,0.028405234,0.40196183,0.45025805,0.79730445,-0.8463724,0.14741983,-0.46004605,0.22422925
206819,46.204086,-41.86198,-48.257797,-0.30568308,-0.67896336,-9.964311,-0.018325957,-0.01695151,0.027183503,0.39977205,0.43441847,0.8071325,-0.84134936,0.15007223,-0.46878472,0.2232721
206926,46.942696,-43.235588,-49.298855,-0.33439693,-0.65623164,-9.952946,-0.023060162,-0.005650503,0.02855795,0.4004088,0.4470009,0.79991436,-0.83623487,0.15270823,-0.47747377,0.2222841
207032,46.942696,-43.235588,-49.298855,-0.33439693,-0.65623164,-9.952946,-0.023060162,-0.005650503,0.02855795,0.4004088,0.4470009,0.79991436,-0.83623487,0.15270823,-0.47747377,0.2222841
207139,48.32239,-46.106617,-51.423435,-0.30149564,-0.6795616,-9.973285,-0.023823744,-0.023823744,0.02611449,0.41130808,0.45001873,0.79265934,-0.82594645,0.15851475,-0.49433383,0.21981709
207246,48.79343,-47.111515,-52.185837,-0.32362923,-0.6831508,-10.077373,-0.02107485,-0.01282817,0.031154126,0.41269773,0.4376275,0.7988509,-0.82234,0.16032901,-0.5001219,0.2189283
207353,49.869476,-49.670746,-54.123627,-0.3332005,-0.6705885,-9.967901,-0.025503622,-0.022907447,0.030695977,0.39750928,0.4616129,0.7930321,-0.8133889,0.16510127,-0.51398253,0.2167072
207459,50.313854,-50.765877,-54.98439,-0.33858436,-0.68554366,-9.913465,-0.02031127,-0.012675454,0.029168814,0.416404,0.44106317,0.7950289,-0.80953974,0.16689643,-0.51980484,0.21585636
207566,50.313854,-50.765877,-54.98439,-0.33858436,-0.68554366,-9.913465,-0.02031127,-0.012675454,0.029168814,0.416404,0.44106317,0.7950289,-0.80953974,0.16689643,-0.51980484,0.21585636
207672,51.517624,-54.12536,-57.60878,-0.35653055,-0.6771687,-9.946963,-0.0290161,-0.0106901415,0.028405234,0.41307923,0.4561535,0.7882192,-0.7980523,0.17259146,-0.53654605,0.21317385
207779,52.073994,-55.83853,-58.95706,-0.34456643,-0.67896336,-9.932008,-0.021685716,-0.02443461,0.029168814,0.4020358,0.4525292,0.7959802,-0.7922895,0.17537688,-0.5446775,0.21177049
207886,52.264053,-56.430454,-59.430145,-0.31764722,-0.6699903,-9.949356,-0.02565634,-0.014813482,0.030695977,0.39325103,0.4589992,0.7966639,-0.79029465,0.1762623,-0.5474695,0.21128929
207993,52.96297,-58.815838,-61.348557,-0.34935206,-0.6975078,-9.954142,-0.022907447,-0.009468411,0.028099801,0.39985177,0.4683511,0.7878869,-0.7823431,0.17983903,-0.55831647,0.20947531
208099,53.4735,-60.647377,-62.825447,-0.3332005,-0.6598208,-9.9960165,-0.02367103,-0.005955936,0.03252857,0.4064798,0.4604891,0.7891286,-0.776298,0.18241423,-0.5664343,0.20793894
208206,53.927647,-62.48851,-64.31026,-0.3164508,-0.6939185,-9.947562,-0.024892759,-0.016646078,0.028710665,0.3982564,0.46940354,0.78806865,-0.7703066,0.18506989,-0.5742443,0.20644698
208313,54.36941,-64.41357,-65.860435,-0.35653055,-0.6909275,-9.974481,-0.023060162,-0.02275473,0.027488936,0.41182998,0.45068184,0.7920113,-0.76410544,0.1877879,-0.58218604,0.20478752
208419,54.513054,-65.07408,-66.419334,-0.3260221,-0.666401,-9.980463,-0.019394971,-0.01038471,0.028710665,0.40679353,0.4727112,0.78170526,-0.7619428,0.18856892,-0.58490455,0.20438102
208526,55.15471,-68.36761,-69.13002,-0.3260221,-0.6592226,-9.951151,-0.024892759,-0.022907447,0.027794369,0.39966592,0.4589321,0.79350394,-0.7513909,0.1928348,-0.59791166,0.20181224
208632,55.26441,-69.03001,-69.66466,-0.34097722,-0.6723831,-9.931411,-0.02611449,-0.025198191,0.026267204,0.3942099,0.45116234,0.8006567,-0.7493046,0.19377227,-0.60041183,0.2012476
208740,55.606304,-71.11636,-71.39559,-0.3379862,-0.67118675,-9.946963,-0.022296581,-0.023365596,0.031306844,0.3933724,0.4471326,0.80332476,-0.7426728,0.19632626,-0.6083138,0.1996182
208846,55.709602,-71.78418,-71.94868,-0.28953153,-0.66161543,-9.974481,-0.018325957,-0.022907447,0.02947425,0.41039324,0.45086223,0.79265416,-0.7405597,0.19712803,-0.61080587,0.19906792
208953,56.336586,-76.695724,-76.00285,-0.3260221,-0.6831508,-10.10489,-0.017562376,-0.024892759,0.028252516,0.4040878,0.43387946,0.80527115,-0.7251232,0.20305948,-0.62847984,0.19487494
209059,56.417614,-77.452255,-76.631905,-0.30269206,-0.66400826,-9.936195,-0.026267204,-0.009162978,0.028863383,0.41855794,0.43993118,0.7945249,-0.72274625,0.20391676,-0.6311361,0.19422422
209166,56.664703,-80.32388,-79.027306,-0.3188436,-0.67178494,-9.936793,-0.021533,-0.012675454,0.025350908,0.4142201,0.4470456,0.7928253,-0.7137023,0.20719278,-0.6410058,0.1918639
209272,56.750523,-81.748375,-80.19805,-0.3296113,-0.67417777,-9.917651,-0.023823744,-0.029626964,0.025503622,0.40452516,0.4450377,0.7989373,-0.7092279,0.20896555,-0.64574623,0.19063288
209379,56.750523,-81.748375,-80.19805,-0.3296113,-0.67417777,-9.917651,-0.023823744,-0.029626964,0.025503622,0.40452516,0.4450377,0.7989373,-0.7092279,0.20896555,-0.64574623,0.19063288
209486,56.937397,-86.18636,-83.92874,-0.31764722,-0.66879386,-9.939785,-0.026267204,-0.02275473,0.0290161,0.38496885,0.46925476,0.79473203,-0.69508094,0.21380576,-0.6604122,0.1870971
209593,56.972507,-89.13483,-86.38723,-0.31465617,-0.6699903,-9.979865,-0.02351831,-0.024129178,0.029932396,0.39276457,0.46396247,0.79402447,-0.6855971,0.21709199,-0.6698926,0.1845848
209699,56.96638,-90.64889,-87.65621,-0.3379862,-0.6705885,-9.989436,-0.028252516,-0.006566801,0.027641652,0.4044009,0.4527606,0.7946495,-0.6806711,0.21870886,-0.6747246,0.18330331
209806,56.908398,-93.65249,-90.19732,-0.31046873,-0.6699903,-9.959526,-0.021991149,-0.012980886,0.02977968,0.3890167,0.44275084,0.80785996,-0.6707551,0.22169225,-0.6842831,0.18082266
209912,56.84064,-95.099014,-91.39557,-0.3397808,-0.6873383,-9.995418,-0.025198191,-0.022907447,0.026267204,0.40747544,0.45975748,0.7890417,-0.6659246,0.22334667,-0.6887836,0.17954907
210019,56.75511,-96.59365,-92.6766,-0.3260221,-0.660419,-9.93799,-0.01771509,-0.012064589,0.028252516,0.41068107,0.4681435,0.78242105,-0.66081536,0.2247723,-0.69350743,0.17845982
210126,56.498043,-100.2352,-95.71647,-0.32662028,-0.695115,-9.946963,-0.023060162,-0.026725354,0.02947425,0.40270516,0.4306031,0.8077187,-0.6482974,0.22851917,-0.7048533,0.17513223
210233,56.36497,-101.70452,-96.95019,-0.33559337,-0.66400826,-9.953544,-0.02321288,-0.013591751,0.027947085,0.39831802,0.4430604,0.803144,-0.6431243,0.22995298,-0.70943993,0.17380373
210339,56.149708,-103.85809,-98.73706,-0.3367898,-0.6915257,-9.877571,-0.024281893,-0.008552114,0.033292156,0.39681506,0.4336265,0.80901533,-0.6354759,0.23208696,-0.71613157,0.17164414
210446,55.8955,-105.986855,-100.50223,-0.33499515,-0.683749,-9.960124,-0.023365596,-0.023060162,0.030848695,0.4096359,0.44150108,0.7982952,-0.6277401,0.23418283,-0.7227531,0.16949554
210553,55.58678,-108.13922,-102.29862,-0.33200413,-0.65383875,-9.940981,-0.023823744,-0.025503622,0.029321533,0.40169638,0.45455214,0.79499835,-0.6196724,0.23625177,-0.7294926,0.16742684
210659,55.372963,-109.49077,-103.41321,-0.31585258,-0.6658029,-9.961919,-0.022449298,-0.019547688,0.030848695,0.39589593,0.45945463,0.79508984,-0.61452127,0.23760594,-0.73371667,0.1660327
210766,55.256184,-110.25041,-104.05018,-0.3332005,-0.6675975,-9.940383,-0.024740042,-0.004886922,0.03268129,0.4061604,0.4261958,0.80832595,-0.61161005,0.2382319,-0.73612154,0.1652386
210872,54.57498,-113.65586,-106.863686,-0.3332005,-0.695115,-9.949356,-0.026725354,-0.022907447,0.031001411,0.38514853,0.44180617,0.8102271,-0.5979086,0.2417233,-0.7468985,0.1619192
210979,54.29908,-114.953125,-107.91618,-0.32004002,-0.6801598,-9.968498,-0.022449298,-0.022296581,0.027947085,0.40163195,0.45420772,0.7952277,-0.592588,0.24306671,-0.7510077,0.1604541
211086,53.82359,-116.917725,-109.52673,-0.32243285,-0.6699903,-9.955936,-0.022907447,-0.018936822,0.027183503,0.3924515,0.45132953,0.80142593,-0.5841982,0.24507959,-0.75732917,0.15843283
211192,53.82359,-116.917725,-109.52673,-0.32243285,-0.6699903,-9.955936,-0.022907447,-0.018936822,0.027183503,0.3924515,0.45132953,0.80142593,-0.5841982,0.24507959,-0.75732917,0.15843283
211299,53.82359,-116.917725,-109.52673,-0.32243285,-0.6699903,-9.955936,-0.022907447,-0.018936822,0.027183503,0.3924515,0.45132953,0.80142593,-0.5841982,0.24507959,-0.75732917,0.15843283
211406,52.267593,-122.46858,-113.96965,-0.31824538,-0.6699903,-9.96132,-0.02977968,-0.033750307,0.028252516,0.40820292,0.4371741,0.80140454,-0.5591631,0.2510547,-0.7753946,0.15189248
211513,51.64952,-124.28063,-115.420425,-0.3188436,-0.6975078,-9.940981,-0.023365596,-0.0061086523,0.025961772,0.4086518,0.45399114,0.7917675,-0.5502775,0.2530298,-0.78148246,0.14985257
211619,51.03504,-125.99251,-116.76073,-0.32183465,-0.6675975,-9.953544,-0.021991149,-0.015577063,0.025961772,0.3906885,0.4539348,0.80081564,-0.541669,0.2549923,-0.7872475,0.14769925
211726,51.03504,-125.99251,-116.76073,-0.32183465,-0.6675975,-9.953544,-0.021991149,-0.015577063,0.025961772,0.3906885,0.4539348,0.80081564,-0.541669,0.2549923,-0.7872475,0.14769925
211832,50.401276,-127.64202,-118.06894,-0.30089745,-0.66819566,-9.935597,-0.01863139,-0.028099801,0.028710665,0.4015901,0.44926336,0.7980525,-0.5330426,0.25671944,-0.7929285,0.14568818
211939,49.94694,-128.74841,-118.935684,-0.32662028,-0.6795616,-9.932008,-0.02657264,-0.009162978,0.028099801,0.39209712,0.46223465,0.7953609,-0.5270607,0.25794634,-0.7967726,0.1443056
212046,49.48844,-129.80849,-119.76736,-0.32303107,-0.6753742,-9.951151,-0.02031127,-0.021991149,0.025809057,0.40150917,0.43812317,0.8042627,-0.5211584,0.25910816,-0.80050486,0.14299956
212153,48.0795,-132.86125,-122.08808,-0.31106693,-0.6783652,-9.959526,-0.024129178,-0.02351831,0.025503622,0.3844872,0.44537234,0.8085871,-0.50350547,0.2627313,-0.811296,0.13875651
212259,47.349907,-134.33005,-123.20009,-0.32183465,-0.6586244,-9.9655075,-0.025198191,-0.02443461,0.02733622,0.40566415,0.45521995,0.7925979,-0.4945823,0.26437777,-0.81659436,0.13662493
212366,47.349907,-134.33005,-123.20009,-0.32183465,-0.6586244,-9.9655075,-0.025198191,-0.02443461,0.02733622,0.40566415,0.45521995,0.7925979,-0.4945823,0.26437777,-0.81659436,0.13662493
212472,47.349907,-134.33005,-123.20009,-0.32183465,-0.6586244,-9.9655075,-0.025198191,-0.02443461,0.02733622,0.40566415,0.45521995,0.7925979,-0.4945823,0.26437777,-0.81659436,0.13662493
212579,47.349907,-134.33005,-123.20009,-0.32183465,-0.6586244,-9.9655075,-0.025198191,-0.02443461,0.02733622,0.40566415,0.45521995,0.7925979,-0.4945823,0.26437777,-0.81659436,0.13662493
212686,46.838505,-135.31686,-123.95,-0.32063824,-0.6771687,-9.949955,-0.025198191,-0.0062613687,0.0290161,0.40061018,0.4431454,0.8019561,-0.48840672,0.26541758,-0.82020605,0.13518283
212793,43.407726,-141.01375,-128.14616,-0.3188436,-0.6753742,-9.926025,-0.019700404,-0.019547688,0.02611449,0.3949841,0.42925793,0.8122347,-0.44908142,0.27196124,-0.8416551,0.12641102
212899,42.8887,-141.82008,-128.70377,-0.30269206,-0.6699903,-9.939785,-0.02565634,-0.025809057,0.029626964,0.4007474,0.44919705,0.7985133,-0.4432126,0.27293462,-0.84467494,0.124873884
213006,42.295,-142.67197,-129.30765,-0.32303107,-0.683749,-9.984053,-0.024587328,-0.01282817,0.026725354,0.4053781,0.44441015,0.7988543,-0.43666494,0.2739212,-0.84797364,0.12341641
213113,40.903664,-144.57608,-130.60852,-0.3296113,-0.6723831,-9.966106,-0.024740042,-0.031154126,0.028863383,0.3926018,0.44044346,0.80738676,-0.42150915,0.2763259,-0.85533273,0.11991635
213219,40.300156,-145.36992,-131.16,-0.30747768,-0.6771687,-9.956534,-0.025503622,-0.010537425,0.02947425,0.40564743,0.43926528,0.8015586,-0.41496244,0.27717564,-0.85845745,0.118450865
213326,39.731674,-146.09802,-131.65242,-0.3260221,-0.67178494,-9.935597,-0.02611449,-0.022907447,0.031612277,0.38853776,0.44465235,0.80704564,-0.40883827,0.27801675,-0.8613119,0.11704593
213433,39.731674,-146.09802,-131.65242,-0.3260221,-0.67178494,-9.935597,-0.02611449,-0.022907447,0.031612277,0.38853776,0.44465235,0.80704564,-0.40883827,0.27801675,-0.8613119,0.11704593
213539,38.19176,-147.8641,-132.85089,-0.3332005,-0.6771687,-9.96132,-0.022143863,-0.01160644,0.0290161,0.3851383,0.4559866,0.80233705,-0.39273596,0.2801793,-0.8684841,0.11398864
213646,36.6341,-149.534,-133.9438,-0.34636107,-0.666401,-9.978668,-0.02733622,-0.014202617,0.03176499,0.39724705,0.46003938,0.79407716,-0.37664288,0.28232026,-0.8752877,0.11093632
213753,35.6886,-150.48943,-134.55571,-0.30269206,-0.68494546,-9.968498,-0.02443461,-0.013897184,0.028252516,0.39881036,0.4640524,0.7909524,-0.3669728,0.28356722,-0.8792065,0.1091631
213859,35.360325,-150.80934,-134.76477,-0.33738798,-0.6418747,-9.96132,-0.021685716,-0.009468411,0.027183503,0.41252947,0.45404318,0.7897242,-0.36363205,0.28394532,-0.88054186,0.10859469
213966,34.099293,-152.02863,-135.5255,-0.2991028,-0.67118675,-9.9553385,-0.02611449,-0.015882496,0.026725354,0.38996622,0.44267213,0.80744517,-0.3507904,0.28549483,-0.88552797,0.10620272
214073,33.47291,-152.64767,-135.89383,-0.31226337,-0.6723831,-9.939785,-0.031001411,-0.02275473,0.0290161,0.40551236,0.44656792,0.79758185,-0.344346,0.28626174,-0.8879741,0.1047956
214179,32.16633,-153.7913,-136.59406,-0.33080772,-0.66101724,-9.955936,-0.023823744,-0.030390546,0.0290161,0.39126474,0.44417572,0.80599,-0.3312519,0.28771064,-0.8927271,0.10263122
214286,31.844786,-154.07944,-136.76575,-0.15373884,-0.6771687,-9.969695,-0.024587328,-0.01817324,0.02977968,0.40485936,0.44073063,0.8011525,-0.3279969,0.28804445,-0.8938916,0.102010965
214393,30.519789,-155.18158,-137.4069,-0.3080759,-0.6693921,-9.902098,-0.028099801,-0.0290161,0.02641992,0.39640263,0.43978173,0.80588895,-0.31479186,0.28950667,-0.89840525,0.09979975
214499,29.81237,-155.73505,-137.74043,-0.31525436,-0.6693921,-9.940383,-0.030390546,-0.010995574,0.029168814,0.3822301,0.4463196,0.80913466,-0.3077967,0.29014096,-0.90073335,0.09878682
214606,28.171686,-156.92256,-138.4231,-0.32662028,-0.65383875,-9.96132,-0.025350908,-0.023060162,0.027030788,0.3885191,0.4529274,0.8024398,-0.29179224,0.29177654,-0.90573883,0.09675195
214713,27.497227,-157.42754,-138.71748,-0.3302095,-0.6586244,-9.937392,-0.021685716,-0.008246681,0.03313944,0.39069548,0.4325899,0.8125411,-0.2851192,0.29226634,-0.9078113,0.09574001
214819,26.125782,-158.35968,-139.27374,-0.30269206,-0.68195444,-9.966106,-0.02031127,-0.01282817,0.02687807,0.3845979,0.42516264,0.8193419,-0.27176103,0.29315943,-0.91177386,0.09419106
214926,25.459864,-158.7133,-139.5033,-0.33379874,-0.6628119,-9.943375,-0.021685716,-0.027641652,0.02855795,0.39939436,0.45619833,0.7952152,-0.26553124,0.29359174,-0.9134811,0.09407083
215032,24.808655,-159.06253,-139.7352,-0.35413775,-0.660419,-9.930213,-0.02367103,-0.01450805,0.02977968,0.39593357,0.4546463,0.7978304,-0.2594062,0.29391447,-0.9151522,0.09391017
215139,23.575377,-159.62997,-140.13593,-0.31585258,-0.67417777,-9.934999,-0.027030788,-0.008857545,0.025809057,0.39670166,0.4587166,0.7951144,-0.24803229,0.2944979,-0.9180851,0.094184555
215246,22.796888,-159.95334,-140.38954,-0.3487539,-0.65084773,-9.939187,-0.027488936,-0.01740966,0.027488936,0.40170437,0.45777103,0.7931452,-0.24091169,0.2947087,-0.91987073,0.094584435
215353,22.03306,-160.26535,-140.6661,-0.32303107,-0.6759724,-9.956534,-0.021991149,-0.025350908,0.02733622,0.3849657,0.44943067,0.8061101,-0.23389411,0.2946267,-0.9216598,0.09503567
215459,21.343721,-160.52948,-140.92497,-0.32841492,-0.6592226,-9.999007,-0.020005837,-0.0154243475,0.02641992,0.4008112,0.4423517,0.80229384,-0.22758009,0.29439634,-0.923258,0.095565364
215566,21.033953,-160.63933,-141.07123,-0.3164508,-0.66699934,-9.940981,-0.021838432,-0.013744468,0.02855795,0.4027148,0.4536473,0.79499996,-0.22473496,0.29402018,-0.9240375,0.0959219
215673,20.608425,-160.78635,-141.27728,-0.33379874,-0.6442675,-9.939785,-0.019242255,-0.022143863,0.025350908,0.3916258,0.45409125,0.80026895,-0.22082657,0.29344034,-0.9251097,0.09643916
215779,20.21891,-160.904,-141.48996,-0.31405795,-0.6939185,-9.921838,-0.024740042,-0.02855795,0.027947085,0.40359813,0.4411106,0.80157965,-0.217266,0.29266894,-0.92612946,0.09708057
215886,19.92944,-160.95819,-141.67798,-0.1902294,-0.683749,-9.934999,-0.02275473,-0.026725354,0.027183503,0.38802814,0.468518,0.79367816,-0.21467537,0.29178283,-0.9269294,0.09787278
215993,19.724901,-161.01456,-141.85321,-0.33439693,-0.6454638,-9.921838,-0.02351831,-0.01740966,0.02351831,0.38644195,0.45906213,0.79995286,-0.21276014,0.29084358,-0.92761445,0.0983593
216099,19.62888,-161.04662,-141.9192,-0.34576285,-0.65024954,-9.957133,-0.02367103,-0.02443461,0.028863383,0.37692726,0.45345682,0.8076526,-0.21186014,0.29054347,-0.92789847,0.09851021
216206,19.388023,-161.13768,-142.224,-0.32303107,-0.64725846,-9.937392,-0.0206167,-0.015882496,0.031154126,0.3976713,0.44887456,0.8002307,-0.20945379,0.28867725,-0.9289689,0.09905209
216313,19.308615,-161.13118,-142.38133,-0.31585258,-0.6801598,-9.967302,-0.028099801,-0.024587328,0.027641652,0.3866167,0.46954447,0.79376036,-0.20870218,0.28753272,-0.9294314,0.09962765
216419,19.252178,-161.13893,-142.49792,-0.3379862,-0.67417777,-9.954142,-0.019089539,-0.01740966,0.027641652,0.3926994,0.44835308,0.8029737,-0.20813209,0.2867025,-0.9297817,0.09994378
216526,19.160519,-161.20508,-142.62364,-0.31525436,-0.6658029,-9.966106,-0.024587328,-0.014966198,0.027947085,0.39139634,0.44276413,0.80670244,-0.20712732,0.28596646,-0.93023676,0.099905156
216632,19.0827,-161.22357,-142.79903,-0.3391826,-0.66879386,-9.988837,-0.02351831,-0.024129178,0.026267204,0.40385357,0.44802466,0.7976065,-0.2063079,0.2847148,-0.93076015,0.10029997
216739,19.124863,-161.20972,-142.84576,-0.3188436,-0.69332033,-9.97807,-0.02031127,-0.015577063,0.027488936,0.42009914,0.45407033,0.7857079,-0.20663752,0.28423488,-0.9308258,0.10037324
216846,18.97741,-161.19061,-143.19203,-0.17647067,-0.6556334,-9.931411,-0.025503622,-0.026267204,0.02947425,0.39322653,0.47702146,0.7860174,-0.2052032,0.28164953,-0.9317975,0.10158073
216953,18.97823,-161.18579,-143.31248,-0.31764722,-0.66819566,-9.937392,-0.022449298,-0.012064589,0.028710665,0.40594092,0.4610967,0.78905123,-0.2051147,0.28065982,-0.93208796,0.10183332
217059,19.020723,-161.22173,-143.47899,-0.3439682,-0.6753742,-9.947562,-0.024587328,-0.011301006,0.029321533,0.40268603,0.4427264,0.80114746,-0.20521848,0.27929384,-0.93248814,0.10171629
217166,18.938677,-161.28992,-143.62146,-0.29970104,-0.67477596,-9.977472,-0.021533,-0.027641652,0.031612277,0.3815864,0.4563963,0.80379987,-0.20427027,0.2784017,-0.93297,0.10165186
217273,18.939198,-161.30162,-143.78804,-0.29970104,-0.67417777,-9.957133,-0.02443461,-0.02397646,0.02977968,0.3985727,0.44958955,0.7993804,-0.2040982,0.2770651,-0.93338364,0.10185198
217379,18.965797,-161.2855,-143.82887,-0.31525436,-0.6622136,-9.944571,-0.02443461,-0.024129178,0.024587328,0.39523283,0.46416208,0.7926819,-0.20431359,0.27665675,-0.93344367,0.10197982
217486,18.954567,-161.32011,-144.19148,-0.3194418,-0.6723831,-9.948758,-0.02641992,-0.02107485,0.027488936,0.40664575,0.45462176,0.7924382,-0.20381723,0.27378306,-0.93435574,0.102375455
217592,18.940136,-161.3271,-144.25444,-0.34815568,-0.67776704,-9.96491,-0.023823744,-0.01817324,0.030390546,0.38548702,0.4556503,0.8023606,-0.2036287,0.27330747,-0.93452555,0.10247137
217699,18.905327,-161.43338,-144.45427,-0.3164508,-0.6729813,-9.970891,-0.023060162,-0.02947425,0.026725354,0.41441444,0.44808814,0.7921349,-0.2029185,0.2719271,-0.93512785,0.10205697
217807,18.922125,-161.43687,-144.50853,-0.30687952,-0.6675975,-9.949955,-0.021838432,-0.014355333,0.02641992,0.4060614,0.4489542,0.7959612,-0.20299661,0.27146098,-0.9352441,0.10207739
217913,18.998941,-161.51544,-144.9216,-0.32004002,-0.6658029,-9.954142,-0.02351831,-0.02641992,0.02733622,0.3869441,0.45746627,0.8006241,-0.2030604,0.2680926,-0.9362149,0.101952955
218019,18.99038,-161.4995,-145.04543,-0.3296113,-0.6652047,-9.923036,-0.020005837,-0.011301006,0.028405234,0.3943699,0.46058017,0.795197,-0.20291847,0.26706755,-0.9364979,0.102326296
218126,18.993383,-161.57664,-145.28648,-0.3302095,-0.67477596,-9.986445,-0.019089539,-0.011759155,0.029168814,0.40362206,0.4553957,0.7935389,-0.20254843,0.2652281,-0.9371238,0.102113836
218233,18.956877,-161.62349,-145.34544,-0.32422745,-0.65324056,-9.96491,-0.02733622,-0.031154126,0.026267204,0.38050702,0.4395033,0.81366533,-0.202094,0.26489204,-0.9373363,0.101935245
218339,18.840645,-161.70235,-145.55617,-0.30329025,-0.6699903,-9.952946,-0.021533,-0.01985312,0.02687807,0.38585454,0.43542302,0.81334066,-0.20078933,0.26350746,-0.938002,0.101979
218446,18.82514,-161.73404,-145.79967,-0.3296113,-0.66879386,-9.968498,-0.021533,-0.029626964,0.025961772,0.39218384,0.4374594,0.8092102,-0.20037495,0.26159573,-0.93860275,0.102188066
218553,18.788383,-161.75809,-145.92937,-0.15373884,-0.6693921,-9.962516,-0.02367103,-0.012217305,0.029168814,0.39217806,0.44980434,0.8024166,-0.19990815,0.26063842,-0.9389545,0.10231715
218659,18.792152,-161.8094,-146.11163,-0.34217364,-0.67776704,-9.902098,-0.02687807,-0.0070249503,0.02733622,0.38300046,0.44748873,0.80812407,-0.1996595,0.2592276,-0.93941015,0.102204174
218766,18.776175,-161.79709,-146.36479,-0.3379862,-0.6556334,-9.949955,-0.02687807,-0.0061086523,0.027183503,0.380534,0.4571112,0.80389255,-0.19933188,0.25715744,-0.93998474,0.102788866
218873,18.782095,-161.79199,-146.42804,-0.32901308,-0.69571316,-9.943375,-0.019700404,-0.016646078,0.02947425,0.39203137,0.44660065,0.80427563,-0.19933431,0.25661957,-0.94011635,0.10292481
218980,18.70002,-161.86464,-146.69254,-0.33619156,-0.6586244,-9.983454,-0.02641992,-0.028405234,0.027183503,0.3842387,0.43343562,0.81516516,-0.19827157,0.2547148,-0.9408499,0.103005886
219086,18.624327,-161.87408,-146.90149,-0.31585258,-0.67417777,-9.942776,-0.023365596,-0.01282817,0.02977968,0.37171525,0.43922713,0.8178675,-0.19745035,0.25314373,-0.94139344,0.10348913
219193,18.634668,-161.89633,-146.96568,-0.3164508,-0.6879364,-9.958329,-0.02321288,-0.03191771,0.031306844,0.38336456,0.43840498,0.81291616,-0.19742696,0.2526371,-0.94154537,0.103389725
219299,18.599072,-161.9411,-147.2278,-0.2955136,-0.66101724,-9.921838,-0.025809057,-0.024587328,0.027488936,0.38853568,0.4439105,0.80745494,-0.19680385,0.25061986,-0.9421953,0.10356599
219406,18.556873,-161.9946,-147.42134,-0.32542387,-0.6753742,-9.967901,-0.02076942,-0.024129178,0.023823744,0.3886971,0.4385143,0.8103208,-0.19617042,0.24919099,-0.9427061,0.10356766
219513,18.573772,-162.01688,-147.61884,-0.33439693,-0.6861419,-9.942177,-0.028252516,-0.016340645,0.031612277,0.37771454,0.4502707,0.8090661,-0.19608054,0.24757563,-0.9431381,0.10367866
219619,18.63332,-162.03337,-147.74379,-0.3164508,-0.65742797,-9.8123665,-0.023365596,-0.013744468,0.02977968,0.3978178,0.446336,0.8015767,-0.19641483,0.24647528,-0.943365,0.103603356
219726,18.69421,-162.01747,-147.99608,-0.32662028,-0.683749,-9.969097,-0.025350908,-0.0106901415,0.030543262,0.3912565,0.45931375,0.79746425,-0.19671425,0.2442683,-0.9438317,0.10401069
219832,18.798464,-162.02821,-148.18948,-0.3080759,-0.67477596,-10.094121,-0.02351831,-0.016493361,0.030543262,0.39346686,0.4525713,0.80022687,-0.19736204,0.2425184,-0.9441501,0.10398891
219939,18.928574,-161.9794,-148.3592,-0.3188436,-0.6598208,-9.97149,-0.030848695,-0.02855795,0.027183503,0.3942501,0.46742707,0.7912514,-0.19836688,0.24081688,-0.94433475,0.104353726
220046,18.914705,-161.99998,-148.49577,-0.32841492,-0.6843473,-9.964311,-0.021533,-0.010995574,0.027488936,0.4026777,0.44516954,0.7997967,-0.19808668,0.23975024,-0.9446537,0.1044554
220152,18.974024,-161.99573,-148.75137,-0.32841492,-0.6622136,-9.926025,-0.024587328,-0.0070249503,0.028710665,0.38474345,0.45106098,0.8053052,-0.19834411,0.23753564,-0.94512266,0.10478343
220259,19.130037,-161.9091,-148.9162,-0.32004002,-0.65682983,-9.9655075,-0.019700404,-0.018936822,0.030390546,0.41343108,0.4736955,0.77761644,-0.1996397,0.23576304,-0.94522583,0.105393834
220366,19.240496,-161.94998,-149.10979,-0.3194418,-0.6771687,-9.9756775,-0.026267204,-0.025503622,0.03145956,0.3962793,0.44842222,0.8011743,-0.20027588,0.23405099,-0.9455473,0.105119385
220473,19.285236,-161.93353,-149.30952,-0.33379874,-0.6729813,-9.899107,-0.025350908,-0.025503622,0.029932396,0.40291908,0.46137074,0.79043865,-0.20048961,0.23229848,-0.9458924,0.10549361
220579,19.225044,-161.9503,-149.4379,-0.3391826,-0.66699934,-10.092925,-0.027488936,-0.017256944,0.025961772,0.3794065,0.4559792,0.8050675,-0.1998477,0.23136926,-0.9462298,0.105727695
220686,19.280743,-161.97609,-149.70793,-0.3397808,-0.660419,-9.962516,-0.02397646,-0.007941248,0.029932396,0.40907922,0.43831915,0.8003315,-0.19999994,0.22909029,-0.94673836,0.10584934
220793,19.254826,-161.98495,-149.8421,-0.3302095,-0.65802616,-9.954142,-0.02657264,-0.02031127,0.028252516,0.38554356,0.45738396,0.8013464,-0.19964714,0.22804046,-0.9470412,0.10607324
220899,19.254826,-161.98495,-149.8421,-0.3302095,-0.65802616,-9.954142,-0.02657264,-0.02031127,0.028252516,0.38554356,0.45738396,0.8013464,-0.19964714,0.22804046,-0.9470412,0.10607324
221006,19.21896,-162.02292,-150.26483,-0.33738798,-0.6723831,-9.961919,-0.025045475,-0.013591751,0.027030788,0.39093745,0.45100543,0.80234784,-0.19888759,0.22467117,-0.9479489,0.10658108
221113,19.226841,-162.03616,-150.39445,-0.32362923,-0.6765706,-9.963115,-0.025809057,-0.031154126,0.0290161,0.39105895,0.46817982,0.79238915,-0.19880533,0.22360857,-0.9482065,0.106677495
221220,19.18042,-162.04918,-150.54242,-0.33619156,-0.6795616,-9.933804,-0.02367103,-0.008399397,0.027641652,0.38595507,0.44927725,0.8057224,-0.19826327,0.22248378,-0.9485553,0.1069369
221326,19.321922,-162.07367,-150.8634,-0.3278167,-0.6765706,-9.932607,-0.021685716,-0.029321533,0.02687807,0.3995651,0.43933213,0.80457133,-0.1990718,0.21963333,-0.94904804,0.10695534
221433,19.327175,-162.104,-151.00685,-0.3379862,-0.6753742,-9.91466,-0.025961772,-0.009468411,0.027947085,0.40124986,0.44956672,0.79805285,-0.19892287,0.21848914,-0.94934493,0.10694085
221539,19.33523,-162.11333,-151.14102,-0.31345975,-0.66819566,-9.917651,-0.026267204,-0.028252516,0.02947425,0.38773498,0.45200247,0.80334014,-0.19884565,0.2173803,-0.9496002,0.107077576
221646,19.377235,-162.10518,-151.33691,-0.31166515,-0.680758,-9.942177,-0.024281893,-0.028252516,0.029321533,0.40065092,0.4625702,0.7908904,-0.19902113,0.21567301,-0.94991773,0.107387215
221753,19.413296,-162.15569,-151.54614,-0.3260221,-0.6729813,-10.000801,-0.025961772,-0.011301006,0.030085113,0.39354086,0.43636867,0.80914026,-0.19902542,0.21396632,-0.9503184,0.10724831
221859,19.295181,-162.26328,-151.78561,-0.30927232,-0.6765706,-9.960124,-0.017104227,-0.015577063,0.029626964,0.39742985,0.42758933,0.8119217,-0.19763461,0.21236007,-0.950992,0.10704189
221966,19.307133,-162.26767,-151.9315,-0.33200413,-0.6813562,-9.921241,-0.028252516,-0.021380283,0.029321533,0.39833164,0.4525795,0.7978118,-0.19758798,0.21113719,-0.9512528,0.107229695
222072,19.279045,-162.3279,-152.21266,-0.33499515,-0.67776704,-9.930213,-0.022602012,-0.03176499,0.027794369,0.4027797,0.45222658,0.7957761,-0.19698426,0.20895202,-0.95185494,0.10727744
222179,19.269485,-162.33276,-152.42378,-0.32482564,-0.6801598,-9.939785,-0.022907447,-0.021380283,0.02947425,0.3889418,0.4544631,0.8013661,-0.19669904,0.2072219,-0.9522533,0.107621096
222286,19.367205,-162.35423,-152.55016,-0.33080772,-0.65623164,-9.949356,-0.024281893,-0.016798794,0.027030788,0.409473,0.4484732,0.79448324,-0.19734341,0.20604965,-0.9523946,0.1074411
222393,19.413929,-162.3338,-152.68788,-0.33140594,-0.6921239,-9.988837,-0.022143863,-0.019242255,0.03023783,0.40139487,0.44526643,0.8003874,-0.19763412,0.20479374,-0.952571,0.10774405
222499,19.41101,-162.37099,-152.96663,-0.31824538,-0.666401,-9.988837,-0.021991149,-0.027030788,0.024892759,0.38734952,0.4338662,0.813462,-0.19728176,0.20254469,-0.9531046,0.107921705
222606,19.381866,-162.51514,-153.29482,-0.3164508,-0.66699934,-9.924232,-0.02351831,-0.031154126,0.028863383,0.39593637,0.42169443,0.81572556,-0.19648077,0.20010869,-0.95384896,0.107350044
222713,19.376902,-162.52675,-153.44028,-0.31405795,-0.6879364,-9.926025,-0.02076942,-0.0076358155,0.026725354,0.39754948,0.44281304,0.80366105,-0.19628336,0.19892558,-0.9541186,0.10751342
222819,19.373808,-162.5536,-153.57687,-0.30149564,-0.65802616,-9.929017,-0.024892759,-0.026725354,0.028863383,0.38832763,0.43448415,0.81266546,-0.19608325,0.19783899,-0.95438373,0.10753039
222927,19.309734,-162.6677,-153.95377,-0.33499515,-0.66879386,-9.9451685,-0.022602012,-0.024281893,0.031001411,0.3819999,0.44317102,0.810972,-0.19500686,0.19499561,-0.95520824,0.10736032
223033,19.309734,-162.6677,-153.95377,-0.33499515,-0.66879386,-9.9451685,-0.022602012,-0.024281893,0.031001411,0.3819999,0.44317102,0.810972,-0.19500686,0.19499561,-0.95520824,0.10736032
223139,19.271914,-162.65886,-154.15527,-0.31405795,-0.68195444,-9.957133,-0.02443461,-0.020158552,0.025503622,0.39182597,0.43764842,0.80928135,-0.19452104,0.19336054,-0.9555837,0.10785691
223246,19.292639,-162.6774,-154.52182,-0.32063824,-0.6771687,-9.943375,-0.02657264,-0.011759155,0.025961772,0.3839291,0.44533065,0.8088752,-0.19431517,0.19030154,-0.95619154,0.10828051
223353,19.241835,-162.72113,-154.60202,-0.31046873,-0.6550352,-9.951151,-0.022602012,-0.017256944,0.02611449,0.38701826,0.42836797,0.81652784,-0.19374785,0.18978655,-0.9564229,0.10815744
223459,19.241835,-162.72113,-154.60202,-0.31046873,-0.6550352,-9.951151,-0.022602012,-0.017256944,0.02611449,0.38701826,0.42836797,0.81652784,-0.19374785,0.18978655,-0.9564229,0.10815744
223566,19.344479,-162.70168,-155.17877,-0.3397808,-0.660419,-9.954142,-0.02321288,-0.027947085,0.02855795,0.40282774,0.43868992,0.8032938,-0.1940802,0.18477605,-0.9572311,0.10908405
223673,19.355183,-162.69716,-155.40308,-0.34516466,-0.6550352,-9.946364,-0.02565634,-0.028099801,0.028863383,0.38989535,0.45485172,0.8006819,-0.19396195,0.18287748,-0.9575744,0.10947971
223779,19.370777,-162.70566,-155.56102,-0.32482564,-0.67477596,-9.942177,-0.022296581,-0.019089539,0.030543262,0.39335382,0.45797715,0.79720116,-0.1939263,0.18154739,-0.9578158,0.109644555
223886,19.359613,-162.71269,-155.7129,-0.2961118,-0.6622136,-9.948159,-0.019394971,-0.01740966,0.024892759,0.39176023,0.443955,0.8058709,-0.19367743,0.18030712,-0.9580752,0.10986499
223993,19.31444,-162.80692,-156.01587,-0.32422745,-0.6813562,-9.912268,-0.02351831,-0.02351831,0.024892759,0.3945816,0.4450688,0.80387753,-0.19286624,0.17800282,-0.95869094,0.10967802
224100,19.402918,-162.77458,-156.14537,-0.29970104,-0.6586244,-10.004989,-0.01863139,-0.017104227,0.025809057,0.39265162,0.46017194,0.7962829,-0.19352438,0.17672688,-0.9587584,0.109991945
224206,19.402918,-162.77458,-156.14537,-0.29970104,-0.6586244,-10.004989,-0.01863139,-0.017104227,0.025809057,0.39265162,0.46017194,0.7962829,-0.19352438,0.17672688,-0.9587584,0.109991945
224313,19.474005,-174.55937,-157.34972,-0.16689937,-2.0488544,-10.030712,-2.434756,-0.033750307,-0.17165314,0.38994837,0.5276422,0.75467473,-0.17483181,0.18545888,-0.96689075,0.012691215
224419,21.040022,173.7689,-152.84665,0.047258247,-5.0751767,-8.42812,-3.500716,-0.42577308,-0.9451613,0.3594655,0.67042804,0.64908457,-0.1646708,0.2401053,-0.9519755,-0.09473939
224526,25.031986,164.16817,-148.47072,2.143969,-6.662216,-9.18485,-4.112192,-1.1155926,-1.6821702,0.32198933,0.791506,0.5194623,-0.17004597,0.29142553,-0.92245424,-0.18770643
224633,26.174593,127.28458,-144.94162,0.62093747,-5.66082,-8.132606,-4.398688,1.8370246,0.17180584,0.2819654,0.95913833,-0.02343529,-0.06322535,0.35873294,-0.8019588,-0.47347152
224739,18.149523,116.87062,-133.51993,0.19082761,-10.107881,-0.91226363,-0.025809057,0.28787023,0.01328632,0.39634115,0.88577527,-0.24148668,0.08048035,0.40785983,-0.7405372,-0.5279942
224846,18.05787,116.69555,-133.82567,0.6915257,-9.403792,1.0863415,0.00580322,-0.1996002,0.03756821,0.39915648,0.87847126,-0.26260683,0.0803358,0.4054221,-0.741076,-0.52913654
224952,17.80669,116.555534,-133.80888,-0.19441684,-9.946963,0.51505506,-0.03970624,0.04505131,0.03359759,0.38676226,0.88632274,-0.25465056,0.082673274,0.4044988,-0.7410834,-0.5294726
225059,17.80669,116.555534,-133.80888,-0.19441684,-9.946963,0.51505506,-0.03970624,0.04505131,0.03359759,0.38676226,0.88632274,-0.25465056,0.082673274,0.4044988,-0.7410834,-0.5294726
225166,17.211378,115.98995,-134.13504,-0.10229316,-10.039087,0.26799613,-0.02275473,-0.020005837,0.027030788,0.39426365,0.8864372,-0.2424569,0.08732426,0.39973745,-0.7412861,-0.5320521
225273,17.049517,115.832794,-134.22551,-0.117248304,-10.0678005,0.22671993,-0.01863139,-0.025198191,0.027947085,0.4041757,0.8804432,-0.24791484,0.08858524,0.39841834,-0.7413237,-0.5327801
225379,16.691977,115.51202,-134.36589,-0.13639088,-10.058828,0.2566302,-0.024892759,-0.014049901,0.0290161,0.39624524,0.87885326,-0.26571923,0.09154574,0.3958945,-0.74131197,-0.53417546
225486,16.344215,115.19838,-134.52097,-0.10169496,-10.025328,0.25184458,-0.022296581,-0.012217305,0.028252516,0.40054318,0.87635994,-0.2675041,0.094332136,0.39329886,-0.74134344,-0.53556263
225593,16.249859,115.11931,-134.5575,-0.13160524,-10.062417,0.27996022,-0.02367103,-0.016187929,0.03023783,0.41084775,0.87468326,-0.257164,0.09509136,0.39263228,-0.74135876,-0.5358962
225699,15.967686,114.88422,-134.6683,-0.12622139,-10.0349,0.27996022,-0.023823744,-0.019700404,0.029626964,0.40506455,0.87257284,-0.2730189,0.09734475,0.39062166,-0.7414109,-0.5368879
225806,15.967686,114.88422,-134.6683,-0.12622139,-10.0349,0.27996022,-0.023823744,-0.019700404,0.029626964,0.40506455,0.87257284,-0.2730189,0.09734475,0.39062166,-0.7414109,-0.5368879
225912,15.239013,114.26377,-134.98228,-0.11605189,-10.036096,0.26679972,-0.02565634,-0.01695151,0.026725354,0.38428983,0.8830109,-0.26946804,0.10304366,0.38518292,-0.7415378,-0.5395719
226019,15.062267,114.11516,-135.06377,-0.13100703,-10.021739,0.23928225,-0.021380283,-0.0154243475,0.027641652,0.4083232,0.8773863,-0.2519235,0.10438664,0.38381892,-0.7415865,-0.5402184
226126,14.693284,113.80285,-135.22417,-0.11006984,-10.061818,0.2991028,-0.025809057,-0.024587328,0.0290161,0.42179114,0.8682781,-0.26112327,0.10723309,0.3810175,-0.74163455,-0.54157627
226233,14.30067,113.49501,-135.3584,-0.13160524,-10.013963,0.29850462,-0.021533,-0.014813482,0.028252516,0.39114112,0.8811577,-0.26564965,0.11033882,0.37827402,-0.7416647,-0.5428329
226339,14.006822,113.27535,-135.47903,-0.14536397,-10.030114,0.32542387,-0.021991149,-0.024281893,0.030390546,0.39812464,0.88036644,-0.25778234,0.11252354,0.37608674,-0.74179476,-0.54372585
226446,13.814397,113.13239,-135.54228,-0.11006984,-10.048658,0.2781656,-0.021227568,-0.017256944,0.027794369,0.39476186,0.88538146,-0.2454846,0.11402203,0.374751,-0.7418277,-0.5442906
226553,13.519226,112.913086,-135.65558,-0.13639088,-10.063015,0.26919255,-0.020158552,-0.019394971,0.02855795,0.39623162,0.87885916,-0.26571992,0.11623741,0.37258723,-0.7419245,-0.5451749
226659,13.209472,112.681625,-135.75403,-0.119641125,-10.040283,0.276371,-0.025503622,-0.01328632,0.02855795,0.39973515,0.88148725,-0.2513802,0.118655786,0.37043518,-0.7419444,-0.54609257
226766,12.909809,112.446976,-135.85912,-0.13280165,-10.054641,0.2673979,-0.024892759,-0.01863139,0.027794369,0.40169036,0.8752624,-0.2693707,0.1209753,0.36826622,-0.74193555,-0.54706174
226872,12.612809,112.224724,-135.97925,-0.13579269,-10.029515,0.21834506,-0.024129178,-0.021533,0.028405234,0.39784947,0.87562305,-0.27386135,0.12315677,0.3660121,-0.7420185,-0.5479745
226979,12.20563,111.93211,-136.10167,-0.12203395,-10.055837,0.2673979,-0.025045475,-0.019242255,0.027488936,0.40610808,0.8735822,-0.26819837,0.12629904,0.36319017,-0.74204123,-0.5491049
227086,12.20563,111.93211,-136.10167,-0.12203395,-10.055837,0.2673979,-0.025045475,-0.019242255,0.027488936,0.40610808,0.8735822,-0.26819837,0.12629904,0.36319017,-0.74204123,-0.5491049
227192,11.671882,111.56477,-136.26785,-0.12203395,-10.056435,0.2745764,-0.025809057,-0.015577063,0.030695977,0.39444995,0.865073,-0.30993202,0.13031928,0.35944098,-0.7421445,-0.5504912
227299,11.572288,111.490036,-136.30316,-0.11365908,-10.0678005,0.26620153,-0.024587328,-0.019394971,0.026725354,0.3948374,0.87256265,-0.28764182,0.13106571,0.35870272,-0.74214464,-0.5507953
227406,11.259592,111.25926,-136.4102,-0.12323037,-10.063015,0.27098715,-0.027030788,-0.014813482,0.02947425,0.38678423,0.8802365,-0.27492112,0.13340978,0.3564056,-0.7421455,-0.5517218
227513,11.259592,111.25926,-136.4102,-0.12323037,-10.063015,0.27098715,-0.027030788,-0.014813482,0.02947425,0.38678423,0.8802365,-0.27492112,0.13340978,0.3564056,-0.7421455,-0.5517218
227619,10.434077,110.683846,-136.70078,-0.1268196,-10.024132,0.276371,-0.021838432,-0.015882496,0.024129178,0.40004343,0.8788042,-0.26013154,0.13941471,0.3502711,-0.7422906,-0.553966
227726,10.221808,110.54072,-136.76335,-0.12502497,-10.015159,0.3164508,-0.024587328,-0.017562376,0.029321533,0.39912805,0.8809883,-0.25407955,0.14099365,0.34876508,-0.7423037,-0.55449873
227833,9.680437,110.18675,-136.95084,-0.13399807,-10.029515,0.2865405,-0.023060162,-0.01863139,0.030543262,0.3997457,0.87547535,-0.2715626,0.14483574,0.3447336,-0.7424571,-0.5558226
227939,9.459834,110.0514,-137.00801,-0.10348957,-10.053445,0.2865405,-0.022143863,-0.011911872,0.028710665,0.38997656,0.8818699,-0.26499754,0.14646143,0.34321716,-0.74249727,-0.55628127
228046,9.020888,109.77286,-137.15608,-0.12622139,-10.031908,0.29970104,-0.02076942,-0.0154243475,0.030848695,0.38622773,0.88131243,-0.27224356,0.14954627,0.3399499,-0.74262244,-0.5572988
228153,8.799261,109.63545,-137.24146,-0.12622139,-10.066006,0.2961118,-0.02076942,-0.021533,0.031154126,0.404579,0.8725995,-0.2736531,0.15103698,0.3382277,-0.7427259,-0.55780655
228259,8.568519,109.50513,-137.29803,-0.10528419,-10.042078,0.25244278,-0.02367103,-0.01740966,0.028863383,0.40388328,0.8739945,-0.27020708,0.15270488,0.33665535,-0.7427957,-0.5582105
228366,7.889954,109.09752,-137.49763,-0.111864455,-10.070792,0.2781656,-0.024892759,-0.011911872,0.02687807,0.40378553,0.87008077,-0.28269538,0.15749781,0.33175188,-0.74295396,-0.55960214
228473,7.657693,108.96719,-137.56093,-0.15074782,-10.063015,0.2961118,-0.020922136,-0.013744468,0.032223143,0.38878372,0.8730768,-0.29425186,0.15912865,0.3301078,-0.74302953,-0.5600125
228579,7.2023554,108.69356,-137.70505,-0.12622139,-10.051051,0.26261228,-0.020922136,-0.019700404,0.027641652,0.38245055,0.87251,-0.3040689,0.16226894,0.32671365,-0.7431332,-0.5609635
228686,6.9715343,108.57406,-137.76382,-0.15493526,-10.064212,0.26021945,-0.0206167,-0.019242255,0.027488936,0.38625717,0.8735728,-0.29610115,0.16387038,0.3251051,-0.74323225,-0.5613011
228792,6.847564,108.49894,-137.78795,-0.13040882,-10.042078,0.2673979,-0.02855795,-0.012675454,0.03145956,0.39055884,0.8768328,-0.28040704,0.16479647,0.32427165,-0.7432091,-0.5615427
228899,6.847564,108.49894,-137.78795,-0.13040882,-10.042078,0.2673979,-0.02855795,-0.012675454,0.03145956,0.39055884,0.8768328,-0.28040704,0.16479647,0.32427165,-0.7432091,-0.5615427
229006,5.8056927,107.91354,-138.10286,-0.09990034,-10.039087,0.29371896,-0.022602012,-0.0206167,0.024740042,0.39670876,0.8768827,-0.27147546,0.17185734,0.31654635,-0.7435054,-0.56343865
229112,5.5741324,107.78174,-138.16513,-0.11605189,-10.028319,0.28773692,-0.024587328,-0.021227568,0.02687807,0.39186928,0.8796254,-0.26962504,0.17345883,0.3148626,-0.743529,-0.56386006
229219,5.212504,107.58499,-138.23758,-0.14536397,-10.059426,0.30388847,-0.025809057,-0.009773844,0.027030788,0.3981216,0.88198435,-0.25219595,0.17604966,0.31239778,-0.74353415,-0.56442106
229326,4.8581457,107.38771,-138.34244,-0.13160524,-10.067203,0.2883351,-0.024740042,-0.01771509,0.030848695,0.38030002,0.88561285,-0.26657414,0.17842501,0.30974388,-0.74359936,-0.56505156
229433,4.8581457,107.38771,-138.34244,-0.13160524,-10.067203,0.2883351,-0.024740042,-0.01771509,0.030848695,0.38030002,0.88561285,-0.26657414,0.17842501,0.30974388,-0.74359936,-0.56505156
229539,4.261167,107.08604,-138.50055,-0.11126624,-10.028319,0.2889333,-0.02107485,-0.018020526,0.022449298,0.396661,0.88199663,-0.25444445,0.1824161,0.30541524,-0.74378705,-0.56588584
229646,3.8993046,106.89407,-138.60321,-0.13399807,-10.051649,0.2883351,-0.02367103,-0.022143863,0.02733622,0.3927181,0.8822646,-0.25957966,0.18481448,0.30271736,-0.7438598,-0.56646127
229753,3.4111278,106.64423,-138.73698,-0.1381855,-10.046864,0.24705894,-0.01985312,-0.015882496,0.028863383,0.3932026,0.88402396,-0.2527713,0.18803525,0.29910472,-0.74397355,-0.56717056
229859,2.9148939,106.40266,-138.89394,-0.11605189,-10.030114,0.28295127,-0.020922136,-0.018020526,0.03145956,0.38406524,0.88586974,-0.26024744,0.19115703,0.29529572,-0.7441846,-0.5678457
229966,2.793323,106.33226,-138.93073,-0.119042926,-10.054042,0.29192436,-0.027947085,-0.020463986,0.027947085,0.39505476,0.87935174,-0.26584262,0.19195642,0.2943514,-0.74417317,-0.5680812
230073,2.2902033,106.09639,-139.08408,-0.1064806,-10.037293,0.2566302,-0.025045475,-0.016035212,0.0290161,0.37397078,0.8920931,-0.25360546,0.19510642,0.290516,-0.74439025,-0.56869775
230179,2.2902033,106.09639,-139.08408,-0.1064806,-10.037293,0.2566302,-0.025045475,-0.016035212,0.0290161,0.37397078,0.8920931,-0.25360546,0.19510642,0.290516,-0.74439025,-0.56869775
230286,2.1709707,106.029724,-139.13748,-0.10348957,-10.048658,0.2871387,-0.025961772,-0.028710665,0.02855795,0.39758512,0.8810613,-0.25623623,0.1957931,0.2894748,-0.74442816,-0.568943
230393,2.1709707,106.029724,-139.13748,-0.10348957,-10.048658,0.2871387,-0.025961772,-0.028710665,0.02855795,0.39758512,0.8810613,-0.25623623,0.1957931,0.2894748,-0.74442816,-0.568943
230499,2.1709707,106.029724,-139.13748,-0.10348957,-10.048658,0.2871387,-0.025961772,-0.028710665,0.02855795,0.39758512,0.8810613,-0.25623623,0.1957931,0.2894748,-0.74442816,-0.568943
230606,0.39104885,105.22296,-139.62112,-0.13878371,-10.066605,0.21834506,-0.02275473,-0.018936822,0.028252516,0.38671932,0.88313776,-0.26554832,0.20701975,0.2761577,-0.74499786,-0.5708397
230713,-0.0027539793,105.061264,-139.71451,-0.14237295,-10.054042,0.28055844,-0.024740042,-0.02076942,0.02855795,0.40812343,0.87593263,-0.2572494,0.20950507,0.27329767,-0.7451404,-0.5711233
230819,-0.0027539793,105.061264,-139.71451,-0.14237295,-10.054042,0.28055844,-0.024740042,-0.02076942,0.02855795,0.40812343,0.87593263,-0.2572494,0.20950507,0.27329767,-0.7451404,-0.5711233
230926,-0.26269695,104.960526,-139.77953,-0.11126624,-10.043873,0.3080759,-0.021838432,-0.02321288,0.028405234,0.3878297,0.88289267,-0.26474255,0.21110968,0.27139276,-0.74526596,-0.5712769
231033,-1.1536208,104.577965,-140.00594,-0.12502497,-10.034302,0.32901308,-0.02367103,-0.02107485,0.025350908,0.3944312,0.8769148,-0.2746716,0.21665019,0.26473537,-0.7454785,-0.5720486
231139,-1.6857613,104.36666,-140.14261,-0.11545368,-10.04507,0.25722843,-0.024740042,-0.017867807,0.029932396,0.38165563,0.88797724,-0.25658414,0.21989042,0.2607553,-0.7456649,-0.57239735
231246,-1.8087224,104.31661,-140.18127,-0.13519447,-10.055239,0.2644069,-0.022602012,-0.021227568,0.025045475,0.3774128,0.88909966,-0.25896224,0.22060427,0.25978443,-0.7457147,-0.5724992
231353,-2.0778341,104.22285,-140.22398,-0.11605189,-10.02772,0.27218357,-0.021991149,-0.012064589,0.028099801,0.3799382,0.8822812,-0.27789718,0.22233747,0.25795937,-0.7458037,-0.5725381
231459,-2.875809,103.88217,-140.429,-0.13399807,-10.059426,0.2673979,-0.023365596,-0.018784106,0.028252516,0.38206193,0.88383603,-0.26993057,0.22720139,0.25188684,-0.7458987,-0.57320815
231566,-2.875809,103.88217,-140.429,-0.13399807,-10.059426,0.2673979,-0.023365596,-0.018784106,0.028252516,0.38206193,0.88383603,-0.26993057,0.22720139,0.25188684,-0.7458987,-0.57320815
231673,-2.875809,103.88217,-140.429,-0.13399807,-10.059426,0.2673979,-0.023365596,-0.018784106,0.028252516,0.38206193,0.88383603,-0.26993057,0.22720139,0.25188684,-0.7458987,-0.57320815
231779,-2.875809,103.88217,-140.429,-0.13399807,-10.059426,0.2673979,-0.023365596,-0.018784106,0.028252516,0.38206193,0.88383603,-0.26993057,0.22720139,0.25188684,-0.7458987,-0.57320815
231886,-2.875809,103.88217,-140.429,-0.13399807,-10.059426,0.2673979,-0.023365596,-0.018784106,0.028252516,0.38206193,0.88383603,-0.26993057,0.22720139,0.25188684,-0.7458987,-0.57320815
231993,-3.408956,103.68555,-140.57765,-0.114257276,-10.037293,0.26141587,-0.025045475,-0.025503622,0.02733622,0.39904302,0.8801768,-0.25700867,0.23030406,0.2477913,-0.7461144,-0.57347435
232099,-4.906745,103.18015,-140.97592,-0.12263215,-10.048658,0.30448666,-0.019089539,-0.01740966,0.025045475,0.4005416,0.8788305,-0.25927463,0.23893769,0.23641407,-0.74679136,-0.5738639
232206,-5.733106,102.903564,-141.17758,-0.10468599,-10.024132,0.26141587,-0.025198191,-0.018020526,0.02687807,0.38968694,0.88406557,-0.25801575,0.24373844,0.23020366,-0.74706304,-0.5740163
232313,-6.284336,102.72687,-141.31693,-0.14177473,-10.054042,0.30448666,-0.0206167,-0.019242255,0.028099801,0.39549032,0.8889702,-0.23090996,0.24688192,0.22602466,-0.74726355,-0.57407266
232419,-6.284336,102.72687,-141.31693,-0.14177473,-10.054042,0.30448666,-0.0206167,-0.019242255,0.028099801,0.39549032,0.8889702,-0.23090996,0.24688192,0.22602466,-0.74726355,-0.57407266
232526,-6.284336,102.72687,-141.31693,-0.14177473,-10.054042,0.30448666,-0.0206167,-0.019242255,0.028099801,0.39549032,0.8889702,-0.23090996,0.24688192,0.22602466,-0.74726355,-0.57407266
232633,-6.284336,102.72687,-141.31693,-0.14177473,-10.054042,0.30448666,-0.0206167,-0.019242255,0.028099801,0.39549032,0.8889702,-0.23090996,0.24688192,0.22602466,-0.74726355,-0.57407266
232739,-6.284336,102.72687,-141.31693,-0.14177473,-10.054042,0.30448666,-0.0206167,-0.019242255,0.028099801,0.39549032,0.8889702,-0.23090996,0.24688192,0.22602466,-0.74726355,-0.57407266
232846,-6.284336,102.72687,-141.31693,-0.14177473,-10.054042,0.30448666,-0.0206167,-0.019242255,0.028099801,0.39549032,0.8889702,-0.23090996,0.24688192,0.22602466,-0.74726355,-0.57407266
232953,-6.7019544,102.60885,-141.44441,-0.12083753,-10.041479,0.23629121,-0.02275473,-0.024281893,0.02855795,0.3982146,0.88210547,-0.2516249,0.24911287,0.22273903,-0.7475216,-0.57405716
233059,-6.7019544,102.60885,-141.44441,-0.12083753,-10.041479,0.23629121,-0.02275473,-0.024281893,0.02855795,0.3982146,0.88210547,-0.2516249,0.24911287,0.22273903,-0.7475216,-0.57405716
233166,-8.818804,101.98999,-141.98064,-0.093918286,-10.035498,0.30029923,-0.019700404,-0.016340645,0.029321533,0.400167,0.88149714,-0.25065747,0.26088905,0.20662095,-0.7482982,-0.5738418
233273,-10.118496,101.66563,-142.32645,-0.14835499,-10.040882,0.29072794,-0.02397646,-0.01985312,0.027947085,0.4062313,0.8832652,-0.23413391,0.26783675,0.1966365,-0.7489069,-0.573355
233379,-10.545666,101.57045,-142.44687,-0.10528419,-10.048658,0.26679972,-0.020158552,-0.015882496,0.02641992,0.3943413,0.88088965,-0.26177916,0.27005178,0.19332135,-0.7491457,-0.57313144
233486,-11.122477,101.44735,-142.62302,-0.11365908,-10.071988,0.27996022,-0.02321288,-0.025809057,0.024281893,0.40354946,0.8722602,-0.2762425,0.27295494,0.18875736,-0.7494934,-0.5728227
233593,-11.122477,101.44735,-142.62302,-0.11365908,-10.071988,0.27996022,-0.02321288,-0.025809057,0.024281893,0.40354946,0.8722602,-0.2762425,0.27295494,0.18875736,-0.7494934,-0.5728227
233699,-11.844207,101.31114,-142.82771,-0.13938192,-10.04507,0.25004995,-0.020158552,-0.013744468,0.027947085,0.4090889,0.8767878,-0.25276363,0.27662012,0.18317385,-0.7499519,-0.5722769
233806,-12.293208,101.220665,-142.93164,-0.10767701,-10.030712,0.26799613,-0.025198191,-0.009773844,0.030848695,0.3980276,0.88673717,-0.23509824,0.27901712,0.17982982,-0.7501496,-0.57191455
233913,-12.74203,101.16021,-143.06802,-0.1268196,-10.051649,0.29312077,-0.019242255,-0.02076942,0.031154126,0.4098841,0.8722444,-0.26680458,0.28119752,0.17634054,-0.75053126,-0.5714322
234019,-13.315796,101.09054,-143.24753,-0.119641125,-10.036096,0.27936202,-0.02076942,-0.012217305,0.0290161,0.40655202,0.87258667,-0.2707545,0.28393993,0.17185584,-0.75103915,-0.57077485
234126,-13.595328,101.05861,-143.37021,-0.12562318,-10.049854,0.27278176,-0.024281893,-0.020922136,0.02855795,0.40659392,0.8688906,-0.28233054,0.28509468,0.16944146,-0.751338,-0.5705276
234233,-14.178141,100.96711,-143.54715,-0.13639088,-10.049257,0.25004995,-0.022602012,-0.01817324,0.02733622,0.4143927,0.8665904,-0.2780284,0.28792462,0.16485444,-0.7516969,-0.56997734
234339,-14.616301,100.89965,-143.66371,-0.12203395,-10.048059,0.24765714,-0.023060162,-0.013133602,0.027641652,0.40149194,0.87553996,-0.26876378,0.29012537,0.16151023,-0.7519305,-0.5695105
234446,-15.065002,100.85179,-143.79524,-0.14476576,-10.023533,0.25004995,-0.024129178,-0.009315695,0.029321533,0.40158546,0.8772586,-0.26295713,0.2922832,0.15805376,-0.7522754,-0.5689211
234552,-15.513133,100.8134,-143.92462,-0.13339986,-10.033703,0.28295127,-0.018325957,-0.017104227,0.03145956,0.398908,0.88002825,-0.25772604,0.29443064,0.15463363,-0.7526464,-0.5682627
234659,-15.654718,100.79605,-143.98051,-0.10707881,-10.063015,0.25962123,-0.02733622,-0.021991149,0.027947085,0.39159012,0.8787474,-0.272874,0.29504076,0.15343997,-0.75275415,-0.568127
234766,-15.654718,100.79605,-143.98051,-0.10707881,-10.063015,0.25962123,-0.02733622,-0.021991149,0.027947085,0.39159012,0.8787474,-0.272874,0.29504076,0.15343997,-0.75275415,-0.568127
234873,-15.944486,100.78009,-144.08075,-0.12622139,-10.039685,0.26021945,-0.02397646,-0.021227568,0.027488936,0.40480927,0.8722847,-0.2743152,0.29633227,0.15113881,-0.7530466,-0.56768394
234979,-17.40996,100.69006,-144.56128,-0.10348957,-10.040283,0.2871387,-0.02275473,-0.0154243475,0.03176499,0.40212348,0.87821484,-0.25891185,0.30298477,0.13962223,-0.7543241,-0.56542116
235086,-17.706642,100.677,-144.65909,-0.1058824,-10.046864,0.2979064,-0.02367103,-0.019547688,0.03145956,0.39778987,0.8752259,-0.27521408,0.30431816,0.13729551,-0.7545844,-0.5649273
235193,-17.848394,100.669464,-144.71019,-0.11485548,-10.039685,0.24586251,-0.025198191,-0.017104227,0.029321533,0.3879929,0.88224036,-0.2666711,0.30493474,0.13615091,-0.7547046,-0.5647112
235299,-18.133669,100.654755,-144.82527,-0.11246266,-10.051051,0.26261228,-0.02657264,-0.018478675,0.02687807,0.4059951,0.8752496,-0.2628804,0.30611393,0.133767,-0.7549571,-0.56430525
235406,-18.563066,100.63942,-144.98242,-0.13220344,-10.04507,0.30448666,-0.028252516,-0.016646078,0.027641652,0.40684974,0.8734203,-0.2676009,0.3079579,0.13029979,-0.7553364,-0.56360525
235513,-19.41184,100.647484,-145.35605,-0.1381855,-10.0474615,0.33080772,-0.02641992,-0.024129178,0.028405234,0.40305656,0.8800519,-0.25110558,0.31124514,0.12312528,-0.756288,-0.5621344
235619,-19.693956,100.649506,-145.4735,-0.11006984,-10.030114,0.2871387,-0.02397646,-0.025045475,0.025961772,0.4104315,0.87240547,-0.2654331,0.31237066,0.120780796,-0.7565761,-0.5616308
235726,-20.406239,100.68805,-145.76834,-0.1381855,-10.033106,0.26261228,-0.019700404,-0.016798794,0.029626964,0.4039924,0.8778909,-0.2570947,0.3151851,0.11495996,-0.757427,-0.5601312
235832,-20.406239,100.68805,-145.76834,-0.1381855,-10.033106,0.26261228,-0.019700404,-0.016798794,0.029626964,0.4039924,0.8778909,-0.2570947,0.3151851,0.11495996,-0.757427,-0.5601312
235939,-20.957653,100.72751,-146.00575,-0.10827522,-10.053445,0.26620153,-0.022602012,-0.020005837,0.027488936,0.3946262,0.880191,-0.26369277,0.31731012,0.11041626,-0.7581032,-0.5589294
236046,-21.509275,100.75057,-146.25098,-0.13339986,-10.073185,0.2871387,-0.019700404,-0.014660766,0.02855795,0.40829462,0.87467396,-0.26122975,0.31941465,0.10577151,-0.75867254,-0.55785537
236152,-22.069853,100.81276,-146.5014,-0.12083753,-10.029515,0.2961118,-0.023365596,-0.02107485,0.029321533,0.40897533,0.87100613,-0.27219024,0.321513,0.10114878,-0.75940496,-0.55650914
236259,-22.210781,100.81809,-146.55078,-0.1274178,-10.036695,0.25423738,-0.024587328,-0.011453724,0.028405234,0.40023038,0.87446225,-0.27410105,0.32211593,0.10004749,-0.7595214,-0.5562005
236366,-22.760704,100.865555,-146.80734,-0.11365908,-10.053445,0.253041,-0.02687807,-0.019700404,0.030695977,0.41111228,0.875327,-0.25453743,0.3241361,0.0954003,-0.7601393,-0.55499804
236473,-23.158226,100.92098,-147.01483,-0.12801601,-10.0474615,0.2979064,-0.023365596,-0.016035212,0.02443461,0.39979628,0.8767592,-0.26731315,0.32547423,0.0919537,-0.7606833,-0.55405045
236580,-23.566244,100.969215,-147.20422,-0.14596218,-10.046864,0.2638087,-0.020005837,-0.019394971,0.02855795,0.3983061,0.87803674,-0.26533708,0.32697093,0.088547535,-0.76116043,-0.5530679
236686,-24.09523,101.03968,-147.4882,-0.116650105,-10.048059,0.2554338,-0.021838432,-0.01817324,0.028710665,0.38345546,0.8827948,-0.2713582,0.32872325,0.0838982,-0.76181567,-0.55185056
236793,-24.49226,101.07585,-147.68849,-0.124426775,-10.054641,0.2853441,-0.027030788,-0.014660766,0.028099801,0.4051903,0.88128376,-0.24322772,0.33011496,0.080445655,-0.76219386,-0.551011
236899,-24.88241,101.14591,-147.90897,-0.14177473,-10.048658,0.28235307,-0.021227568,-0.022143863,0.027488936,0.3902037,0.88261473,-0.26216835,0.33134717,0.07699483,-0.7627279,-0.55002457
237006,-25.01007,101.16682,-147.98277,-0.13579269,-10.066006,0.2943172,-0.02351831,-0.019394971,0.03023783,0.37866017,0.89148647,-0.24873357,0.33174446,0.075848736,-0.7628895,-0.5497201
237113,-25.65984,101.26196,-148.3178,-0.109471634,-10.042676,0.31405795,-0.0206167,-0.013439035,0.02947425,0.39768448,0.8800726,-0.25945956,0.33397377,0.07025379,-0.7635981,-0.5481276
237219,-25.788109,101.28529,-148.40283,-0.12323037,-10.049854,0.2656033,-0.025809057,-0.024129178,0.030085113,0.39075133,0.8842151,-0.25588477,0.33432162,0.069036655,-0.7637646,-0.5478381
237326,-26.062767,101.33388,-148.55887,-0.12023933,-10.08814,0.2781656,-0.02367103,-0.019394971,0.032375857,0.40169024,0.8752588,-0.26938254,0.3351932,0.06660022,-0.7640912,-0.5471513
237433,-26.864431,101.50462,-149.01736,-0.13280165,-10.013963,0.25603202,-0.023365596,-0.018936822,0.029321533,0.3937811,0.8792133,-0.26817998,0.33771792,0.059555337,-0.7651237,-0.5449637
237539,-27.266584,101.566734,-149.23181,-0.117248304,-10.059426,0.27218357,-0.025961772,-0.01450805,0.031612277,0.40829936,0.8756041,-0.2580875,0.339077,0.056057185,-0.7654883,-0.543978
237646,-27.530832,101.63123,-149.38179,-0.12143575,-10.051051,0.2440679,-0.019700404,-0.016493361,0.02977968,0.38856497,0.8814188,-0.26854816,0.33991754,0.0537686,-0.7658328,-0.54319906
237753,-27.530832,101.63123,-149.38179,-0.12143575,-10.051051,0.2440679,-0.019700404,-0.016493361,0.02977968,0.38856497,0.8814188,-0.26854816,0.33991754,0.0537686,-0.7658328,-0.54319906
237859,-28.197847,101.769295,-149.76567,-0.1268196,-10.043873,0.2751746,-0.026725354,-0.014049901,0.02977968,0.41835946,0.86660504,-0.27197614,0.3420351,0.04788566,-0.7665436,-0.5414147
237966,-28.462326,101.81965,-149.92494,-0.119042926,-10.040882,0.2554338,-0.024740042,-0.014049901,0.02657264,0.39135075,0.8780284,-0.2755191,0.3428466,0.045493614,-0.7667902,-0.540758
238073,-28.462326,101.81965,-149.92494,-0.119042926,-10.040882,0.2554338,-0.024740042,-0.014049901,0.02657264,0.39135075,0.8780284,-0.2755191,0.3428466,0.045493614,-0.7667902,-0.540758
238179,-29.017462,101.94101,-150.26944,-0.116650105,-10.025328,0.27337998,-0.0290161,-0.019089539,0.03191771,0.42872313,0.86743265,-0.25250167,0.34450278,0.040453628,-0.76735234,-0.53930676
238287,-29.017462,101.94101,-150.26944,-0.116650105,-10.025328,0.27337998,-0.0290161,-0.019089539,0.03191771,0.42872313,0.86743265,-0.25250167,0.34450278,0.040453628,-0.76735234,-0.53930676
238393,-30.688677,102.29369,-151.2423,-0.1274178,-10.042078,0.26859432,-0.021685716,-0.02397646,0.03176499,0.39836672,0.8754627,-0.27362204,0.34985092,0.025693906,-0.7686948,-0.53483874
238499,-31.118826,102.359474,-151.44893,-0.092123665,-10.0349,0.28354946,-0.021838432,-0.009315695,0.0290161,0.4024784,0.8729799,-0.27553084,0.35144916,0.022117775,-0.7688513,-0.53372467
238606,-31.537436,102.42959,-151.67752,-0.12023933,-10.054641,0.26679972,-0.020922136,-0.018020526,0.027030788,0.4120549,0.87368,-0.25863886,0.35287845,0.018473957,-0.76901424,-0.5326843
238713,-31.827257,102.48458,-151.83363,-0.111864455,-10.046864,0.3164508,-0.022296581,-0.01740966,0.03191771,0.4052862,0.8785633,-0.2527245,0.3538792,0.015986897,-0.7691429,-0.53191453
238819,-32.118874,102.51094,-151.96552,-0.08973085,-10.052247,0.31166515,-0.024281893,-0.006872234,0.029932396,0.39835042,0.88173914,-0.25269157,0.35500827,0.013565011,-0.7691238,-0.53125674
238926,-32.118874,102.51094,-151.96552,-0.08973085,-10.052247,0.31166515,-0.024281893,-0.006872234,0.029932396,0.39835042,0.88173914,-0.25269157,0.35500827,0.013565011,-0.7691238,-0.53125674
239033,-33.128544,102.70232,-152.54953,-0.13399807,-10.048059,0.25423738,-0.023823744,-0.019700404,0.02855795,0.3963293,0.87668955,-0.27265093,0.35832852,0.0046442267,-0.7694476,-0.5287054
239139,-33.27275,102.72699,-152.62552,-0.09930214,-10.042078,0.2979064,-0.019700404,-0.01740966,0.02855795,0.38638368,0.8895468,-0.24375013,0.3588391,0.0034130046,-0.76946974,-0.5283362
239246,-33.27275,102.72699,-152.62552,-0.09930214,-10.042078,0.2979064,-0.019700404,-0.01740966,0.02855795,0.38638368,0.8895468,-0.24375013,0.3588391,0.0034130046,-0.76946974,-0.5283362
239353,-33.570766,102.77292,-152.78001,-0.12981062,-10.065409,0.2644069,-0.025350908,-0.014202617,0.027488936,0.39516672,0.87772554,-0.27100036,0.35990733,0.0008708967,-0.7694834,-0.5275995
239459,-33.570766,102.77292,-152.78001,-0.12981062,-10.065409,0.2644069,-0.025350908,-0.014202617,0.027488936,0.39516672,0.87772554,-0.27100036,0.35990733,0.0008708967,-0.7694834,-0.5275995
239566,-35.520176,103.13831,-153.88708,-0.11246266,-10.040882,0.29491538,-0.025503622,-0.02321288,0.029168814,0.4060848,0.87442034,-0.26548865,0.3664995,-0.016161656,-0.76957184,-0.5226625
239673,-35.8305,103.19853,-154.05476,-0.12502497,-9.936793,0.30927232,-0.01771509,-0.021227568,0.028405234,0.4103775,0.8661308,-0.28532025,0.36759645,-0.018801864,-0.7695481,-0.52183807
239779,-32.099976,114.141014,-171.10477,7.0683975,-11.865409,6.8009996,0.5691737,-1.9358319,0.052076265,0.28266573,0.88070226,-0.38008365,0.2718708,-0.08728976,-0.8158493,-0.5028485
239886,-45.328674,130.6786,-150.98143,1.5565311,-12.766307,-6.7692947,5.003444,4.8653893,-4.43366,0.2920333,0.8503803,0.43768698,0.43548146,0.05445453,-0.85215044,-0.2850091
239993,-27.316063,171.30902,-159.18274,-0.7477571,12.527024,-10.1904335,3.114802,-3.2623258,0.5497787,0.5240623,-0.36934003,0.7674286,0.2448753,0.15745679,-0.9562169,-0.029878503
240099,2.4846072,157.07806,-167.67555,2.914458,8.742177,-13.524233,-5.004208,-4.6143236,2.4541512,0.8339688,-0.38917613,0.3912007,0.0001987355,0.10946179,-0.973706,-0.19978663
240206,18.32118,148.24643,-162.43593,-0.42053854,8.608179,-6.060421,-2.5786147,-2.3501513,-1.0293078,0.93673223,-0.34105715,0.07882057,-0.11009893,0.18802106,-0.93180263,-0.2902932
240313,25.553635,115.29788,171.5805,-2.2947168,0.8398807,-4.3944187,-5.004208,-5.004208,2.441781,0.91231865,-0.4071141,-0.043963883,-0.22463183,0.057543024,-0.83033186,-0.506733
240419,16.216953,95.07356,153.75246,-7.3908305,1.800599,1.0576276,-5.004208,-5.004208,5.003444,0.74535805,-0.6498534,-0.14876793,-0.25309122,-0.073090084,-0.73288184,-0.6272853
240526,-17.60923,65.71256,130.11276,-13.010972,10.430911,2.7284157,-4.1966443,-5.004208,5.003444,-0.1517129,-0.9838608,0.0948746,-0.2747926,-0.34269112,-0.4319054,-0.7877243
240632,-17.60923,65.71256,130.11276,-13.010972,10.430911,2.7284157,-4.1966443,-5.004208,5.003444,-0.1517129,-0.9838608,0.0948746,-0.2747926,-0.34269112,-0.4319054,-0.7877243
240739,-37.632114,55.51908,84.40429,-4.668397,7.233503,-4.3579283,0.03848451,-3.8163807,-5.004208,-0.12485751,-0.32467583,0.937548,-0.5195795,-0.5183125,-0.08472783,-0.6739514
240846,-37.632114,55.51908,84.40429,-4.668397,7.233503,-4.3579283,0.03848451,-3.8163807,-5.004208,-0.12485751,-0.32467583,0.937548,-0.5195795,-0.5183125,-0.08472783,-0.6739514
240952,11.443933,90.453575,20.243576,-6.622136,-14.243875,-8.592626,-0.6782131,-1.6001616,1.984243,0.5620945,0.29089668,0.7742279,-0.70232487,-0.68302894,-0.19326395,-0.053481795
241059,-5.1688223,80.01319,6.662393,-5.6069813,-8.1840515,-7.195217,-3.3243287,-4.9046373,4.6569314,0.75993335,0.26993388,0.5913011,-0.762214,-0.6431437,-0.0028378111,-0.07340249
241167,-28.87024,67.12439,-3.7207272,1.4769697,-1.9968103,7.6002026,-3.3797648,-3.3183727,5.003444,0.97057784,0.023372179,0.2396507,-0.8110284,-0.5283632,0.22499578,-0.11154413
241273,-52.60012,1.6639252,50.0316,-11.706883,16.807186,4.302295,-0.86926126,5.003444,5.003444,-0.5392706,-0.8322854,0.12840647,-0.8095816,-0.19913721,0.39596128,-0.3848853
241379,-52.60012,1.6639252,50.0316,-11.706883,16.807186,4.302295,-0.86926126,5.003444,5.003444,-0.5392706,-0.8322854,0.12840647,-0.8095816,-0.19913721,0.39596128,-0.3848853
241486,-42.586815,-0.3797136,50.366505,-0.9200403,15.638291,2.918047,-1.2385293,-0.59544086,-0.6130033,-0.6528364,-0.7529681,-0.08272669,-0.84368056,-0.15172835,0.32993963,-0.39537507
241593,-42.586815,-0.3797136,50.366505,-0.9200403,15.638291,2.918047,-1.2385293,-0.59544086,-0.6130033,-0.6528364,-0.7529681,-0.08272669,-0.84368056,-0.15172835,0.32993963,-0.39537507
241700,-72.197235,71.20656,-99.06454,-2.1708882,1.4590235,-4.9178486,-5.004208,-1.8793268,-5.004208,0.26405534,-0.18056692,0.9474547,-0.68732643,0.059144594,0.66877013,0.27718368
241806,-72.197235,71.20656,-99.06454,-2.1708882,1.4590235,-4.9178486,-5.004208,-1.8793268,-5.004208,0.26405534,-0.18056692,0.9474547,-0.68732643,0.059144594,0.66877013,0.27718368
241913,-54.658463,81.891045,-133.16663,3.2679973,2.9264219,-0.96131647,-5.004208,-2.495079,-5.004208,0.33583656,0.48248294,0.8089648,-0.5427646,0.086842045,0.67205775,0.4961889
242019,-39.795498,40.522873,-152.48396,-0.36849466,-8.248658,6.707082,-5.004208,-0.622319,3.021034,0.024774702,0.9835334,-0.1790205,-0.32426733,0.23268035,0.3922202,0.82877856
242126,-45.512577,13.664629,-148.43825,1.1060822,-1.6157534,3.173481,-5.004208,0.03252857,1.2441797,0.1722726,0.86092806,-0.47867003,-0.29329067,0.3397545,0.2100188,0.8685848
242233,-44.570393,-20.579576,-125.22593,4.701298,10.107283,15.000606,-3.8803687,-0.14706582,3.1250339,0.41407827,0.42277107,-0.80610406,-0.3586487,0.40732968,0.024874311,0.8395445
242339,-6.02261,-12.108865,-149.35478,3.0598218,5.698507,-0.50428736,1.3191634,5.003444,-0.3135266,0.9736673,0.094435886,-0.20749423,-0.25707301,0.07821622,-0.08777893,0.9592135
242446,-6.02261,-12.108865,-149.35478,3.0598218,5.698507,-0.50428736,1.3191634,5.003444,-0.3135266,0.9736673,0.094435886,-0.20749423,-0.25707301,0.07821622,-0.08777893,0.9592135
242553,34.21666,0.9498077,-163.53712,1.1072787,1.8406787,-12.568301,0.9918924,5.003444,-2.0069978,0.60169953,-0.016426887,0.7985536,-0.13441877,-0.29227278,-0.034276623,0.9462206
242659,60.37531,92.73063,-116.62702,-1.6845471,12.28475,-11.735001,5.003444,5.003444,1.8067867,-0.43107918,-0.61325455,0.66188335,-0.0036315469,-0.62387115,0.350085,0.69872177
242766,54.51986,116.06609,-101.16957,5.822933,-3.4181468,-14.919847,5.003444,4.7557387,1.7867808,-0.58043516,-0.79121566,0.19254296,0.0013753229,-0.6661685,0.42864925,0.6103093
242873,59.38412,135.93657,-91.18536,-1.8622141,8.345567,1.2586247,2.1186333,1.790446,-0.38423422,-0.49551198,-0.86079264,-0.11620654,0.09999454,-0.69622797,0.4452453,0.5540978
242979,52.303066,174.16046,-74.197174,-0.006580262,12.763316,7.505686,0.8536841,2.6774223,-1.2085968,-0.39278755,-0.68602806,-0.6124406,0.22903945,-0.7285623,0.52283144,0.37866232
243086,53.70251,-174.67917,-72.52981,0.35294133,5.7487564,6.9768724,4.92281,-0.6600399,-0.5323691,-0.34016722,-0.6438659,-0.6853634,0.30027702,-0.7061816,0.54407823,0.33929366
243193,57.614532,-164.52516,-72.32369,-1.5822538,3.4546375,5.7433724,5.003444,-1.890017,0.27198774,-0.3449622,-0.49769998,-0.79579884,0.37698933,-0.66271824,0.5647143,0.31588176
243299,61.67856,163.2752,-107.35386,-0.23688944,-2.914458,9.381061,-4.6633453,-0.1459968,0.115453534,-0.32332754,0.048271254,-0.9450551,0.33466524,-0.56324625,0.6402563,0.40102956
243406,62.587547,169.35846,-100.12462,-0.49351966,4.9124646,9.669994,2.7818804,-0.2490803,-1.5601498,-0.33394825,-0.14315291,-0.93165755,0.34568158,-0.58312786,0.62144935,0.39276823
243513,63.10817,168.56761,-99.00399,-0.0077766734,0.6813562,9.686146,0.08277224,-0.010537425,0.027183503,-0.325894,-0.119543,-0.937818,0.34083655,-0.59028524,0.61092556,0.4026956
243619,63.239212,167.75264,-99.46396,-0.16929218,0.5772684,9.626325,-0.030848695,-0.013744468,0.030390546,-0.34662637,-0.12961043,-0.92900556,0.33904126,-0.58994323,0.60989875,0.4062531
243726,63.299244,167.44894,-99.67698,-0.17048861,0.573081,9.622137,-0.0125227375,-0.013439035,0.027947085,-0.3304008,-0.12652871,-0.9353212,0.33859244,-0.58956796,0.6096771,0.40750292
243833,63.372707,167.09012,-99.92215,-0.1794617,0.6227321,9.670592,-0.02443461,-0.021685716,0.03313944,-0.31707934,-0.12886015,-0.93960404,0.33805922,-0.5891541,0.6093648,0.40900847
243939,63.883217,164.389,-101.72879,-0.15553346,0.62452674,9.5970125,-0.017104227,-0.01572978,0.030543262,-0.3327843,-0.13206019,-0.9337102,0.33382234,-0.5863622,0.6067628,0.42021525
244046,64.13658,162.9851,-102.67794,-0.16869399,0.5952146,9.615558,-0.02076942,-0.02397646,0.03023783,-0.3069099,-0.11939253,-0.9442202,0.33170065,-0.5848975,0.60536057,0.4259203
244153,64.13658,162.9851,-102.67794,-0.16869399,0.5952146,9.615558,-0.02076942,-0.02397646,0.03023783,-0.3069099,-0.11939253,-0.9442202,0.33170065,-0.5848975,0.60536057,0.4259203
244259,64.13658,162.9851,-102.67794,-0.16869399,0.5952146,9.615558,-0.02076942,-0.02397646,0.03023783,-0.3069099,-0.11939253,-0.9442202,0.33170065,-0.5848975,0.60536057,0.4259203
244366,64.57154,160.48444,-104.40182,-0.18005991,0.60358953,9.610173,-0.019394971,-0.015882496,0.031001411,-0.33257788,-0.12711011,-0.9344704,0.3281389,-0.582174,0.60285276,0.43585187
244473,64.63764,160.11674,-104.65628,-0.17048861,0.46061835,9.585049,-0.021380283,-0.021838432,0.0290161,-0.3204467,-0.13092922,-0.93817455,0.32765317,-0.581768,0.60245293,0.4373098
244579,64.803215,159.01547,-105.399445,-0.19621144,0.5922236,9.656834,-0.02367103,-0.014355333,0.028405234,-0.31466213,-0.126117,-0.9407881,0.3259538,-0.580714,0.60126346,0.4415967
244686,64.84645,158.6309,-105.665436,-0.18305092,0.6023931,9.631709,-0.023060162,-0.013591751,0.032375857,-0.31613347,-0.11634071,-0.9415543,0.325304,-0.5803378,0.60093296,0.44301796
244793,65.06012,157.09926,-106.696526,-0.1698904,0.6173482,9.613763,-0.024129178,-0.01695151,0.028710665,-0.32671475,-0.13670675,-0.9351838,0.32291904,-0.5789217,0.59922063,0.44889596
244899,65.06012,157.09926,-106.696526,-0.1698904,0.6173482,9.613763,-0.024129178,-0.01695151,0.028710665,-0.32671475,-0.13670675,-0.9351838,0.32291904,-0.5789217,0.59922063,0.44889596
245006,65.202774,155.95569,-107.49007,-0.16869399,0.631107,9.617352,-0.019394971,-0.016493361,0.031154126,-0.34517807,-0.13003404,-0.9294855,0.32117796,-0.5777717,0.5980702,0.45314077
245113,65.202774,155.95569,-107.49007,-0.16869399,0.631107,9.617352,-0.019394971,-0.016493361,0.031154126,-0.34517807,-0.13003404,-0.9294855,0.32117796,-0.5777717,0.5980702,0.45314077
245219,65.70189,151.58705,-110.51801,-0.16749758,0.6131607,9.638887,-0.024281893,-0.0096211275,0.02687807,-0.32923627,-0.13555704,-0.9344666,0.314633,-0.573492,0.5933511,0.46909213
245326,65.88679,149.9103,-111.69449,-0.16510475,0.61196434,9.633504,-0.026725354,-0.022449298,0.026725354,-0.3142939,-0.14192338,-0.9386571,0.31230685,-0.5717992,0.5914296,0.47510117
245433,65.93186,149.50002,-111.990005,-0.17407784,0.619741,9.609575,-0.018784106,-0.020463986,0.028405234,-0.32875547,-0.12682031,-0.93586135,0.31178266,-0.57134753,0.5909806,0.47654542
245539,65.93186,149.50002,-111.990005,-0.17407784,0.619741,9.609575,-0.018784106,-0.020463986,0.028405234,-0.32875547,-0.12682031,-0.93586135,0.31178266,-0.57134753,0.5909806,0.47654542
245646,65.93186,149.50002,-111.990005,-0.17407784,0.619741,9.609575,-0.018784106,-0.020463986,0.028405234,-0.32875547,-0.12682031,-0.93586135,0.31178266,-0.57134753,0.5909806,0.47654542
245753,66.149216,146.96025,-113.785835,-0.17766707,0.5982056,9.645468,-0.022449298,-0.01450805,0.031001411,-0.3195821,-0.13735561,-0.93755037,0.30811644,-0.56878996,0.5881856,0.48536575
245859,66.149216,146.96025,-113.785835,-0.17766707,0.5982056,9.645468,-0.022449298,-0.01450805,0.031001411,-0.3195821,-0.13735561,-0.93755037,0.30811644,-0.56878996,0.5881856,0.48536575
245966,66.47093,142.27391,-117.082275,-0.16510475,0.6143572,9.643673,-0.02031127,-0.015882496,0.03176499,-0.31776252,-0.13707529,-0.93820965,0.30128312,-0.5642282,0.5826876,0.5013484
246073,66.49235,141.85,-117.382866,-0.30508488,0.61794645,9.573085,-0.019089539,-0.014355333,0.028405234,-0.32465124,-0.12151238,-0.9379959,0.30065712,-0.56380665,0.58220065,0.5027621
246179,66.49235,141.85,-117.382866,-0.30508488,0.61794645,9.573085,-0.019089539,-0.014355333,0.028405234,-0.32465124,-0.12151238,-0.9379959,0.30065712,-0.56380665,0.58220065,0.5027621
246287,66.49235,141.85,-117.382866,-0.30508488,0.61794645,9.573085,-0.019089539,-0.014355333,0.028405234,-0.32465124,-0.12151238,-0.9379959,0.30065712,-0.56380665,0.58220065,0.5027621
246392,66.533646,141.38329,-117.728584,-0.16151553,0.5940182,9.636495,-0.020158552,-0.027794369,0.02977968,-0.31646532,-0.13557939,-0.93886524,0.30015814,-0.5632625,0.581639,0.5043179
246499,66.76345,135.13902,-122.14523,-0.1585245,0.6095715,9.628718,-0.02076942,-0.013591751,0.029932396,-0.32240534,-0.12645195,-0.9381176,0.2910187,-0.557091,0.57399863,0.52486503
246606,66.790215,134.20717,-122.80674,-0.18364912,0.61794645,9.635298,-0.026725354,-0.0154243475,0.030543262,-0.32405558,-0.11854724,-0.9385811,0.28971255,-0.5561509,0.5727913,0.52789485
246713,66.80045,132.83875,-123.7694,-0.16031912,0.62153566,9.7609215,-0.021685716,-0.010079276,0.03359759,-0.30787686,-0.12964785,-0.9425515,0.28760204,-0.55479765,0.5710736,0.5323153
246820,66.80422,132.37602,-124.09399,-0.15134603,0.60418767,9.5868435,-0.02321288,-0.01572978,0.03023783,-0.3062975,-0.13112538,-0.94286156,0.28689826,-0.55434275,0.57047206,0.53381187
246926,66.810234,131.46333,-124.74652,-0.18484555,0.61375904,9.632307,-0.019547688,-0.016646078,0.03145956,-0.3094831,-0.12593837,-0.94252837,0.2855758,-0.5533808,0.569331,0.53672934
247033,66.82932,128.66302,-126.71647,-0.15373884,0.6059823,9.631111,-0.02076942,-0.014660766,0.027488936,-0.31034952,-0.14364928,-0.9397064,0.2815213,-0.550569,0.5654929,0.5457447
247139,66.84441,128.16844,-127.0757,-0.1597209,0.60717875,9.579665,-0.021685716,-0.025198191,0.026725354,-0.31225383,-0.1453833,-0.93880844,0.2809621,-0.5500248,0.5647794,0.5473182
247246,66.816696,126.31401,-128.38202,-0.17407784,0.61914283,9.641878,-0.020922136,-0.010537425,0.030085113,-0.30438927,-0.12945011,-0.9437107,0.27816123,-0.5480966,0.5622802,0.55322456
247353,66.80463,125.85921,-128.6958,-0.15732808,0.60119665,9.635298,-0.023060162,-0.011759155,0.02977968,-0.3297556,-0.14199294,-0.93332696,0.2774216,-0.5476468,0.5616457,0.554684
247459,66.80463,125.85921,-128.6958,-0.15732808,0.60119665,9.635298,-0.023060162,-0.011759155,0.02977968,-0.3297556,-0.14199294,-0.93332696,0.2774216,-0.5476468,0.5616457,0.554684
247566,66.79577,123.92504,-130.07097,-0.15613168,0.6059823,9.628119,-0.021991149,-0.02351831,0.027488936,-0.3055526,-0.11274827,-0.9454763,0.27482873,-0.5455731,0.558838,0.5608201
247673,66.75644,123.023094,-130.70201,-0.15074782,0.6233303,9.633504,-0.018020526,-0.0154243475,0.030390546,-0.3388241,-0.14156908,-0.9301379,0.27336794,-0.544603,0.55762225,0.5636798
247779,66.75644,123.023094,-130.70201,-0.15074782,0.6233303,9.633504,-0.018020526,-0.0154243475,0.030390546,-0.3388241,-0.14156908,-0.9301379,0.27336794,-0.544603,0.55762225,0.5636798
247886,66.62785,118.63126,-133.79338,-0.15014961,0.61675,9.592826,-0.021380283,-0.02641992,0.027794369,-0.31524932,-0.14423515,-0.93798405,0.26711297,-0.5397963,0.5510571,0.577587
247993,66.62785,118.63126,-133.79338,-0.15014961,0.61675,9.592826,-0.021380283,-0.02641992,0.027794369,-0.31524932,-0.14423515,-0.93798405,0.26711297,-0.5397963,0.5510571,0.577587
248099,66.42973,114.71686,-136.53717,-0.17467603,0.60000026,9.61137,-0.019089539,-0.012980886,0.031001411,-0.33538467,-0.14384893,-0.93103415,0.261401,-0.53530484,0.5450222,0.5899738
248206,66.42973,114.71686,-136.53717,-0.17467603,0.60000026,9.61137,-0.019089539,-0.012980886,0.031001411,-0.33538467,-0.14384893,-0.93103415,0.261401,-0.53530484,0.5450222,0.5899738
248313,66.356094,113.74412,-137.20108,-0.18005991,0.6047859,9.616754,-0.02611449,-0.009773844,0.033292156,-0.31705263,-0.13957793,-0.93808085,0.25979862,-0.53420085,0.54348105,0.5930957
248419,66.356094,113.74412,-137.20108,-0.18005991,0.6047859,9.616754,-0.02611449,-0.009773844,0.033292156,-0.31705263,-0.13957793,-0.93808085,0.25979862,-0.53420085,0.54348105,0.5930957
248526,66.356094,113.74412,-137.20108,-0.18005991,0.6047859,9.616754,-0.02611449,-0.009773844,0.033292156,-0.31705263,-0.13957793,-0.93808085,0.25979862,-0.53420085,0.54348105,0.5930957
248633,66.23453,111.73931,-138.59703,-0.19920248,0.61495537,9.61795,-0.020158552,-0.019700404,0.029626964,-0.30899236,-0.14224912,-0.9403664,0.25693157,-0.53183454,0.54016966,0.59946215
248739,66.23453,111.73931,-138.59703,-0.19920248,0.61495537,9.61795,-0.020158552,-0.019700404,0.029626964,-0.30899236,-0.14224912,-0.9403664,0.25693157,-0.53183454,0.54016966,0.59946215
248846,66.23453,111.73931,-138.59703,-0.19920248,0.61495537,9.61795,-0.020158552,-0.019700404,0.029626964,-0.30899236,-0.14224912,-0.9403664,0.25693157,-0.53183454,0.54016966,0.59946215
248953,65.75974,106.38546,-142.24493,-0.16510475,0.5988038,9.624531,-0.021533,-0.013591751,0.028252516,-0.31918028,-0.12116253,-0.9399168,0.24848709,-0.5253104,0.5309977,0.6167208
249059,65.75974,106.38546,-142.24493,-0.16510475,0.5988038,9.624531,-0.021533,-0.013591751,0.028252516,-0.31918028,-0.12116253,-0.9399168,0.24848709,-0.5253104,0.5309977,0.6167208
249166,65.08908,100.648384,-146.081,-0.16570297,0.60837513,9.6071825,-0.018020526,-0.015271631,0.031001411,-0.33891398,-0.11832968,-0.93334633,0.23905322,-0.5177725,0.52041084,0.635561
249273,65.08908,100.648384,-146.081,-0.16570297,0.60837513,9.6071825,-0.018020526,-0.015271631,0.031001411,-0.33891398,-0.11832968,-0.93334633,0.23905322,-0.5177725,0.52041084,0.635561
249379,64.7645,98.22725,-147.68019,-0.1597209,0.5946164,9.632906,-0.024129178,-0.014049901,0.030390546,-0.3441807,-0.13978328,-0.9284397,0.23504722,-0.5144005,0.51565176,0.6436212
249486,64.565994,96.80001,-148.61652,-0.16510475,0.61375904,9.649057,-0.02031127,-0.010231993,0.027794369,-0.32074577,-0.12704645,-0.9386061,0.23270549,-0.51237506,0.5127352,0.6484
249593,64.565994,96.80001,-148.61652,-0.16510475,0.61375904,9.649057,-0.02031127,-0.010231993,0.027794369,-0.32074577,-0.12704645,-0.9386061,0.23270549,-0.51237506,0.5127352,0.6484
249699,64.565994,96.80001,-148.61652,-0.16510475,0.61375904,9.649057,-0.02031127,-0.010231993,0.027794369,-0.32074577,-0.12704645,-0.9386061,0.23270549,-0.51237506,0.5127352,0.6484
249806,63.811756,92.02426,-151.73323,-0.15194423,0.6053841,9.605388,-0.018478675,-0.02351831,0.031154126,-0.32681486,-0.1291427,-0.9362234,0.22479306,-0.5050946,0.50266665,0.6645854
249913,63.554615,90.66267,-152.57939,-0.15912269,0.59940207,9.602995,-0.022602012,-0.01695151,0.030695977,-0.3370505,-0.14160249,-0.93077695,0.22220656,-0.5029605,0.4996059,0.6693646
250019,63.554615,90.66267,-152.57939,-0.15912269,0.59940207,9.602995,-0.022602012,-0.01695151,0.030695977,-0.3370505,-0.14160249,-0.93077695,0.22220656,-0.5029605,0.4996059,0.6693646
250126,63.4685,90.20192,-152.85867,-0.18364912,0.62572306,9.620941,-0.025961772,-0.013439035,0.029321533,-0.33331782,-0.13661507,-0.9328642,0.22131257,-0.50226456,0.49851522,0.6709945
250234,63.4685,90.20192,-152.85867,-0.18364912,0.62572306,9.620941,-0.025961772,-0.013439035,0.029321533,-0.33331782,-0.13661507,-0.9328642,0.22131257,-0.50226456,0.49851522,0.6709945
250339,63.4685,90.20192,-152.85867,-0.18364912,0.62572306,9.620941,-0.025961772,-0.013439035,0.029321533,-0.33331782,-0.13661507,-0.9328642,0.22131257,-0.50226456,0.49851522,0.6709945
250446,62.125137,83.79235,-156.82524,-0.19501504,0.60837513,9.614361,-0.021838432,-0.017256944,0.03145956,-0.34210724,-0.14136237,-0.9289668,0.20946275,-0.49113908,0.48322278,0.69383246
250553,61.80363,82.38752,-157.68279,-0.1489532,0.5946164,9.591629,-0.021838432,-0.018325957,0.028710665,-0.3372206,-0.13886298,-0.93112797,0.20689201,-0.48851225,0.47964525,0.698922
250659,61.696392,81.946266,-157.93835,-0.18544376,0.6161518,9.625129,-0.023060162,-0.013591751,0.030085113,-0.3280747,-0.1391195,-0.9343515,0.2059854,-0.48770538,0.47846556,0.7005599
250766,61.585144,81.50627,-158.19121,-0.16331014,0.60358953,9.621539,-0.02351831,-0.014660766,0.030695977,-0.33722624,-0.12185043,-0.93350464,0.2050549,-0.48688295,0.47728714,0.70220685
250873,61.13582,79.6902,-159.2443,-0.15613168,0.7477571,9.644272,-0.02611449,-0.015271631,0.031001411,-0.31833103,-0.11828376,-0.94057125,0.20142476,-0.48345146,0.4723103,0.708961
250979,61.13582,79.6902,-159.2443,-0.15613168,0.7477571,9.644272,-0.02611449,-0.015271631,0.031001411,-0.31833103,-0.11828376,-0.94057125,0.20142476,-0.48345146,0.4723103,0.708961
251086,59.934082,75.27918,-161.74547,-0.17527425,0.60059845,9.619146,-0.021991149,-0.016340645,0.027030788,-0.3338396,-0.1252525,-0.93427134,0.19236001,-0.47445348,0.45960853,0.7257076
251193,59.934082,75.27918,-161.74547,-0.17527425,0.60059845,9.619146,-0.021991149,-0.016340645,0.027030788,-0.3338396,-0.1252525,-0.93427134,0.19236001,-0.47445348,0.45960853,0.7257076
251299,59.30274,73.14381,-162.91368,-0.15672988,0.60837513,9.6687975,-0.024281893,-0.017562376,0.03023783,-0.3175299,-0.11716787,-0.9409816,0.18781692,-0.4698296,0.4530396,0.7339891
251407,58.89892,71.85587,-163.62518,-0.17168503,0.6376872,9.646066,-0.017867807,-0.017104227,0.028863383,-0.31182098,-0.13752142,-0.9401359,0.18512888,-0.46682835,0.44904608,0.73902386
251513,58.344437,70.168884,-164.52573,-0.1806581,0.6095715,9.601798,-0.018936822,-0.0206167,0.028710665,-0.34672543,-0.11987031,-0.93027556,0.18142608,-0.46280763,0.4436082,0.7457248
251619,58.06127,69.35368,-164.94308,-0.16271193,0.6047859,9.608379,-0.020005837,-0.018325957,0.028710665,-0.33205312,-0.1339113,-0.9337069,0.179508,-0.46081644,0.44088984,0.7490269
251726,58.06127,69.35368,-164.94308,-0.16271193,0.6047859,9.608379,-0.020005837,-0.018325957,0.028710665,-0.33205312,-0.1339113,-0.9337069,0.179508,-0.46081644,0.44088984,0.7490269
251833,58.06127,69.35368,-164.94308,-0.16271193,0.6047859,9.608379,-0.020005837,-0.018325957,0.028710665,-0.33205312,-0.1339113,-0.9337069,0.179508,-0.46081644,0.44088984,0.7490269
251940,57.918533,68.93108,-165.16225,-0.16390835,0.6017949,9.652646,-0.023060162,-0.016340645,0.0290161,-0.32782653,-0.12728138,-0.93612456,0.17856707,-0.4597899,0.43946114,0.75072026
252046,56.406105,64.79712,-167.28706,-0.16151553,0.6017949,9.626924,-0.020463986,-0.020158552,0.02977968,-0.30668133,-0.13103586,-0.94274926,0.16928163,-0.44885907,0.42511234,0.76756024
252153,56.242798,64.373795,-167.50436,-0.1597209,0.62093747,9.59462,-0.022143863,-0.020922136,0.029932396,-0.3296607,-0.13384235,-0.9345641,0.16835321,-0.44766182,0.42359737,0.76929927
252259,55.27792,61.93075,-168.67769,-0.16929218,0.6131607,9.655637,-0.021838432,-0.02397646,0.02947425,-0.31636876,-0.13991849,-0.938261,0.16258712,-0.440806,0.4143448,0.77947026
252366,54.61339,60.340847,-169.39926,-0.18604195,0.6089733,9.612567,-0.0206167,-0.00870483,0.02977968,-0.33168954,-0.12617202,-0.9349132,0.15860808,-0.43616492,0.40802178,0.78620726
252473,54.445988,59.94314,-169.57883,-0.16450654,0.61495537,9.639485,-0.022449298,-0.014355333,0.02733622,-0.33931452,-0.1247934,-0.93235844,0.15762867,-0.43498725,0.4064096,0.78788996
252579,54.09431,59.127304,-169.9692,-0.19621144,0.6089733,9.696315,-0.02076942,-0.015118915,0.029932396,-0.32947156,-0.12948859,-0.9352439,0.15577197,-0.43242443,0.40316892,0.79132736
252686,54.09431,59.127304,-169.9692,-0.19621144,0.6089733,9.696315,-0.02076942,-0.015118915,0.029932396,-0.32947156,-0.12948859,-0.9352439,0.15577197,-0.43242443,0.40316892,0.79132736
252793,54.09431,59.127304,-169.9692,-0.19621144,0.6089733,9.696315,-0.02076942,-0.015118915,0.029932396,-0.32947156,-0.12948859,-0.9352439,0.15577197,-0.43242443,0.40316892,0.79132736
252899,52.044163,54.664803,-171.95866,-0.17168503,0.62871414,9.631709,-0.019089539,-0.0206167,0.032223143,-0.3217464,-0.13429041,-0.93725413,0.14496835,-0.41770923,0.38426298,0.81045985
253006,52.044163,54.664803,-171.95866,-0.17168503,0.62871414,9.631709,-0.019089539,-0.0206167,0.032223143,-0.3217464,-0.13429041,-0.93725413,0.14496835,-0.41770923,0.38426298,0.81045985
253113,51.247887,53.082752,-172.64049,-0.17527425,0.60059845,9.592228,-0.016340645,-0.02076942,0.028710665,-0.3282674,-0.14723362,-0.93303955,0.14107569,-0.41194642,0.3772368,0.81736785
253219,51.038483,52.67974,-172.81577,-0.1471586,0.5982056,9.6376915,-0.023365596,-0.022907447,0.02977968,-0.33325073,-0.14157394,-0.93214846,0.14010392,-0.4104145,0.37543216,0.81913465
253326,51.038483,52.67974,-172.81577,-0.1471586,0.5982056,9.6376915,-0.023365596,-0.022907447,0.02977968,-0.33325073,-0.14157394,-0.93214846,0.14010392,-0.4104145,0.37543216,0.81913465
253433,50.83479,52.27938,-172.98143,-0.16929218,0.61196434,9.600602,-0.025503622,-0.019242255,0.02855795,-0.32754463,-0.13781221,-0.9347311,0.13910745,-0.40894502,0.37358594,0.8208816
253539,48.526485,48.087273,-174.56706,-0.1597209,0.6023931,9.6012,-0.024587328,-0.02076942,0.02947425,-0.31501263,-0.116793945,-0.9418738,0.1277795,-0.39245775,0.35323957,0.83956605
253646,47.861023,46.931805,-174.9945,-0.1489532,0.6305087,9.636495,-0.022602012,-0.018936822,0.025045475,-0.328721,-0.123443425,-0.93632483,0.12475584,-0.3876206,0.34737793,0.8446981
253753,47.186306,45.798233,-175.40286,-0.16151553,0.5988038,9.593424,-0.021533,-0.018936822,0.025961772,-0.32382315,-0.13041946,-0.93708557,0.121754,-0.38270202,0.3415101,0.8497564
253859,46.247475,44.28936,-175.92213,-0.16630118,0.61076796,9.639485,-0.02855795,-0.0125227375,0.03023783,-0.31326982,-0.14340924,-0.9387736,0.1176335,-0.37585276,0.3335012,0.8565477
253966,46.247475,44.28936,-175.92213,-0.16630118,0.61076796,9.639485,-0.02855795,-0.0125227375,0.03023783,-0.31326982,-0.14340924,-0.9387736,0.1176335,-0.37585276,0.3335012,0.8565477
254073,44.79908,42.08315,-176.63173,-0.19561325,0.60059845,9.645468,-0.024129178,-0.009162978,0.03481932,-0.31959355,-0.14368436,-0.9365974,0.11139958,-0.3652561,0.3213591,0.8665486
254179,44.5458,41.704144,-176.75493,-0.15912269,0.61854464,9.646066,-0.025809057,-0.023365596,0.02855795,-0.3169725,-0.116873965,-0.9412061,0.110373944,-0.3633786,0.3192372,0.8682518
254286,43.308502,39.901688,-177.29004,-0.16809578,0.6095715,9.667003,-0.02076942,-0.00870483,0.027030788,-0.3228554,-0.13734159,-0.9364303,0.10521541,-0.35426137,0.30884278,0.87638164
254393,43.043274,39.533073,-177.40773,-0.15672988,0.57846487,9.635298,-0.021533,-0.023365596,0.027488936,-0.3289069,-0.12877846,-0.9355407,0.10423062,-0.35226512,0.30671984,0.87804794
254499,41.715717,37.727234,-177.92714,-0.17168503,0.60059845,9.583255,-0.027488936,-0.019700404,0.027794369,-0.31202865,-0.13578552,-0.9403193,0.09910334,-0.34233746,0.29598472,0.8862148
254606,40.916466,36.658928,-178.19563,-0.17228322,0.60837513,9.618548,-0.02397646,-0.013897184,0.028099801,-0.3317929,-0.13835038,-0.933152,0.09590125,-0.33638915,0.28938478,0.89101166
254713,40.62477,36.297462,-178.30455,-0.16450654,0.61675,9.625129,-0.021838432,-0.02687807,0.028863383,-0.3112849,-0.14104846,-0.93979096,0.09493176,-0.33415437,0.28720233,0.892661
254819,40.055237,35.582935,-178.49301,-0.17407784,0.60777694,9.622736,-0.024892759,-0.025198191,0.029932396,-0.30935273,-0.13531747,-0.9412705,0.09287032,-0.3298413,0.2827628,0.89589345
254926,39.496998,34.88762,-178.66005,-0.1489532,0.60418767,9.600004,-0.0206167,-0.013897184,0.02733622,-0.3247722,-0.15006231,-0.9338117,0.09078391,-0.32562992,0.27835074,0.89902407
255033,37.72443,32.78904,-179.1499,-0.16031912,0.59940207,9.577272,-0.02565634,-0.016798794,0.03145956,-0.31507182,-0.14525276,-0.93788666,0.08451229,-0.3121215,0.26478437,0.90847516
255139,37.72443,32.78904,-179.1499,-0.16031912,0.59940207,9.577272,-0.02565634,-0.016798794,0.03145956,-0.31507182,-0.14525276,-0.93788666,0.08451229,-0.3121215,0.26478437,0.90847516
255246,37.43423,32.454247,-179.21896,-0.17587246,0.60059845,9.633504,-0.022296581,-0.019547688,0.029932396,-0.32480973,-0.12480323,-0.9375088,0.083472766,-0.30990866,0.26256087,0.9099729
255353,34.667347,29.389654,-179.81679,-0.16689937,0.60717875,9.613165,-0.02657264,-0.020463986,0.02977968,-0.3096361,-0.1305718,-0.9418474,0.07410115,-0.28857747,0.24168928,0.92348164
255459,34.667347,29.389654,-179.81679,-0.16689937,0.60717875,9.613165,-0.02657264,-0.020463986,0.02977968,-0.3096361,-0.1305718,-0.9418474,0.07410115,-0.28857747,0.24168928,0.92348164
255566,34.667347,29.389654,-179.81679,-0.16689937,0.60717875,9.613165,-0.02657264,-0.020463986,0.02977968,-0.3096361,-0.1305718,-0.9418474,0.07410115,-0.28857747,0.24168928,0.92348164
255673,32.75611,27.399734,179.87373,-0.18185452,0.61854464,9.613165,-0.022449298,-0.01740966,0.030848695,-0.32235914,-0.14025591,-0.93616927,0.06780857,-0.27370125,0.22752729,0.932052
255779,32.75611,27.399734,179.87373,-0.18185452,0.61854464,9.613165,-0.022449298,-0.01740966,0.030848695,-0.32235914,-0.14025591,-0.93616927,0.06780857,-0.27370125,0.22752729,0.932052
255886,32.75611,27.399734,179.87373,-0.18185452,0.61854464,9.613165,-0.022449298,-0.01740966,0.030848695,-0.32235914,-0.14025591,-0.93616927,0.06780857,-0.27370125,0.22752729,0.932052
255993,32.08567,26.742884,179.77902,-0.15314065,0.5910272,9.67119,-0.02367103,-0.02565634,0.031154126,-0.3295343,-0.1457635,-0.9328238,0.06571384,-0.26843518,0.22277461,0.9348774
256099,28.733995,23.539345,179.40276,-0.17647067,0.6017949,9.620941,-0.023823744,-0.018325957,0.028710665,-0.3103234,-0.14468715,-0.93955576,0.05555545,-0.24188194,0.19886209,0.94808257
256206,28.733995,23.539345,179.40276,-0.17647067,0.6017949,9.620941,-0.023823744,-0.018325957,0.028710665,-0.3103234,-0.14468715,-0.93955576,0.05555545,-0.24188194,0.19886209,0.94808257
256313,25.959362,21.064388,179.24997,-0.1477568,0.61555356,9.64487,-0.02107485,-0.01695151,0.02977968,-0.32117936,-0.13085635,-0.9379341,0.047324773,-0.21965088,0.1795592,0.95774335
256419,24.892582,20.137852,179.22215,-0.18723837,0.62452674,9.616754,-0.025961772,-0.019394971,0.029932396,-0.3269503,-0.13061073,-0.9359724,0.044206202,-0.21104111,0.17216042,0.9611806
256526,23.807476,19.236256,179.20107,-0.17766707,0.61794645,9.619146,-0.02397646,-0.01771509,0.029168814,-0.30166474,-0.11345439,-0.9466396,0.041188747,-0.2022238,0.16490163,0.9644773
256633,22.730663,18.32644,179.19313,-0.16809578,0.6227321,9.635298,-0.02657264,-0.018020526,0.02855795,-0.32483378,-0.13852638,-0.9355712,0.0381962,-0.19344525,0.15749073,0.96763456
256739,21.617374,17.447165,179.20377,-0.1794617,0.59940207,9.598209,-0.02076942,-0.019547688,0.0290161,-0.32297507,-0.11958069,-0.93882245,0.035187755,-0.18432118,0.15026127,0.9706746
256846,21.617374,17.447165,179.20377,-0.1794617,0.59940207,9.598209,-0.02076942,-0.019547688,0.0290161,-0.32297507,-0.11958069,-0.93882245,0.035187755,-0.18432118,0.15026127,0.9706746
256953,19.374613,15.741626,179.28377,-0.17108682,0.58923256,9.632906,-0.02611449,-0.016646078,0.0290161,-0.31026196,-0.13403034,-0.9411553,0.02914564,-0.16583882,0.13602647,0.97629136
257059,18.60761,15.189511,179.31702,-0.17347963,0.60000026,9.615558,-0.022907447,-0.024740042,0.027947085,-0.32901835,-0.13725862,-0.93429494,0.027196852,-0.15947093,0.13137981,0.9780433
257166,18.60761,15.189511,179.31702,-0.17347963,0.60000026,9.615558,-0.022907447,-0.024740042,0.027947085,-0.32901835,-0.13725862,-0.93429494,0.027196852,-0.15947093,0.13137981,0.9780433
257273,16.237799,13.5955305,179.4182,-0.16869399,0.58683974,9.622137,-0.02641992,-0.02107485,0.02855795,-0.30928198,-0.14879265,-0.9392579,0.021707192,-0.13963823,0.11788937,0.98292017
257379,15.86338,13.334629,179.44934,-0.16570297,0.58564335,9.608379,-0.020922136,-0.006414085,0.03023783,-0.3238023,-0.13474819,-0.9364801,0.020748526,-0.13650496,0.115650706,0.9836467
257486,15.86338,13.334629,179.44934,-0.16570297,0.58564335,9.608379,-0.020922136,-0.006414085,0.03023783,-0.3238023,-0.13474819,-0.9364801,0.020748526,-0.13650496,0.115650706,0.9836467
257593,15.86338,13.334629,179.44934,-0.16570297,0.58564335,9.608379,-0.020922136,-0.006414085,0.03023783,-0.3238023,-0.13474819,-0.9364801,0.020748526,-0.13650496,0.115650706,0.9836467
257699,15.86338,13.334629,179.44934,-0.16570297,0.58564335,9.608379,-0.020922136,-0.006414085,0.03023783,-0.3238023,-0.13474819,-0.9364801,0.020748526,-0.13650496,0.115650706,0.9836467
257806,10.202207,9.892237,179.85043,-0.16749758,0.61076796,9.613763,-0.02641992,-0.019394971,0.027794369,-0.32698038,-0.14565913,-0.9337383,0.008961276,-0.08847021,0.08599294,0.99231946
257913,10.202207,9.892237,179.85043,-0.16749758,0.61076796,9.613763,-0.02641992,-0.019394971,0.027794369,-0.32698038,-0.14565913,-0.9337383,0.008961276,-0.08847021,0.08599294,0.99231946
258019,7.7417912,8.517767,-179.9242,-0.18843476,0.6275177,9.610772,-0.021685716,-0.015577063,0.03176499,-0.3189371,-0.13582937,-0.9379923,0.004355258,-0.06737108,0.074049145,0.9949668
258126,7.7417912,8.517767,-179.9242,-0.18843476,0.6275177,9.610772,-0.021685716,-0.015577063,0.03176499,-0.3189371,-0.13582937,-0.9379923,0.004355258,-0.06737108,0.074049145,0.9949668
258233,5.6515865,7.463731,-179.77696,-0.19621144,0.60777694,9.772287,-0.02443461,-0.02397646,0.025045475,-0.3233017,-0.12418453,-0.938112,0.0012688818,-0.049321305,0.064912274,0.99667054
258339,5.6515865,7.463731,-179.77696,-0.19621144,0.60777694,9.772287,-0.02443461,-0.02397646,0.025045475,-0.3233017,-0.12418453,-0.938112,0.0012688818,-0.049321305,0.064912274,0.99667054
258446,5.248044,7.2416353,-179.7342,-0.15074782,0.61076796,9.60479,-0.021533,-0.01450805,0.030085113,-0.3179368,-0.11926494,-0.9405807,0.0005788704,-0.045836635,0.06298077,0.9969614
258552,3.5503962,6.485968,-179.65964,-0.16630118,0.60717875,9.61795,-0.024892759,-0.014813482,0.030848695,-0.32880214,-0.13014674,-0.93538815,-0.0012116625,-0.0310963,0.05645127,0.9979202
258659,3.5503962,6.485968,-179.65964,-0.16630118,0.60717875,9.61795,-0.024892759,-0.014813482,0.030848695,-0.32880214,-0.13014674,-0.93538815,-0.0012116625,-0.0310963,0.05645127,0.9979202
258766,3.5503962,6.485968,-179.65964,-0.16630118,0.60717875,9.61795,-0.024892759,-0.014813482,0.030848695,-0.32880214,-0.13014674,-0.93538815,-0.0012116625,-0.0310963,0.05645127,0.9979202
258873,3.5503962,6.485968,-179.65964,-0.16630118,0.60717875,9.61795,-0.024892759,-0.014813482,0.030848695,-0.32880214,-0.13014674,-0.93538815,-0.0012116625,-0.0310963,0.05645127,0.9979202
258979,2.2739205,5.957058,-179.64304,-0.15792629,0.62632126,9.632307,-0.024587328,-0.025961772,0.029932396,-0.3057952,-0.12378392,-0.94401634,-0.00207918,-0.019977326,0.051889516,0.9984508
259086,0.68675613,5.0047884,176.41794,-0.15493526,0.60717875,9.59462,-0.02351831,-0.016493361,0.02977968,-0.2972982,-0.12599155,-0.9464354,0.031485498,-0.004619827,0.04382615,0.99853224
259193,0.68675613,5.0047884,176.41794,-0.15493526,0.60717875,9.59462,-0.02351831,-0.016493361,0.02977968,-0.2972982,-0.12599155,-0.9464354,0.031485498,-0.004619827,0.04382615,0.99853224
259299,0.68675613,5.0047884,176.41794,-0.15493526,0.60717875,9.59462,-0.02351831,-0.016493361,0.02977968,-0.2972982,-0.12599155,-0.9464354,0.031485498,-0.004619827,0.04382615,0.99853224
259406,0.71621907,5.2352614,176.18124,-0.15613168,0.61675,9.612567,-0.019700404,-0.01817324,0.028863383,-0.32623854,-0.13989908,-0.9348779,0.033568576,-0.004718513,0.045852162,0.9983729
259512,0.71097606,5.067473,175.86334,-0.15493526,0.59641105,9.605986,-0.017867807,-0.016340645,0.03145956,-0.30402443,-0.13530138,-0.94300723,0.03632938,-0.0045988145,0.044401683,0.9983424
259619,0.71097606,5.067473,175.86334,-0.15493526,0.59641105,9.605986,-0.017867807,-0.016340645,0.03145956,-0.30402443,-0.13530138,-0.94300723,0.03632938,-0.0045988145,0.044401683,0.9983424
259726,0.71097606,5.067473,175.86334,-0.15493526,0.59641105,9.605986,-0.017867807,-0.016340645,0.03145956,-0.30402443,-0.13530138,-0.94300723,0.03632938,-0.0045988145,0.044401683,0.9983424
259833,0.71097606,5.067473,175.86334,-0.15493526,0.59641105,9.605986,-0.017867807,-0.016340645,0.03145956,-0.30402443,-0.13530138,-0.94300723,0.03632938,-0.0045988145,0.044401683,0.9983424
259939,0.71097606,5.067473,175.86334,-0.15493526,0.59641105,9.605986,-0.017867807,-0.016340645,0.03145956,-0.30402443,-0.13530138,-0.94300723,0.03632938,-0.0045988145,0.044401683,0.9983424
260046,0.73908085,4.4230537,172.44684,-0.17527425,0.61375904,9.6071825,-0.023365596,-0.015118915,0.031306844,-0.31622413,-0.12974079,-0.93977106,0.066064,-0.0038892105,0.03892874,0.99704814
260153,0.73908085,4.4230537,172.44684,-0.17527425,0.61375904,9.6071825,-0.023365596,-0.015118915,0.031306844,-0.31622413,-0.12974079,-0.93977106,0.066064,-0.0038892105,0.03892874,0.99704814
260259,0.73908085,4.4230537,172.44684,-0.17527425,0.61375904,9.6071825,-0.023365596,-0.015118915,0.031306844,-0.31622413,-0.12974079,-0.93977106,0.066064,-0.0038892105,0.03892874,0.99704814
260366,0.73908085,4.4230537,172.44684,-0.17527425,0.61375904,9.6071825,-0.023365596,-0.015118915,0.031306844,-0.31622413,-0.12974079,-0.93977106,0.066064,-0.0038892105,0.03892874,0.99704814
260473,0.8779789,4.6275086,170.91318,-0.18604195,0.6023931,9.61795,-0.021533,-0.012370021,0.02977968,-0.31347147,-0.15525082,-0.93682057,0.07945579,-0.0044335127,0.040850036,0.9959912
260579,0.8779789,4.6275086,170.91318,-0.18604195,0.6023931,9.61795,-0.021533,-0.012370021,0.02977968,-0.31347147,-0.15525082,-0.93682057,0.07945579,-0.0044335127,0.040850036,0.9959912
260686,0.8587459,3.8988128,170.3537,-0.18903299,0.61555356,9.646066,-0.024892759,-0.01817324,0.031001411,-0.3193024,-0.13233618,-0.93836725,0.08428348,-0.0046029584,0.034525312,0.99583286
260793,0.7343493,3.670975,170.24266,-0.16749758,0.6173482,9.676575,-0.0206167,-0.016646078,0.028863383,-0.30295834,-0.12290373,-0.9450455,0.08520507,-0.0036579191,0.032457847,0.9958279
260899,0.8570515,4.39585,169.77368,-0.1806581,0.6275177,9.636495,-0.016798794,-0.013591751,0.028252516,-0.32690954,-0.14184049,-0.9343508,0.08934063,-0.004025957,0.03886401,0.9952345
261006,0.8570515,4.39585,169.77368,-0.1806581,0.6275177,9.636495,-0.016798794,-0.013591751,0.028252516,-0.32690954,-0.14184049,-0.9343508,0.08934063,-0.004025957,0.03886401,0.9952345
261113,0.8570515,4.39585,169.77368,-0.1806581,0.6275177,9.636495,-0.016798794,-0.013591751,0.028252516,-0.32690954,-0.14184049,-0.9343508,0.08934063,-0.004025957,0.03886401,0.9952345
261219,0.8570515,4.39585,169.77368,-0.1806581,0.6275177,9.636495,-0.016798794,-0.013591751,0.028252516,-0.32690954,-0.14184049,-0.9343508,0.08934063,-0.004025957,0.03886401,0.9952345
261326,0.6713841,3.969302,168.99,-0.14596218,0.61136615,9.6347,-0.021227568,-0.0077885315,0.029626964,-0.29929873,-0.13299651,-0.9448451,0.09607536,-0.0025061197,0.03503317,0.9947542
261433,0.9498947,3.9294016,168.82164,-0.16211373,0.58983076,9.5766735,-0.020158552,-0.020158552,0.025809057,-0.30870357,-0.1356531,-0.9414353,0.09761719,-0.004906089,0.034926478,0.99459887
261539,0.7851724,3.741625,168.44566,-0.1794617,0.6065805,9.583853,-0.021380283,-0.020158552,0.02565634,-0.30350557,-0.13575366,-0.9431094,0.10082631,-0.0035273675,0.033168804,0.9943447
261646,0.8306688,3.8662477,168.18391,-0.16091733,0.62452674,9.634102,-0.024892759,-0.024281893,0.031154126,-0.32696477,-0.14135587,-0.9344049,0.103114106,-0.0037341658,0.034298636,0.994071
261753,0.90102345,3.4917865,168.02022,-0.17527425,0.48394835,9.650851,-0.02565634,-0.01450805,0.028863383,-0.33641395,-0.14798638,-0.93001384,0.10453958,-0.0046370625,0.031119723,0.9940229
261859,0.7766783,3.6929297,168.04713,-0.16689937,0.5988038,9.644272,-0.021838432,-0.016035212,0.026725354,-0.3255145,-0.14520128,-0.93432164,0.10428009,-0.0033826216,0.032750774,0.9940028
261966,0.7766783,3.6929297,168.04713,-0.16689937,0.5988038,9.644272,-0.021838432,-0.016035212,0.026725354,-0.3255145,-0.14520128,-0.93432164,0.10428009,-0.0033826216,0.032750774,0.9940028
262073,0.7766783,3.6929297,168.04713,-0.16689937,0.5988038,9.644272,-0.021838432,-0.016035212,0.026725354,-0.3255145,-0.14520128,-0.93432164,0.10428009,-0.0033826216,0.032750774,0.9940028
262179,0.7766783,3.6929297,168.04713,-0.16689937,0.5988038,9.644272,-0.021838432,-0.016035212,0.026725354,-0.3255145,-0.14520128,-0.93432164,0.10428009,-0.0033826216,0.032750774,0.9940028
262286,0.7766783,3.6929297,168.04713,-0.16689937,0.5988038,9.644272,-0.021838432,-0.016035212,0.026725354,-0.3255145,-0.14520128,-0.93432164,0.10428009,-0.0033826216,0.032750774,0.9940028
262393,0.88474536,3.844637,167.87346,-0.1896312,0.6053841,9.60479,-0.0206167,-0.0071776663,0.033750307,-0.3138469,-0.13397393,-0.939974,0.10582153,-0.004130187,0.034170907,0.99378926
262499,0.92027533,3.7604012,168.48561,-0.1794617,0.60837513,9.586246,-0.021227568,-0.015882496,0.030085113,-0.32846066,-0.13093597,-0.935398,0.100517906,-0.004694878,0.033448417,0.99436176
262606,0.92027533,3.7604012,168.48561,-0.1794617,0.60837513,9.586246,-0.021227568,-0.015882496,0.030085113,-0.32846066,-0.13093597,-0.935398,0.100517906,-0.004694878,0.033448417,0.99436176
262713,0.79928684,3.996847,168.36375,-0.1698904,0.61016977,9.613165,-0.025045475,-0.020922136,0.02733622,-0.29764462,-0.13318273,-0.9453412,0.10154881,-0.0033999642,0.03539815,0.99419475
262819,0.6123894,3.2574196,168.16061,-0.17527425,0.61196434,9.634102,-0.01817324,-0.02855795,0.02977968,-0.32478452,-0.122943506,-0.9377633,0.10324243,-0.0023821348,0.028821487,0.9942357
262926,0.7557051,3.9174874,168.06598,-0.15194423,0.60777694,9.614361,-0.024281893,-0.01328632,0.02977968,-0.31475434,-0.13634259,-0.93932974,0.10411699,-0.003002042,0.0346791,0.99395573
263033,0.69857085,3.4147842,168.34178,-0.17168503,0.6239284,9.628119,-0.021991149,-0.012370021,0.02977968,-0.3138737,-0.119729035,-0.9418855,0.10169551,-0.0030359307,0.030259449,0.9943506
263139,0.73106205,3.8876998,168.24013,-0.16749758,0.5982056,9.6484585,-0.022449298,-0.016646078,0.02855795,-0.33285898,-0.14485955,-0.93178356,0.10259844,-0.0028676153,0.034394108,0.99412394
263246,0.9841264,3.9228857,168.28136,-0.18364912,0.6065805,9.608977,-0.027641652,-0.01328632,0.03176499,-0.32807297,-0.13787664,-0.93453634,0.1023151,-0.0050441716,0.034923084,0.994126
263353,0.7168287,3.811489,168.33546,-0.15792629,0.60837513,9.623933,-0.020922136,-0.016798794,0.02977968,-0.31638846,-0.13948087,-0.93831944,0.10176529,-0.0028404163,0.033717904,0.9942328
263459,0.6564134,3.7265868,168.1938,-0.16390835,0.59341997,9.61137,-0.021991149,-0.015271631,0.029626964,-0.3000214,-0.13666616,-0.9440919,0.1029755,-0.0023508884,0.032930743,0.99413586
263566,0.87297153,4.135389,168.01286,-0.1597209,0.5820541,9.516255,-0.021685716,-0.011453724,0.03145956,-0.32039765,-0.1509962,-0.93517137,0.104619116,-0.0038041908,0.03667691,0.99382854
263673,0.8601521,3.452967,167.93088,-0.16091733,0.59940207,9.646066,-0.024587328,-0.01695151,0.027947085,-0.31295177,-0.13288325,-0.9404272,0.10530253,-0.0042939456,0.030749219,0.99395543
263779,0.8610484,3.7939844,167.87363,-0.16151553,0.60837513,9.672387,-0.023823744,-0.016340645,0.030848695,-0.3145587,-0.15285945,-0.9368494,0.10581166,-0.0039714845,0.03370984,0.9938067
263887,1.0627558,4.170205,167.55527,-0.1902294,0.5838487,9.612567,-0.021380283,-0.0154243475,0.029168814,-0.30566713,-0.1504051,-0.940184,0.10864646,-0.005270035,0.037172507,0.99337125
263993,1.0627558,4.170205,167.55527,-0.1902294,0.5838487,9.612567,-0.021380283,-0.0154243475,0.029168814,-0.30566713,-0.1504051,-0.940184,0.10864646,-0.005270035,0.037172507,0.99337125
264099,1.0627558,4.170205,167.55527,-0.1902294,0.5838487,9.612567,-0.021380283,-0.0154243475,0.029168814,-0.30566713,-0.1504051,-0.940184,0.10864646,-0.005270035,0.037172507,0.99337125
264206,0.8783732,3.5853922,167.50595,-0.15194423,0.61196434,9.602397,-0.028252516,-0.017562376,0.030848695,-0.30781847,-0.13425778,-0.941925,0.108997144,-0.0042119278,0.03193035,0.9935202
264313,0.78345376,3.763651,167.70702,-0.16869399,0.5988038,9.51147,-0.027641652,-0.017867807,0.03176499,-0.3138094,-0.14321356,-0.9386232,0.107233904,-0.003277973,0.033380244,0.9936679
264419,0.8589724,3.9464116,167.74556,-0.16929218,0.61555356,9.646664,-0.01740966,-0.020005837,0.028710665,-0.3225487,-0.13673286,-0.93662506,0.106926754,-0.0037735782,0.03503408,0.99364233
264526,0.8589724,3.9464116,167.74556,-0.16929218,0.61555356,9.646664,-0.01740966,-0.020005837,0.028710665,-0.3225487,-0.13673286,-0.93662506,0.106926754,-0.0037735782,0.03503408,0.99364233
264633,0.8804485,3.719941,167.69373,-0.16271193,0.47796628,9.598807,-0.023365596,-0.0125227375,0.027030788,-0.31428638,-0.14795914,-0.93772715,0.10737454,-0.004156168,0.033092078,0.9936591
264739,0.8804485,3.719941,167.69373,-0.16271193,0.47796628,9.598807,-0.023365596,-0.0125227375,0.027030788,-0.31428638,-0.14795914,-0.93772715,0.10737454,-0.004156168,0.033092078,0.9936591
264846,0.8804485,3.719941,167.69373,-0.16271193,0.47796628,9.598807,-0.023365596,-0.0125227375,0.027030788,-0.31428638,-0.14795914,-0.93772715,0.10737454,-0.004156168,0.033092078,0.9936591
264953,1.1184858,3.6928642,168.04349,-0.2943172,0.5623133,9.609575,-0.021685716,-0.01817324,0.027794369,-0.2987967,-0.13374685,-0.944898,0.10440474,-0.0063466905,0.033060018,0.99396497
265059,0.7733317,3.8050756,168.02486,-0.16570297,0.5928218,9.6484585,-0.024892759,-0.009162978,0.027947085,-0.30614954,-0.13614455,-0.94219804,0.10447569,-0.0032449781,0.03372115,0.9939503
265166,0.72761565,3.6524937,167.9929,-0.16749758,0.5916254,9.60479,-0.021838432,-0.02076942,0.028405234,-0.307527,-0.13477147,-0.9419468,0.10473612,-0.002978494,0.032356966,0.9939691
265273,0.72761565,3.6524937,167.9929,-0.16749758,0.5916254,9.60479,-0.021838432,-0.02076942,0.028405234,-0.307527,-0.13477147,-0.9419468,0.10473612,-0.002978494,0.032356966,0.9939691
265379,0.72761565,3.6524937,167.9929,-0.16749758,0.5916254,9.60479,-0.021838432,-0.02076942,0.028405234,-0.307527,-0.13477147,-0.9419468,0.10473612,-0.002978494,0.032356966,0.9939691
265486,0.70974416,3.4270735,167.71889,-0.17228322,0.6203393,9.616754,-0.023365596,-0.014660766,0.028405234,-0.31179404,-0.12876013,-0.9413848,0.10710215,-0.0029568214,0.030392488,0.993779
265593,0.70974416,3.4270735,167.71889,-0.17228322,0.6203393,9.616754,-0.023365596,-0.014660766,0.028405234,-0.31179404,-0.12876013,-0.9413848,0.10710215,-0.0029568214,0.030392488,0.993779
265699,0.7468441,3.6226506,167.64346,-0.17766707,0.6089733,9.609575,-0.025503622,-0.015577063,0.031306844,-0.31746006,-0.13256778,-0.9389595,0.10777104,-0.0030746183,0.032125138,0.9936518
265806,0.7468441,3.6226506,167.64346,-0.17766707,0.6089733,9.609575,-0.025503622,-0.015577063,0.031306844,-0.31746006,-0.13256778,-0.9389595,0.10777104,-0.0030746183,0.032125138,0.9936518
265913,0.7916276,3.7324858,167.67522,-0.16929218,0.5958128,9.608379,-0.020158552,-0.015118915,0.026267204,-0.31295434,-0.13842708,-0.9396263,0.10751099,-0.0033688303,0.03311855,0.99364644
266019,0.8020408,3.2567384,167.25269,-0.16929218,0.5826523,9.623334,-0.02565634,-0.015118915,0.029626964,-0.3264675,-0.13443796,-0.93559897,0.11116213,-0.003798495,0.029016912,0.9933713
266126,0.8020408,3.2567384,167.25269,-0.16929218,0.5826523,9.623334,-0.02565634,-0.015118915,0.029626964,-0.3264675,-0.13443796,-0.93559897,0.11116213,-0.003798495,0.029016912,0.9933713
266233,0.8020408,3.2567384,167.25269,-0.16929218,0.5826523,9.623334,-0.02565634,-0.015118915,0.029626964,-0.3264675,-0.13443796,-0.93559897,0.11116213,-0.003798495,0.029016912,0.9933713
266339,0.8020408,3.2567384,167.25269,-0.16929218,0.5826523,9.623334,-0.02565634,-0.015118915,0.029626964,-0.3264675,-0.13443796,-0.93559897,0.11116213,-0.003798495,0.029016912,0.9933713
266446,0.7081367,3.6040738,167.37358,-0.16630118,0.5952146,9.652048,-0.022907447,-0.016798794,0.025350908,-0.31819087,-0.1402452,-0.9375958,0.11010018,-0.002681227,0.03193419,0.99340373
266553,0.81099033,3.8564978,167.27481,-0.18544376,0.61375904,9.590433,-0.023060162,-0.019394971,0.027030788,-0.3205857,-0.14914933,-0.9354033,0.11099128,-0.003300816,0.034223694,0.99322647
266659,0.7494897,4.0939565,166.93185,-0.15314065,0.5958128,9.630512,-0.02397646,-0.017104227,0.028710665,-0.31016505,-0.15598983,-0.93779784,0.11395108,-0.0024293421,0.036229927,0.9928226
266766,0.82458425,3.9805858,166.78369,-0.1698904,0.62452674,9.605986,-0.030543262,-0.018936822,0.029321533,-0.31205398,-0.14400762,-0.93908685,0.11525431,-0.003147083,0.035326134,0.99270266
266873,0.69174635,3.5081956,166.66158,-0.1597209,0.5874379,9.6484585,-0.0206167,-0.018478675,0.029321533,-0.3255145,-0.14520128,-0.93432164,0.116264045,-0.0024380405,0.031103058,0.99272823
266979,0.62873745,3.2370198,166.76962,-0.14416756,0.5808577,9.6275215,-0.02611449,-0.023060162,0.025961772,-0.32158414,-0.13548182,-0.9371384,0.11530667,-0.0021943008,0.028687926,0.9929132
267086,0.72346854,3.5720975,166.74124,-0.16929218,0.62632126,9.622736,-0.023060162,-0.014202617,0.02641992,-0.31079105,-0.14526877,-0.9393114,0.11558362,-0.0026700571,0.03168688,0.9927886
267193,0.7872464,3.9195068,166.62756,-0.1585245,0.61555356,9.635897,-0.030848695,-0.01863139,0.029168814,-0.30918562,-0.14487462,-0.9399019,0.116594344,-0.0028376689,0.034763508,0.992567
267299,0.8467236,3.9571476,166.50018,-0.1597209,0.6059823,9.677772,-0.023365596,-0.022449298,0.02641992,-0.30283222,-0.1542943,-0.9404711,0.117715836,-0.003275498,0.03515347,0.99241954
267406,0.81776595,4.0424104,166.27306,-0.18005991,0.5946164,9.629914,-0.021838432,-0.018478675,0.029626964,-0.30749065,-0.15844391,-0.93826705,0.119676374,-0.0028660255,0.03586801,0.9921607
267513,0.8265975,3.6759677,166.11453,-0.19501504,0.5988038,9.641878,-0.023060162,-0.01740966,0.0290161,-0.33271724,-0.148969,-0.9311861,0.121041514,-0.0032799477,0.032708842,0.992103
267619,0.8209479,4.0556335,166.05023,-0.1794617,0.6059823,9.615558,-0.02565634,-0.013744468,0.030390546,-0.314911,-0.171138,-0.9335646,0.1216067,-0.002809787,0.03599134,0.99192166
267726,0.7589958,3.2466187,166.408,-0.17766707,0.6269195,9.629914,-0.021685716,-0.015271631,0.02733622,-0.31037003,-0.13096686,-0.9415509,0.1184708,-0.0032221177,0.028912112,0.9925313
267833,0.76975954,3.77489,166.43704,-0.15792629,0.5880361,9.598209,-0.02367103,-0.02275473,0.023823744,-0.30981737,-0.14910848,-0.93903136,0.11823593,-0.0027776402,0.03349778,0.99241644
267939,0.91873395,3.581276,166.52826,-0.18305092,0.56889355,9.617352,-0.019089539,-0.018478675,0.03268129,-0.3162997,-0.13905472,-0.93841267,0.1174802,-0.00429318,0.031970676,0.9925512
268046,0.91873395,3.581276,166.52826,-0.18305092,0.56889355,9.617352,-0.019089539,-0.018478675,0.03268129,-0.3162997,-0.13905472,-0.93841267,0.1174802,-0.00429318,0.031970676,0.9925512
268153,0.7814178,3.7798758,166.58926,-0.14356935,0.58923256,9.626325,-0.026267204,-0.017256944,0.02733622,-0.32496098,-0.1494549,-0.93384343,0.11692086,-0.0029180367,0.033549096,0.9925701
268259,0.74500716,3.4664142,166.71614,-0.16570297,0.58325046,9.690931,-0.019394971,-0.025198191,0.0290161,-0.32188955,-0.13814609,-0.93664443,0.11580404,-0.0029565284,0.030793557,0.9927902
