timestamp,magn_x,magn_y,magn_z
0,0.090720005,0.27076,-0.39522
1,0.090720005,0.27076,-0.39522
20,0.090720005,0.27076,-0.39522
20,0.090720005,0.27076,-0.39522
41,0.0847,0.26586002,-0.38934
42,0.0847,0.26586002,-0.38934
63,0.0847,0.26586002,-0.38934
63,0.0847,0.26586002,-0.38934
84,0.089880005,0.25214002,-0.3892
84,0.089880005,0.25214002,-0.3892
105,0.08568,0.24066001,-0.39130002
127,0.08568,0.24066001,-0.39130002
127,0.08568,0.24066001,-0.39130002
148,0.086660005,0.22092001,-0.38346002
148,0.086660005,0.22092001,-0.38346002
169,0.084,0.20328,-0.37996
169,0.084,0.20328,-0.37996
191,0.084,0.20328,-0.37996
191,0.084,0.20328,-0.37996
212,0.08428,0.1981,-0.38514
212,0.08428,0.1981,-0.38514
233,0.08428,0.1981,-0.38514
255,0.08078,0.18592,-0.38556
255,0.08078,0.18592,-0.38556
276,0.08078,0.18592,-0.38556
276,0.08078,0.18592,-0.38556
297,0.08484,0.16884,-0.3738
297,0.08484,0.16884,-0.3738
319,0.087500006,0.17024,-0.37100002
319,0.087500006,0.17024,-0.37100002
340,0.087500006,0.17024,-0.37100002
340,0.087500006,0.17024,-0.37100002
361,0.093380004,0.16324,-0.37534
383,0.093380004,0.16324,-0.37534
383,0.093380004,0.16324,-0.37534
404,0.093380004,0.16324,-0.37534
404,0.093380004,0.16324,-0.37534
425,0.08848,0.16002001,-0.37058002
425,0.08848,0.16002001,-0.37058002
447,0.08848,0.16002001,-0.37058002
447,0.08848,0.16002001,-0.37058002
468,0.08848,0.16002001,-0.37058002
468,0.08848,0.16002001,-0.37058002
489,0.07952,0.15848,-0.37730002
490,0.07952,0.15848,-0.37730002
511,0.08162,0.14966,-0.37072
532,0.086380005,0.1365,-0.36526
532,0.086380005,0.1365,-0.36526
553,0.086380005,0.1365,-0.36526
553,0.086380005,0.1365,-0.36526
575,0.08736,0.14042,-0.36148
575,0.08736,0.14042,-0.36148
596,0.08736,0.14042,-0.36148
596,0.08736,0.14042,-0.36148
617,0.084,0.14042,-0.3633
617,0.084,0.14042,-0.3633
639,0.07868,0.13664,-0.3626
660,0.07868,0.13664,-0.3626
660,0.07868,0.13664,-0.3626
681,0.0784,0.1372,-0.36428002
681,0.0784,0.1372,-0.36428002
703,0.0784,0.1372,-0.36428002
703,0.0784,0.1372,-0.36428002
724,0.075600006,0.14686,-0.3689
724,0.075600006,0.14686,-0.3689
745,0.0749,0.15470001,-0.36876002
745,0.0749,0.15470001,-0.36876002
767,0.0749,0.15470001,-0.36876002
788,0.07574,0.15358001,-0.36904
788,0.07574,0.15358001,-0.36904
809,0.07574,0.15358001,-0.36904
809,0.07574,0.15358001,-0.36904
831,0.073920004,0.1526,-0.37212002
831,0.073920004,0.1526,-0.37212002
852,0.073920004,0.1526,-0.37212002
852,0.073920004,0.1526,-0.37212002
873,0.077,0.13818,-0.36218002
873,0.077,0.13818,-0.36218002
895,0.07658,0.12838,-0.35952002
916,0.07658,0.12838,-0.35952002
916,0.07658,0.12838,-0.35952002
937,0.070140004,0.11942001,-0.35658002
937,0.070140004,0.11942001,-0.35658002
959,0.070140004,0.11942001,-0.35658002
959,0.070140004,0.11942001,-0.35658002
980,0.06384,0.097720005,-0.34328002
980,0.06384,0.097720005,-0.34328002
1001,0.06384,0.097720005,-0.34328002
1001,0.06384,0.097720005,-0.34328002
1023,0.05978,0.08106,-0.33698002
1044,0.06202,0.0623,-0.31598002
1044,0.06202,0.0623,-0.31598002
1065,0.06202,0.0623,-0.31598002
1065,0.06202,0.0623,-0.31598002
1087,0.07952,0.048720002,-0.3115
1087,0.07952,0.048720002,-0.3115
1108,0.07952,0.048720002,-0.3115
1108,0.07952,0.048720002,-0.3115
1129,0.10864,0.02142,-0.29442
1129,0.10864,0.02142,-0.29442
1151,0.10864,0.02142,-0.29442
1172,0.10864,0.02142,-0.29442
1172,0.10864,0.02142,-0.29442
1193,0.122360006,0.00532,-0.27664
1193,0.122360006,0.00532,-0.27664
1215,0.122360006,0.00532,-0.27664
1215,0.122360006,0.00532,-0.27664
1236,0.13972001,-0.0035,-0.27314
1236,0.13972001,-0.0035,-0.27314
1257,0.13972001,-0.0035,-0.27314
1258,0.13972001,-0.0035,-0.27314
1279,0.13972001,-0.0035,-0.27314
1279,0.13972001,-0.0035,-0.27314
1300,0.13972001,-0.0035,-0.27314
1321,0.2786,0.00084,-0.22974001
1322,0.2786,0.00084,-0.22974001
1343,0.2786,0.00084,-0.22974001
1343,0.2786,0.00084,-0.22974001
1364,0.2786,0.00084,-0.22974001
1364,0.2786,0.00084,-0.22974001
1385,0.2786,0.00084,-0.22974001
1385,0.2786,0.00084,-0.22974001
1407,0.31178,0.0102200005,-0.22288
1407,0.31178,0.0102200005,-0.22288
1428,0.31178,0.0102200005,-0.22288
1449,0.33054,0.02898,-0.21952
1450,0.33054,0.02898,-0.21952
1471,0.33054,0.02898,-0.21952
1471,0.33054,0.02898,-0.21952
1492,0.33054,0.02898,-0.21952
1492,0.33054,0.02898,-0.21952
1513,0.39662,0.048440002,-0.1561
1514,0.39662,0.048440002,-0.1561
1535,0.39662,0.048440002,-0.1561
1535,0.39662,0.048440002,-0.1561
1556,0.39662,0.048440002,-0.1561
1577,0.41636002,0.070980005,-0.14602001
1577,0.41636002,0.070980005,-0.14602001
1599,0.41636002,0.070980005,-0.14602001
1599,0.41636002,0.070980005,-0.14602001
1620,0.43190002,0.097160004,-0.12348
1620,0.43190002,0.097160004,-0.12348
1641,0.43190002,0.097160004,-0.12348
1641,0.43190002,0.097160004,-0.12348
1663,0.44296002,0.116620004,-0.12404
1663,0.44296002,0.116620004,-0.12404
1684,0.45626003,0.13734001,-0.1211
1705,0.45626003,0.13734001,-0.1211
1705,0.45626003,0.13734001,-0.1211
1727,0.46508002,0.16072,-0.113680005
1727,0.46508002,0.16072,-0.113680005
1748,0.46508002,0.16072,-0.113680005
1748,0.46508002,0.16072,-0.113680005
1769,0.47222,0.17696,-0.119
1769,0.47222,0.17696,-0.119
1791,0.47222,0.17696,-0.119
1791,0.47222,0.17696,-0.119
1813,0.46858,0.20482,-0.14014
1833,0.46592,0.23366001,-0.15064001
1834,0.46592,0.23366001,-0.15064001
1855,0.46592,0.23366001,-0.15064001
1855,0.46592,0.23366001,-0.15064001
1876,0.46186,0.26936,-0.16996
1876,0.46186,0.26936,-0.16996
1898,0.46186,0.26936,-0.16996
1898,0.46186,0.26936,-0.16996
1919,0.43904,0.30226,-0.20188001
1919,0.43904,0.30226,-0.20188001
1943,0.42546,0.32788,-0.231
1961,0.42546,0.32788,-0.231
1962,0.42546,0.32788,-0.231
1983,0.40068,0.32354,-0.26992002
1983,0.40068,0.32354,-0.26992002
2005,0.40068,0.32354,-0.26992002
2005,0.40068,0.32354,-0.26992002
2026,0.37156,0.31752002,-0.2919
2026,0.37156,0.31752002,-0.2919
2047,0.36582002,0.31304002,-0.29526
2047,0.36582002,0.31304002,-0.29526
2068,0.36582002,0.31304002,-0.29526
2089,0.34972,0.29862002,-0.32298002
2090,0.34972,0.29862002,-0.32298002
2111,0.34972,0.29862002,-0.32298002
2111,0.34972,0.29862002,-0.32298002
2132,0.32914,0.29932,-0.33418
2132,0.32914,0.29932,-0.33418
2153,0.31584,0.2947,-0.34398
2154,0.31584,0.2947,-0.34398
2175,0.31584,0.2947,-0.34398
2175,0.31584,0.2947,-0.34398
2196,0.30352,0.28350002,-0.35686
2196,0.30352,0.28350002,-0.35686
2218,0.30352,0.28350002,-0.35686
2239,0.2912,0.2744,-0.36008
2239,0.2912,0.2744,-0.36008
2260,0.27664,0.26614,-0.37156
2260,0.27664,0.26614,-0.37156
2281,0.27664,0.26614,-0.37156
2281,0.27664,0.26614,-0.37156
2303,0.27216,0.25928,-0.36834002
2303,0.27216,0.25928,-0.36834002
2324,0.27216,0.25928,-0.36834002
2324,0.27216,0.25928,-0.36834002
2346,0.27706,0.24276,-0.36470002
2367,0.27706,0.24276,-0.36470002
2367,0.27706,0.24276,-0.36470002
2389,0.2954,0.24514,-0.34846002
2389,0.2954,0.24514,-0.34846002
2409,0.32704002,0.24066001,-0.33348
2409,0.32704002,0.24066001,-0.33348
2431,0.32704002,0.24066001,-0.33348
2431,0.32704002,0.24066001,-0.33348
2452,0.35336,0.22386001,-0.31094
2452,0.35336,0.22386001,-0.31094
2474,0.37548,0.21588,-0.28448
2495,0.37548,0.21588,-0.28448
2495,0.37548,0.21588,-0.28448
2516,0.40488002,0.20678,-0.245
2516,0.40488002,0.20678,-0.245
2537,0.40488002,0.20678,-0.245
2537,0.40488002,0.20678,-0.245
2559,0.43708003,0.22274001,-0.19880001
2559,0.43708003,0.22274001,-0.19880001
2580,0.45920002,0.24682,-0.16282001
2580,0.45920002,0.24682,-0.16282001
2601,0.45920002,0.24682,-0.16282001
2623,0.47376,0.26264,-0.1092
2623,0.47376,0.26264,-0.1092
2644,0.47376,0.26264,-0.1092
2644,0.47376,0.26264,-0.1092
2667,0.47768003,0.2723,-0.044660002
2668,0.47768003,0.2723,-0.044660002
2687,0.47558,0.28364,-0.018900001
2687,0.47558,0.28364,-0.018900001
2708,0.47558,0.28364,-0.018900001
2708,0.47558,0.28364,-0.018900001
2729,0.47502002,0.28826,-0.00994
2751,0.47502002,0.28826,-0.00994
2751,0.47502002,0.28826,-0.00994
2772,0.47054002,0.29316002,0.026740002
2772,0.47054002,0.29316002,0.026740002
2794,0.47054002,0.29316002,0.026740002
2795,0.47054002,0.29316002,0.026740002
2815,0.4571,0.31724,0.056420002
2815,0.4571,0.31724,0.056420002
2836,0.43792,0.34986,0.06874
2836,0.43792,0.34986,0.06874
2858,0.43792,0.34986,0.06874
2879,0.41832,0.38038,0.091560006
2879,0.41832,0.38038,0.091560006
2900,0.41832,0.38038,0.091560006
2900,0.41832,0.38038,0.091560006
2921,0.41258,0.39326,0.08834
2921,0.41258,0.39326,0.08834
2943,0.41034,0.40012002,0.09114
2943,0.41034,0.40012002,0.09114
2964,0.41034,0.40012002,0.09114
2964,0.41034,0.40012002,0.09114
2985,0.40670002,0.41244,0.0868
2985,0.40670002,0.41244,0.0868
3007,0.40670002,0.41244,0.0868
3028,0.4018,0.42224002,0.08064
3028,0.4018,0.42224002,0.08064
3049,0.40488002,0.43358,0.0581
3049,0.40488002,0.43358,0.0581
3071,0.40488002,0.43358,0.0581
3071,0.40488002,0.43358,0.0581
3092,0.40026,0.455,0.03094
3092,0.40026,0.455,0.03094
3113,0.39732,0.47782,0.0035
3113,0.39732,0.47782,0.0035
3135,0.39732,0.47782,0.0035
3156,0.38486,0.49714002,-0.030380001
3156,0.38486,0.49714002,-0.030380001
3177,0.38486,0.49714002,-0.030380001
3177,0.38486,0.49714002,-0.030380001
3199,0.37114,0.51072,-0.049420003
3199,0.37114,0.51072,-0.049420003
3220,0.36246002,0.53046,-0.06832
3220,0.36246002,0.53046,-0.06832
3241,0.36246002,0.53046,-0.06832
3241,0.36246002,0.53046,-0.06832
3263,0.34664002,0.5278,-0.08358
3284,0.34664002,0.5278,-0.08358
3284,0.34664002,0.5278,-0.08358
3305,0.34314,0.53452003,-0.1071
3305,0.34314,0.53452003,-0.1071
3327,0.34314,0.53452003,-0.1071
3327,0.34314,0.53452003,-0.1071
3348,0.34314,0.53452003,-0.1071
3348,0.34314,0.53452003,-0.1071
3369,0.34314,0.53452003,-0.1071
3369,0.34314,0.53452003,-0.1071
3391,0.35938,0.5159,-0.098840006
3412,0.39326,0.48314002,-0.05824
3412,0.39326,0.48314002,-0.05824
3433,0.39326,0.48314002,-0.05824
3433,0.39326,0.48314002,-0.05824
3455,0.44086,0.41118002,-0.03612
3455,0.44086,0.41118002,-0.03612
3476,0.45612,0.37282002,-0.02688
3476,0.45612,0.37282002,-0.02688
3497,0.45612,0.37282002,-0.02688
3497,0.45612,0.37282002,-0.02688
3519,0.45976,0.34314,-0.0030800002
3540,0.45976,0.34314,-0.0030800002
3540,0.45976,0.34314,-0.0030800002
3561,0.45976,0.34314,-0.0030800002
3561,0.45976,0.34314,-0.0030800002
3583,0.45976,0.34314,-0.0030800002
3583,0.45976,0.34314,-0.0030800002
3604,0.45976,0.34314,-0.0030800002
3604,0.45976,0.34314,-0.0030800002
3625,0.45962,0.30254,0.0399
3625,0.45962,0.30254,0.0399
3647,0.45164,0.28364,0.056140002
3668,0.45164,0.28364,0.056140002
3668,0.45164,0.28364,0.056140002
3689,0.43638,0.24864,0.1036
3689,0.43638,0.24864,0.1036
3711,0.43638,0.24864,0.1036
3711,0.43638,0.24864,0.1036
3732,0.43638,0.24864,0.1036
3732,0.43638,0.24864,0.1036
3753,0.43638,0.24864,0.1036
3753,0.43638,0.24864,0.1036
3775,0.43638,0.24864,0.1036
3796,0.37254,0.20482,0.18452
3796,0.37254,0.20482,0.18452
3817,0.37254,0.20482,0.18452
3817,0.37254,0.20482,0.18452
3839,0.35574,0.19544001,0.2044
3839,0.35574,0.19544001,0.2044
3860,0.35574,0.19544001,0.2044
3860,0.35574,0.19544001,0.2044
3881,0.33096,0.18704,0.21546
3881,0.33096,0.18704,0.21546
3903,0.31836,0.17500001,0.2205
3903,0.31836,0.17500001,0.2205
3924,0.31836,0.17500001,0.2205
3945,0.30632,0.16324,0.21854001
3946,0.30632,0.16324,0.21854001
3967,0.2933,0.14448,0.21378
3967,0.2933,0.14448,0.21378
3988,0.2933,0.14448,0.21378
3988,0.2933,0.14448,0.21378
4009,0.27188,0.12026,0.21112001
4009,0.27188,0.12026,0.21112001
4031,0.27188,0.12026,0.21112001
4031,0.27188,0.12026,0.21112001
4052,0.26096,0.102620006,0.20916
4073,0.24766001,0.08358,0.21084
4074,0.24766001,0.08358,0.21084
4095,0.24766001,0.08358,0.21084
4095,0.24766001,0.08358,0.21084
4116,0.23394,0.075040005,0.19992
4116,0.23394,0.075040005,0.19992
4137,0.23394,0.075040005,0.19992
4138,0.23394,0.075040005,0.19992
4159,0.22036001,0.06776,0.20384
4159,0.22036001,0.06776,0.20384
4180,0.21378,0.0693,0.19824001
4201,0.21378,0.0693,0.19824001
4201,0.21378,0.0693,0.19824001
4223,0.20762001,0.07252,0.21000001
4223,0.20762001,0.07252,0.21000001
4244,0.20762001,0.07252,0.21000001
4244,0.20762001,0.07252,0.21000001
4265,0.20174001,0.085540004,0.20902
4265,0.20174001,0.085540004,0.20902
4287,0.21756001,0.08274,0.21168001
4287,0.21756001,0.08274,0.21168001
4308,0.24640001,0.10066,0.21448001
4329,0.24640001,0.10066,0.21448001
4329,0.24640001,0.10066,0.21448001
4351,0.25508,0.114240006,0.2219
4351,0.25508,0.114240006,0.2219
4372,0.25508,0.114240006,0.2219
4372,0.25508,0.114240006,0.2219
4393,0.28532,0.12964,0.2177
4393,0.28532,0.12964,0.2177
4415,0.31332,0.14812,0.21112001
4415,0.31332,0.14812,0.21112001
4436,0.31332,0.14812,0.21112001
4457,0.33838,0.17164001,0.20342
4457,0.33838,0.17164001,0.20342
4479,0.38934,0.21084,0.19096
4479,0.38934,0.21084,0.19096
4500,0.38934,0.21084,0.19096
4500,0.38934,0.21084,0.19096
4521,0.36708,0.23254001,0.18788001
4521,0.36708,0.23254001,0.18788001
4543,0.36708,0.23254001,0.18788001
4543,0.36708,0.23254001,0.18788001
4564,0.37436,0.27286002,0.18452
4585,0.36736,0.3157,0.17570001
4585,0.36736,0.3157,0.17570001
4607,0.36736,0.3157,0.17570001
4607,0.36736,0.3157,0.17570001
4628,0.36078,0.34972,0.17906001
4628,0.36078,0.34972,0.17906001
4649,0.36078,0.34972,0.17906001
4649,0.36078,0.34972,0.17906001
4671,0.34944,0.37142,0.17808
4671,0.34944,0.37142,0.17808
4692,0.34132,0.38892,0.17794001
4692,0.34132,0.38892,0.17794001
4713,0.34132,0.38892,0.17794001
4735,0.3262,0.40768,0.17808
4735,0.3262,0.40768,0.17808
4756,0.31178,0.42322,0.17542
4756,0.31178,0.42322,0.17542
4777,0.31178,0.42322,0.17542
4777,0.31178,0.42322,0.17542
4799,0.30226,0.4361,0.17164001
4799,0.30226,0.4361,0.17164001
4820,0.30226,0.4361,0.17164001
4820,0.30226,0.4361,0.17164001
4841,0.30954,0.43736002,0.16156
4863,0.30954,0.43736002,0.16156
4863,0.30954,0.43736002,0.16156
4884,0.33446002,0.42196003,0.15344
4884,0.33446002,0.42196003,0.15344
4905,0.3535,0.40222,0.14098
4905,0.3535,0.40222,0.14098
4927,0.3535,0.40222,0.14098
4927,0.3535,0.40222,0.14098
4948,0.38192,0.35434002,0.13888
4948,0.38192,0.35434002,0.13888
4969,0.39942002,0.31080002,0.14252001
4991,0.39942002,0.31080002,0.14252001
4991,0.39942002,0.31080002,0.14252001
5012,0.40628,0.2667,0.13384001
5012,0.40628,0.2667,0.13384001
5033,0.40628,0.2667,0.13384001
5033,0.40628,0.2667,0.13384001
5055,0.40978003,0.24794,0.1393
5055,0.40978003,0.24794,0.1393
5076,0.40516,0.21252,0.14196001
5076,0.40516,0.21252,0.14196001
5097,0.40516,0.21252,0.14196001
5119,0.40012002,0.1799,0.1442
5119,0.40012002,0.1799,0.1442
5140,0.3822,0.14966,0.15120001
5140,0.3822,0.14966,0.15120001
5161,0.3822,0.14966,0.15120001
5161,0.3822,0.14966,0.15120001
5183,0.37324002,0.12768,0.15456
5183,0.37324002,0.12768,0.15456
5204,0.37324002,0.12768,0.15456
5204,0.37324002,0.12768,0.15456
5225,0.35406002,0.10164,0.1428
5247,0.33152002,0.077980004,0.15386
5247,0.33152002,0.077980004,0.15386
5268,0.33152002,0.077980004,0.15386
5268,0.33152002,0.077980004,0.15386
5289,0.30198002,0.05586,0.15526001
5289,0.30198002,0.05586,0.15526001
5311,0.28378,0.04186,0.1533
5311,0.28378,0.04186,0.1533
5332,0.28378,0.04186,0.1533
5332,0.28378,0.04186,0.1533
5353,0.24836001,0.020720001,0.15036
5375,0.24836001,0.020720001,0.15036
5375,0.24836001,0.020720001,0.15036
5396,0.21602,0.0056000003,0.13566001
5396,0.21602,0.0056000003,0.13566001
5417,0.21602,0.0056000003,0.13566001
5417,0.21602,0.0056000003,0.13566001
5439,0.18998,-0.014420001,0.13440001
5439,0.18998,-0.014420001,0.13440001
5460,0.1932,-0.00896,0.1393
5460,0.1932,-0.00896,0.1393
5481,0.1932,-0.00896,0.1393
5503,0.24108,0.00574,0.14504
5503,0.24108,0.00574,0.14504
5524,0.24108,0.00574,0.14504
5524,0.25046,0.01344,0.14756
5545,0.25046,0.01344,0.14756
5545,0.25046,0.01344,0.14756
5567,0.25046,0.01344,0.14756
5567,0.25046,0.01344,0.14756
5588,0.31542,0.03808,0.13006
5588,0.31542,0.03808,0.13006
5609,0.35686,0.06566,0.10948
5609,0.35686,0.06566,0.10948
5631,0.37996,0.08792,0.10416
5652,0.37996,0.08792,0.10416
5652,0.37996,0.08792,0.10416
5673,0.40292,0.10738,0.095340006
5673,0.40292,0.10738,0.095340006
5695,0.40292,0.10738,0.095340006
5695,0.40292,0.10738,0.095340006
5716,0.4228,0.13454,0.099400006
5716,0.4228,0.13454,0.099400006
5737,0.4228,0.13454,0.099400006
5737,0.4228,0.13454,0.099400006
5759,0.42392,0.17192,0.103180006
5780,0.43106002,0.21756001,0.113680005
5780,0.43106002,0.21756001,0.113680005
5801,0.43106002,0.21756001,0.113680005
5801,0.43106002,0.21756001,0.113680005
5823,0.43218002,0.24934001,0.11158
5823,0.43218002,0.24934001,0.11158
5844,0.4312,0.29946,0.11158
5844,0.4312,0.29946,0.11158
5865,0.4312,0.29946,0.11158
5865,0.4312,0.29946,0.11158
5887,0.41986,0.35476002,0.10402
5908,0.41986,0.35476002,0.10402
5908,0.41986,0.35476002,0.10402
5929,0.41006002,0.42014,0.08918
5929,0.41006002,0.42014,0.08918
5951,0.40012002,0.42182,0.0812
5951,0.40012002,0.42182,0.0812
5972,0.40012002,0.42182,0.0812
5972,0.3801,0.4515,0.085820004
5993,0.3801,0.4515,0.085820004
5993,0.3801,0.4515,0.085820004
6015,0.36764002,0.46662,0.070700005
6036,0.36764002,0.46662,0.070700005
6036,0.36764002,0.46662,0.070700005
6057,0.3745,0.47516,0.05376
6057,0.3745,0.47516,0.05376
6079,0.37198,0.47320002,0.04984
6079,0.37198,0.47320002,0.04984
6100,0.37198,0.47320002,0.04984
6100,0.37198,0.47320002,0.04984
6121,0.37240002,0.47250003,0.05026
6121,0.37240002,0.47250003,0.05026
6143,0.37240002,0.47250003,0.05026
6164,0.38430002,0.46004,0.04732
6164,0.38430002,0.46004,0.04732
6185,0.41104,0.4361,0.0385
6185,0.41104,0.4361,0.0385
6207,0.41104,0.4361,0.0385
6207,0.41104,0.4361,0.0385
6228,0.41104,0.4361,0.0385
6228,0.41104,0.4361,0.0385
6249,0.45836002,0.31822002,0.0112000005
6249,0.45836002,0.31822002,0.0112000005
6271,0.45836002,0.31822002,0.0112000005
6292,0.47194,0.2737,-0.00812
6292,0.47194,0.2737,-0.00812
6313,0.47194,0.2737,-0.00812
6313,0.47194,0.2737,-0.00812
6335,0.476,0.2205,-0.01386
6335,0.476,0.2205,-0.01386
6356,0.46550003,0.17864001,-0.013300001
6356,0.46550003,0.17864001,-0.013300001
6377,0.46550003,0.17864001,-0.013300001
6377,0.46550003,0.17864001,-0.013300001
6399,0.45360002,0.14126,-0.02002
6399,0.45360002,0.14126,-0.02002
6420,0.44534,0.112280004,-0.01288
6441,0.44534,0.112280004,-0.01288
6441,0.44534,0.112280004,-0.01288
6463,0.4368,0.095340006,-0.0102200005
6463,0.4368,0.095340006,-0.0102200005
6484,0.4368,0.095340006,-0.0102200005
6484,0.4368,0.095340006,-0.0102200005
6505,0.4221,0.07112,-0.0046200003
6505,0.4221,0.07112,-0.0046200003
6527,0.39788002,0.04312,-0.00224
6527,0.39788002,0.04312,-0.00224
6548,0.39788002,0.04312,-0.00224
6569,0.37408,0.02142,0.009380001
6569,0.37408,0.02142,0.009380001
6591,0.37408,0.02142,0.009380001
6591,0.37408,0.02142,0.009380001
6612,0.35168,0.00574,0.0217
6612,0.35168,0.00574,0.0217
6633,0.32676,-0.01932,0.026740002
6633,0.32676,-0.01932,0.026740002
6655,0.32676,-0.01932,0.026740002
6655,0.32676,-0.01932,0.026740002
6676,0.29414,-0.03178,0.03892
6697,0.26768002,-0.03934,0.04228
6697,0.26768002,-0.03934,0.04228
6719,0.26768002,-0.03934,0.04228
6719,0.26768002,-0.03934,0.04228
6740,0.24808,-0.0504,0.037800003
6740,0.24808,-0.0504,0.037800003
6761,0.24808,-0.0504,0.037800003
6761,0.24808,-0.0504,0.037800003
6783,0.25382,-0.052640002,0.02912
6783,0.25382,-0.052640002,0.02912
6804,0.27188,-0.04718,0.01302
6825,0.27188,-0.04718,0.01302
6825,0.27188,-0.04718,0.01302
6847,0.29806,-0.03262,0.015260001
6847,0.29806,-0.03262,0.015260001
6868,0.34426,-0.00728,0.01288
6868,0.34426,-0.00728,0.01288
6889,0.34426,-0.00728,0.01288
6889,0.34426,-0.00728,0.01288
6911,0.39382002,0.0315,0.0061600003
6911,0.39382002,0.0315,0.0061600003
6932,0.39382002,0.0315,0.0061600003
6953,0.41846,0.07084,0.00294
6953,0.41846,0.07084,0.00294
6975,0.41846,0.07084,0.00294
6975,0.41846,0.07084,0.00294
6996,0.45066002,0.112560004,-0.01904
6996,0.45066002,0.112560004,-0.01904
7017,0.46242002,0.14378001,-0.01918
7017,0.46242002,0.14378001,-0.01918
7039,0.46242002,0.14378001,-0.01918
7039,0.46242002,0.14378001,-0.01918
7060,0.47614002,0.1764,-0.0483
7081,0.4823,0.20300001,-0.061600003
7081,0.4823,0.20300001,-0.061600003
7103,0.4823,0.20300001,-0.061600003
7103,0.4823,0.20300001,-0.061600003
7124,0.48384002,0.24360001,-0.06426
7124,0.48384002,0.24360001,-0.06426
7145,0.48384002,0.24360001,-0.06426
7145,0.48384002,0.24360001,-0.06426
7167,0.48174003,0.27748,-0.05964
7167,0.48174003,0.27748,-0.05964
7188,0.47068,0.31934002,-0.0588
7209,0.47068,0.31934002,-0.0588
7209,0.47068,0.31934002,-0.0588
7231,0.46354002,0.35798,-0.045640003
7231,0.46354002,0.35798,-0.045640003
7252,0.45234,0.38682002,-0.03108
7252,0.45234,0.38682002,-0.03108
7273,0.45234,0.38682002,-0.03108
7273,0.45234,0.38682002,-0.03108
7295,0.44478002,0.40586,-0.03864
7295,0.44478002,0.40586,-0.03864
7316,0.44478002,0.40586,-0.03864
7316,0.44478002,0.40586,-0.03864
7337,0.43246,0.4228,-0.030380001
7359,0.42014,0.43568,-0.01078
7359,0.42014,0.43568,-0.01078
7380,0.42014,0.43568,-0.01078
7380,0.42014,0.43568,-0.01078
7401,0.42112002,0.44184002,-0.0075600003
7401,0.42112002,0.44184002,-0.0075600003
7423,0.42126,0.43918002,-0.0182
7423,0.42126,0.43918002,-0.0182
7444,0.42126,0.43918002,-0.0182
7444,0.42126,0.43918002,-0.0182
7465,0.43078002,0.42742002,-0.03542
7487,0.43078002,0.42742002,-0.03542
7487,0.43078002,0.42742002,-0.03542
7508,0.44758,0.39144,-0.091560006
7508,0.44758,0.39144,-0.091560006
7529,0.46606,0.32970002,-0.11242
7529,0.46606,0.32970002,-0.11242
7551,0.46606,0.32970002,-0.11242
7551,0.46606,0.32970002,-0.11242
7572,0.47334,0.26236,-0.12432
7572,0.47334,0.26236,-0.12432
7593,0.47334,0.26236,-0.12432
7615,0.47054002,0.19152,-0.10822
7615,0.47054002,0.19152,-0.10822
7636,0.46956003,0.17920001,-0.10752
7636,0.46956003,0.17920001,-0.10752
7657,0.46956003,0.17920001,-0.10752
7657,0.46956003,0.17920001,-0.10752
7679,0.46676,0.1428,-0.098280005
7679,0.46676,0.1428,-0.098280005
7700,0.46676,0.1428,-0.098280005
7700,0.46676,0.1428,-0.098280005
7721,0.45864,0.12656,-0.09436
7743,0.44898,0.099120006,-0.09464
7743,0.44898,0.099120006,-0.09464
7764,0.44898,0.099120006,-0.09464
7764,0.44898,0.099120006,-0.09464
7785,0.43246,0.06846,-0.079100005
7785,0.43246,0.06846,-0.079100005
7807,0.42224002,0.049140003,-0.07056
7807,0.42224002,0.049140003,-0.07056
7828,0.42224002,0.049140003,-0.07056
7828,0.42224002,0.049140003,-0.07056
7849,0.38794002,0.01694,-0.06776
7871,0.38794002,0.01694,-0.06776
7871,0.38794002,0.01694,-0.06776
7892,0.35812002,-0.014420001,-0.0644
7892,0.35812002,-0.014420001,-0.0644
7913,0.35812002,-0.014420001,-0.0644
7913,0.35812002,-0.014420001,-0.0644
7935,0.32970002,-0.030240001,-0.05908
7935,0.32970002,-0.030240001,-0.05908
7956,0.30968,-0.045220003,-0.06188
7956,0.30968,-0.045220003,-0.06188
7977,0.30968,-0.045220003,-0.06188
7999,0.29862002,-0.053340003,-0.056140002
7999,0.29862002,-0.053340003,-0.056140002
8020,0.287,-0.05432,-0.05544
8020,0.287,-0.05432,-0.05544
8041,0.287,-0.05432,-0.05544
8041,0.287,-0.05432,-0.05544
8063,0.28224,-0.0539,-0.061600003
8063,0.28224,-0.0539,-0.061600003
8084,0.29946,-0.04438,-0.07294
8084,0.29946,-0.04438,-0.07294
8105,0.29946,-0.04438,-0.07294
8105,0.29946,-0.04438,-0.07294
8127,0.32144,-0.0315,-0.081480004
8148,0.32144,-0.0315,-0.081480004
8148,0.32144,-0.0315,-0.081480004
8169,0.36176002,-0.00434,-0.08022
8169,0.36176002,-0.00434,-0.08022
8191,0.39928,0.03262,-0.091560006
8191,0.39928,0.03262,-0.091560006
8212,0.39928,0.03262,-0.091560006
8212,0.39928,0.03262,-0.091560006
8233,0.42896003,0.07658,-0.106680006
8233,0.42896003,0.07658,-0.106680006
8255,0.42896003,0.07658,-0.106680006
8276,0.44744,0.12488,-0.110180005
8276,0.44744,0.12488,-0.110180005
8297,0.46074,0.15624,-0.11578
8297,0.46074,0.15624,-0.11578
8319,0.46074,0.15624,-0.11578
8319,0.46074,0.15624,-0.11578
8340,0.46648002,0.20902,-0.11032
8340,0.46648002,0.20902,-0.11032
8361,0.47418,0.25396,-0.1092
8361,0.47418,0.25396,-0.1092
8383,0.47418,0.25396,-0.1092
8404,0.4718,0.30492002,-0.11998
8404,0.4718,0.30492002,-0.11998
8425,0.4718,0.30492002,-0.11998
8425,0.4718,0.30492002,-0.11998
8447,0.46424,0.33642,-0.10836
8447,0.46424,0.33642,-0.10836
8468,0.45332003,0.36316,-0.1036
8468,0.45332003,0.36316,-0.1036
8489,0.45332003,0.36316,-0.1036
8489,0.45332003,0.36316,-0.1036
8511,0.44366002,0.39928,-0.099400006
8532,0.42784002,0.42798,-0.110180005
8532,0.42784002,0.42798,-0.110180005
8553,0.42784002,0.42798,-0.110180005
8553,0.42784002,0.42798,-0.110180005
8575,0.4151,0.44408002,-0.093100004
8575,0.4151,0.44408002,-0.093100004
8596,0.4151,0.44408002,-0.093100004
8596,0.4151,0.44408002,-0.093100004
8617,0.40796,0.45682,-0.09604
8617,0.40796,0.45682,-0.09604
8639,0.40838,0.45318002,-0.10542
8660,0.40838,0.45318002,-0.10542
8660,0.40838,0.45318002,-0.10542
8681,0.41790003,0.43960002,-0.105000004
8681,0.41790003,0.43960002,-0.105000004
8703,0.44436002,0.3899,-0.118020006
8703,0.44436002,0.3899,-0.118020006
8724,0.44436002,0.3899,-0.118020006
8724,0.44436002,0.3899,-0.118020006
8745,0.46032003,0.32886,-0.13412
8745,0.46032003,0.32886,-0.13412
8767,0.46032003,0.32886,-0.13412
8788,0.46844003,0.2597,-0.12824
8788,0.46844003,0.2597,-0.12824
8809,0.46564,0.19488001,-0.1365
8809,0.46564,0.19488001,-0.1365
8831,0.46564,0.19488001,-0.1365
8831,0.46564,0.19488001,-0.1365
8852,0.46032003,0.15092,-0.13874
8852,0.46032003,0.15092,-0.13874
8873,0.46032003,0.15092,-0.13874
8873,0.46032003,0.15092,-0.13874
8895,0.44226,0.12558,-0.154
8916,0.42546,0.094500005,-0.15736
8916,0.42546,0.094500005,-0.15736
8937,0.42546,0.094500005,-0.15736
8937,0.42546,0.094500005,-0.15736
8959,0.39900002,0.071260005,-0.17122
8959,0.39900002,0.071260005,-0.17122
8980,0.39900002,0.071260005,-0.17122
8980,0.39900002,0.071260005,-0.17122
9001,0.3696,0.040740002,-0.17486
9002,0.3696,0.040740002,-0.17486
9023,0.33754,0.0037800001,-0.18648
9023,0.33754,0.0037800001,-0.18648
9044,0.33754,0.0037800001,-0.18648
9065,0.30786002,-0.012180001,-0.18886
9065,0.30786002,-0.012180001,-0.18886
9087,0.30786002,-0.012180001,-0.18886
9087,0.30786002,-0.012180001,-0.18886
9108,0.26124,-0.030100001,-0.19222
9108,0.26124,-0.030100001,-0.19222
9129,0.22022,-0.041160002,-0.19950001
9129,0.22022,-0.041160002,-0.19950001
9151,0.22022,-0.041160002,-0.19950001
9151,0.22022,-0.041160002,-0.19950001
9172,0.19208,-0.049140003,-0.1981
9193,0.18088001,-0.048720002,-0.18858
9193,0.18088001,-0.048720002,-0.18858
9215,0.18088001,-0.048720002,-0.18858
9215,0.18088001,-0.048720002,-0.18858
9236,0.17458001,-0.044800002,-0.20496
9236,0.17458001,-0.044800002,-0.20496
9257,0.18998,-0.04718,-0.20748
9257,0.18998,-0.04718,-0.20748
9279,0.18998,-0.04718,-0.20748
9279,0.18998,-0.04718,-0.20748
9300,0.22330001,-0.026180001,-0.22624001
9321,0.22330001,-0.026180001,-0.22624001
9321,0.22330001,-0.026180001,-0.22624001
9343,0.26138002,-0.00084,-0.23884001
9343,0.26138002,-0.00084,-0.23884001
9364,0.28868002,0.016520001,-0.25634
9364,0.28868002,0.016520001,-0.25634
9385,0.28868002,0.016520001,-0.25634
9385,0.28868002,0.016520001,-0.25634
9407,0.31108,0.05054,-0.27132002
9407,0.31108,0.05054,-0.27132002
9428,0.31108,0.05054,-0.27132002
9449,0.33418,0.0763,-0.26726002
9449,0.33418,0.0763,-0.26726002
9471,0.35014,0.099400006,-0.27426
9471,0.35014,0.099400006,-0.27426
9492,0.35014,0.099400006,-0.27426
9492,0.35014,0.099400006,-0.27426
9513,0.36204,0.122360006,-0.2793
9513,0.36204,0.122360006,-0.2793
9535,0.36204,0.122360006,-0.2793
9535,0.36204,0.122360006,-0.2793
9556,0.36988002,0.14616,-0.2807
9577,0.38248,0.18298,-0.27636
9577,0.38248,0.18298,-0.27636
9599,0.38248,0.18298,-0.27636
9599,0.38248,0.18298,-0.27636
9620,0.3955,0.22232,-0.27132002
9620,0.3955,0.22232,-0.27132002
9641,0.40474,0.25802,-0.26964
9641,0.40474,0.25802,-0.26964
9663,0.40474,0.25802,-0.26964
9663,0.40474,0.25802,-0.26964
9684,0.40404,0.29246,-0.27076
9705,0.40404,0.29246,-0.27076
9705,0.40404,0.29246,-0.27076
9727,0.39578,0.33012,-0.2681
9727,0.39578,0.33012,-0.2681
9748,0.38724002,0.34370002,-0.26684
9748,0.38724002,0.34370002,-0.26684
9769,0.38724002,0.34370002,-0.26684
9769,0.38724002,0.34370002,-0.26684
9791,0.37016,0.38206002,-0.28224
9791,0.37016,0.38206002,-0.28224
9812,0.37016,0.38206002,-0.28224
9812,0.37016,0.38206002,-0.28224
9833,0.34664002,0.39508,-0.28994
9855,0.34664002,0.39508,-0.28994
9855,0.34664002,0.39508,-0.28994
9876,0.34664002,0.39508,-0.28994
9876,0.34664002,0.39508,-0.28994
9897,0.34664002,0.39508,-0.28994
9897,0.34664002,0.39508,-0.28994
9919,0.35504,0.3682,-0.29134
9919,0.35504,0.3682,-0.29134
9940,0.35504,0.3682,-0.29134
9940,0.35504,0.3682,-0.29134
9961,0.35504,0.3682,-0.29134
9983,0.35504,0.3682,-0.29134
9983,0.35504,0.3682,-0.29134
10004,0.39004,0.29232,-0.26236
10004,0.39004,0.29232,-0.26236
10025,0.39592,0.25228,-0.26628
10025,0.39592,0.25228,-0.26628
10047,0.39592,0.25228,-0.26628
10047,0.39592,0.25228,-0.26628
10068,0.39634,0.22554001,-0.2681
10068,0.39634,0.22554001,-0.2681
10089,0.39634,0.22554001,-0.2681
10111,0.39158002,0.19124,-0.27216
10111,0.39158002,0.19124,-0.27216
10132,0.3766,0.16786,-0.27482
10132,0.3766,0.16786,-0.27482
10153,0.3766,0.16786,-0.27482
10153,0.3766,0.16786,-0.27482
10175,0.36008,0.12082,-0.27174002
10175,0.36008,0.12082,-0.27174002
10196,0.36008,0.12082,-0.27174002
10196,0.36008,0.12082,-0.27174002
10217,0.32816002,0.082320005,-0.28154
10239,0.29106,0.05922,-0.27734
10239,0.29106,0.05922,-0.27734
10260,0.29106,0.05922,-0.27734
10260,0.29106,0.05922,-0.27734
10281,0.25662002,0.0399,-0.2919
10281,0.25662002,0.0399,-0.2919
10303,0.22932,0.0322,-0.29792002
10303,0.22932,0.0322,-0.29792002
10324,0.22932,0.0322,-0.29792002
10324,0.22932,0.0322,-0.29792002
10345,0.21112001,0.02912,-0.29484
10367,0.21112001,0.02912,-0.29484
10367,0.21112001,0.02912,-0.29484
10388,0.17920001,0.0238,-0.28616002
10388,0.17920001,0.0238,-0.28616002
10409,0.1575,0.018760001,-0.2975
10409,0.1575,0.018760001,-0.2975
10431,0.1575,0.018760001,-0.2975
10431,0.1575,0.018760001,-0.2975
10452,0.1393,0.02128,-0.29176
10452,0.1393,0.02128,-0.29176
10473,0.1393,0.02128,-0.29176
10495,0.12138,0.02184,-0.2912
10495,0.12138,0.02184,-0.2912
10516,0.11522,0.02324,-0.29666
10516,0.11522,0.02324,-0.29666
10537,0.11522,0.02324,-0.29666
10537,0.11522,0.02324,-0.29666
10559,0.110740006,0.0238,-0.29736
10559,0.110740006,0.0238,-0.29736
10580,0.110740006,0.0238,-0.29736
10580,0.110740006,0.0238,-0.29736
10601,0.124180004,0.024780001,-0.30072
10623,0.15106,0.021,-0.29764
10623,0.15106,0.021,-0.29764
10644,0.15106,0.021,-0.29764
10644,0.15106,0.021,-0.29764
10665,0.17234,0.01484,-0.29442
10665,0.17234,0.01484,-0.29442
10687,0.17234,0.01484,-0.29442
10687,0.17234,0.01484,-0.29442
10708,0.20566,0.018900001,-0.29498002
10708,0.20566,0.018900001,-0.29498002
10729,0.24374,0.030100001,-0.28574002
10729,0.24374,0.030100001,-0.28574002
10751,0.24374,0.030100001,-0.28574002
10772,0.26866,0.0476,-0.29316002
10772,0.26866,0.0476,-0.29316002
10793,0.26866,0.0476,-0.29316002
10793,0.26866,0.0476,-0.29316002
10815,0.27846,0.0686,-0.2975
10815,0.27846,0.0686,-0.2975
10836,0.29834002,0.091560006,-0.30996
10836,0.29834002,0.091560006,-0.30996
10857,0.30716002,0.10598,-0.31668
10857,0.30716002,0.10598,-0.31668
10879,0.30716002,0.10598,-0.31668
10900,0.32354,0.13006,-0.31066
10900,0.32354,0.13006,-0.31066
10921,0.32354,0.13006,-0.31066
10921,0.32354,0.13006,-0.31066
10943,0.32956,0.16702001,-0.32634002
10943,0.32956,0.16702001,-0.32634002
10964,0.32956,0.16702001,-0.32634002
10964,0.32956,0.16702001,-0.32634002
10985,0.32956,0.16702001,-0.32634002
10985,0.32956,0.16702001,-0.32634002
11007,0.35084,0.23086001,-0.32676
11028,0.35084,0.23086001,-0.32676
11028,0.35084,0.23086001,-0.32676
11049,0.35084,0.2513,-0.32158002
11049,0.35084,0.2513,-0.32158002
11071,0.35084,0.2513,-0.32158002
11071,0.35084,0.2513,-0.32158002
11092,0.35070002,0.2674,-0.32326
11092,0.35070002,0.2674,-0.32326
11113,0.35000002,0.2919,-0.3213
11113,0.35000002,0.2919,-0.3213
11135,0.35000002,0.2919,-0.3213
11156,0.35000002,0.2919,-0.3213
11156,0.35000002,0.2919,-0.3213
11177,0.3353,0.31066,-0.32704002
11177,0.3353,0.31066,-0.32704002
11199,0.3353,0.31066,-0.32704002
11199,0.3353,0.31066,-0.32704002
11220,0.3353,0.31066,-0.32704002
11220,0.3353,0.31066,-0.32704002
11241,0.32634002,0.31976,-0.33362
11241,0.32634002,0.31976,-0.33362
11263,0.32634002,0.31976,-0.33362
11284,0.32634002,0.31976,-0.33362
11284,0.32634002,0.31976,-0.33362
11305,0.32634002,0.31976,-0.33362
11305,0.32634002,0.31976,-0.33362
11327,0.32368,0.28224,-0.33936
11327,0.32368,0.28224,-0.33936
11348,0.32368,0.28224,-0.33936
11348,0.32368,0.28224,-0.33936
11369,0.32088,0.27524,-0.34132
11369,0.32088,0.27524,-0.34132
11391,0.31178,0.24976,-0.34566
11412,0.31178,0.24976,-0.34566
11412,0.31178,0.24976,-0.34566
11433,0.30506,0.23548001,-0.35000002
11433,0.30506,0.23548001,-0.35000002
11455,0.30744,0.21630001,-0.34468
11455,0.30744,0.21630001,-0.34468
11476,0.30744,0.21630001,-0.34468
11476,0.30744,0.21630001,-0.34468
11497,0.30310002,0.19250001,-0.34412
11497,0.30310002,0.19250001,-0.34412
11519,0.30310002,0.19250001,-0.34412
11519,0.30310002,0.19250001,-0.34412
11540,0.294,0.17682001,-0.34174
11561,0.28532,0.15638,-0.33740002
11561,0.28532,0.15638,-0.33740002
11583,0.28532,0.15638,-0.33740002
11583,0.28532,0.15638,-0.33740002
11604,0.273,0.14056,-0.34678
11604,0.273,0.14056,-0.34678
11625,0.24486001,0.12936,-0.3542
11625,0.24486001,0.12936,-0.3542
11647,0.24486001,0.12936,-0.3542
11647,0.24486001,0.12936,-0.3542
11668,0.23030001,0.12320001,-0.34328002
11689,0.23030001,0.12320001,-0.34328002
11689,0.23030001,0.12320001,-0.34328002
11711,0.21518001,0.118020006,-0.35518
11711,0.21518001,0.118020006,-0.35518
11732,0.18802,0.11844,-0.36134002
11732,0.18802,0.11844,-0.36134002
11753,0.18802,0.11844,-0.36134002
11753,0.18802,0.11844,-0.36134002
11774,0.15904,0.12740001,-0.36876002
11775,0.15904,0.12740001,-0.36876002
11796,0.15106,0.12362,-0.36736
11817,0.15106,0.12362,-0.36736
11817,0.15106,0.12362,-0.36736
11839,0.12572001,0.12824,-0.37268
11839,0.12572001,0.12824,-0.37268
11860,0.12572001,0.12824,-0.37268
11860,0.12572001,0.12824,-0.37268
11881,0.10304,0.13986,-0.36722
11881,0.10304,0.13986,-0.36722
11903,0.08162,0.15428,-0.3759
11903,0.08162,0.15428,-0.3759
11924,0.08162,0.15428,-0.3759
11945,0.07182,0.16548,-0.37646002
11945,0.07182,0.16548,-0.37646002
11967,0.07182,0.16548,-0.37646002
11967,0.07182,0.16548,-0.37646002
11988,0.0623,0.1813,-0.3815
11988,0.0623,0.1813,-0.3815
12009,0.0623,0.1813,-0.3815
12009,0.0623,0.1813,-0.3815
12031,0.06454,0.1813,-0.37800002
12031,0.06454,0.1813,-0.37800002
12052,0.082880005,0.16408001,-0.37912002
12073,0.0987,0.15498,-0.38108
12073,0.0987,0.15498,-0.38108
12095,0.0987,0.15498,-0.38108
12095,0.0987,0.15498,-0.38108
12116,0.122080006,0.13832,-0.3766
12116,0.122080006,0.13832,-0.3766
12137,0.122080006,0.13832,-0.3766
12137,0.122080006,0.13832,-0.3766
12159,0.14938,0.1253,-0.36638
12159,0.14938,0.1253,-0.36638
12180,0.17472,0.12768,-0.35994002
12201,0.17472,0.12768,-0.35994002
12201,0.17472,0.12768,-0.35994002
12223,0.20524001,0.1302,-0.36414
12223,0.20524001,0.1302,-0.36414
12244,0.22302,0.13328001,-0.35532
12244,0.22302,0.13328001,-0.35532
12265,0.22302,0.13328001,-0.35532
12265,0.22302,0.13328001,-0.35532
12287,0.24192001,0.1477,-0.35378
12287,0.24192001,0.1477,-0.35378
12308,0.24192001,0.1477,-0.35378
12329,0.26376,0.15890001,-0.34286
12329,0.26376,0.15890001,-0.34286
12351,0.2716,0.17458001,-0.35406002
12351,0.2716,0.17458001,-0.35406002
12372,0.2716,0.17458001,-0.35406002
12372,0.2716,0.17458001,-0.35406002
12393,0.27888,0.1939,-0.35840002
12393,0.27888,0.1939,-0.35840002
12415,0.27888,0.1939,-0.35840002
12415,0.27888,0.1939,-0.35840002
12436,0.28406,0.2114,-0.35924
12436,0.28406,0.2114,-0.35924
12457,0.28406,0.2114,-0.35924
12479,0.28406,0.2114,-0.35924
12479,0.28406,0.2114,-0.35924
12500,0.28406,0.2114,-0.35924
12500,0.28406,0.2114,-0.35924
12521,0.28406,0.2114,-0.35924
12521,0.28406,0.2114,-0.35924
12543,0.28658,0.25718,-0.35644
12543,0.28658,0.25718,-0.35644
12564,0.28658,0.25718,-0.35644
12564,0.28658,0.25718,-0.35644
12585,0.2681,0.2646,-0.36974
12606,0.2681,0.2646,-0.36974
12607,0.2681,0.2646,-0.36974
12628,0.26082,0.25942,-0.36666
12628,0.26082,0.25942,-0.36666
12649,0.26082,0.25942,-0.36666
12649,0.26082,0.25942,-0.36666
12671,0.26082,0.25942,-0.36666
12671,0.26082,0.25942,-0.36666
12692,0.23296,0.24374,-0.38388002
12692,0.23296,0.24374,-0.38388002
12713,0.23296,0.24374,-0.38388002
12734,0.23296,0.24374,-0.38388002
12735,0.23296,0.24374,-0.38388002
12756,0.23296,0.24374,-0.38388002
12756,0.23296,0.24374,-0.38388002
12777,0.21994,0.24304001,-0.3696
12777,0.21994,0.24304001,-0.3696
12799,0.21756001,0.2387,-0.37632
12799,0.21756001,0.2387,-0.37632
12820,0.21756001,0.2387,-0.37632
12820,0.21756001,0.2387,-0.37632
12841,0.21336001,0.24010001,-0.3752
12863,0.21336001,0.24010001,-0.3752
12863,0.21336001,0.24010001,-0.3752
12884,0.20594001,0.23548001,-0.38794002
12884,0.20594001,0.23548001,-0.38794002
12905,0.18844001,0.22778,-0.38276002
12905,0.18844001,0.22778,-0.38276002
12926,0.18844001,0.22778,-0.38276002
12927,0.18844001,0.22778,-0.38276002
12948,0.17528,0.22428,-0.38766
12948,0.17528,0.22428,-0.38766
12969,0.17528,0.22428,-0.38766
12991,0.17108001,0.22260001,-0.38948002
12991,0.17108001,0.22260001,-0.38948002
13012,0.17108001,0.22260001,-0.38948002
13012,0.17108001,0.22260001,-0.38948002
13033,0.15022,0.22792001,-0.39200002
13033,0.15022,0.22792001,-0.39200002
13054,0.14168,0.23086001,-0.39942002
13055,0.14168,0.23086001,-0.39942002
13076,0.120400004,0.23394,-0.39354002
13076,0.120400004,0.23394,-0.39354002
13097,0.120400004,0.23394,-0.39354002
13119,0.10948,0.23394,-0.39368
13119,0.10948,0.23394,-0.39368
13140,0.10948,0.23394,-0.39368
13140,0.10948,0.23394,-0.39368
13161,0.09268,0.25032002,-0.39452
13161,0.09268,0.25032002,-0.39452
13183,0.07994,0.2527,-0.39130002
13183,0.07994,0.2527,-0.39130002
13204,0.07994,0.2527,-0.39130002
13204,0.07994,0.2527,-0.39130002
13225,0.0644,0.2583,-0.39508
13225,0.0644,0.2583,-0.39508
13247,0.0644,0.2583,-0.39508
13268,0.049140003,0.26978,-0.38864002
13268,0.049140003,0.26978,-0.38864002
13289,0.0441,0.2779,-0.38094002
13289,0.0441,0.2779,-0.38094002
13311,0.0441,0.2779,-0.38094002
13311,0.0441,0.2779,-0.38094002
13332,0.03654,0.27762002,-0.38444
13332,0.03654,0.27762002,-0.38444
13353,0.036960002,0.28168002,-0.39424002
13353,0.036960002,0.28168002,-0.39424002
13375,0.036960002,0.28168002,-0.39424002
13396,0.0406,0.26250002,-0.38892
13396,0.0406,0.26250002,-0.38892
13417,0.049140003,0.24444,-0.3871
13417,0.049140003,0.24444,-0.3871
13439,0.049140003,0.24444,-0.3871
13439,0.049140003,0.24444,-0.3871
13460,0.0504,0.2149,-0.38794002
13460,0.0504,0.2149,-0.38794002
13481,0.0504,0.2149,-0.38794002
13481,0.0504,0.2149,-0.38794002
13503,0.0504,0.2149,-0.38794002
13524,0.091000006,0.16996,-0.38066
13524,0.091000006,0.16996,-0.38066
13545,0.091000006,0.16996,-0.38066
13545,0.091000006,0.16996,-0.38066
13567,0.10598,0.16814001,-0.38178
13567,0.10598,0.16814001,-0.38178
13588,0.13412,0.16576001,-0.38206002
13588,0.13412,0.16576001,-0.38206002
13609,0.13412,0.16576001,-0.38206002
13609,0.13412,0.16576001,-0.38206002
13631,0.16142,0.16478,-0.38206002
13652,0.16142,0.16478,-0.38206002
13652,0.16142,0.16478,-0.38206002
13673,0.19068001,0.15904,-0.3829
13673,0.19068001,0.15904,-0.3829
13695,0.2086,0.16492,-0.37422
13695,0.2086,0.16492,-0.37422
13716,0.2086,0.16492,-0.37422
13716,0.2086,0.16492,-0.37422
13737,0.22232,0.1694,-0.36988002
13737,0.22232,0.1694,-0.36988002
13759,0.22232,0.1694,-0.36988002
13780,0.23926,0.1799,-0.36624002
13780,0.23926,0.1799,-0.36624002
13801,0.25144002,0.18886,-0.35966
13801,0.25144002,0.18886,-0.35966
13823,0.25144002,0.18886,-0.35966
13823,0.25144002,0.18886,-0.35966
13844,0.25592,0.20818001,-0.36078
13844,0.25592,0.20818001,-0.36078
13865,0.25592,0.20818001,-0.36078
13865,0.25592,0.20818001,-0.36078
13887,0.27482,0.21728,-0.35938
13908,0.27482,0.21728,-0.35938
13908,0.27482,0.21728,-0.35938
13929,0.2786,0.22778,-0.35868
13929,0.2786,0.22778,-0.35868
13951,0.2786,0.22778,-0.35868
13951,0.2786,0.22778,-0.35868
13972,0.27986002,0.23898001,-0.36008
13972,0.27986002,0.23898001,-0.36008
13993,0.27986002,0.23898001,-0.36008
13993,0.27986002,0.23898001,-0.36008
14015,0.26712,0.23156,-0.36036
14036,0.25676,0.22708,-0.36568
14036,0.25676,0.22708,-0.36568
14057,0.25676,0.22708,-0.36568
14057,0.25676,0.22708,-0.36568
14078,0.24780001,0.22246,-0.37156
14079,0.24780001,0.22246,-0.37156
14100,0.24780001,0.22246,-0.37156
14100,0.24780001,0.22246,-0.37156
14121,0.22596,0.22106001,-0.37632
14121,0.22596,0.22106001,-0.37632
14143,0.20412001,0.21686001,-0.39158002
14143,0.20412001,0.21686001,-0.39158002
14164,0.20412001,0.21686001,-0.39158002
14185,0.1841,0.21112001,-0.38514
14185,0.1841,0.21112001,-0.38514
14207,0.15666,0.21504,-0.39396
14207,0.15666,0.21504,-0.39396
14228,0.15666,0.21504,-0.39396
14228,0.15666,0.21504,-0.39396
14249,0.13608,0.21966,-0.39354002
14249,0.13608,0.21966,-0.39354002
14271,0.13608,0.21966,-0.39354002
14271,0.13608,0.21966,-0.39354002
14292,0.11704,0.22904001,-0.39256
14313,0.10136,0.22722,-0.39158002
14313,0.10136,0.22722,-0.39158002
14335,0.10136,0.22722,-0.39158002
14335,0.10136,0.22722,-0.39158002
14356,0.089880005,0.23310001,-0.38962
14356,0.089880005,0.23310001,-0.38962
14377,0.089880005,0.23310001,-0.38962
14377,0.089880005,0.23310001,-0.38962
14398,0.07266,0.24122001,-0.39270002
14399,0.07266,0.24122001,-0.39270002
14420,0.05796,0.25326002,-0.39046
14441,0.05796,0.25326002,-0.39046
14441,0.05796,0.25326002,-0.39046
14462,0.0462,0.26264,-0.39228
14463,0.0462,0.26264,-0.39228
14484,0.040880002,0.26628,-0.38864002
14484,0.040880002,0.26628,-0.38864002
14505,0.040880002,0.26628,-0.38864002
14505,0.040880002,0.26628,-0.38864002
14527,0.03164,0.27580002,-0.3871
14527,0.03164,0.27580002,-0.3871
14548,0.03164,0.27580002,-0.3871
14569,0.01582,0.27846,-0.38066
14569,0.01582,0.27846,-0.38066
14591,0.00406,0.29904002,-0.37842
14591,0.00406,0.29904002,-0.37842
14612,0.00406,0.29904002,-0.37842
14612,0.00406,0.29904002,-0.37842
14633,-0.00168,0.31122002,-0.37240002
14633,-0.00168,0.31122002,-0.37240002
14654,0.00224,0.31164,-0.37002
14655,0.00224,0.31164,-0.37002
14676,0.00224,0.31164,-0.37002
14697,0.00252,0.29722002,-0.37506002
14697,0.00252,0.29722002,-0.37506002
14718,0.00252,0.29722002,-0.37506002
14719,0.00252,0.29722002,-0.37506002
14740,0.0037800001,0.27034,-0.37548
14740,0.0037800001,0.27034,-0.37548
14761,0.0037800001,0.27034,-0.37548
14761,0.0037800001,0.27034,-0.37548
14783,0.01092,0.24486001,-0.37618002
14783,0.01092,0.24486001,-0.37618002
14804,0.03206,0.22232,-0.37506002
14825,0.04788,0.2051,-0.38052002
14825,0.04788,0.2051,-0.38052002
14846,0.04788,0.2051,-0.38052002
14847,0.04788,0.2051,-0.38052002
14868,0.06412,0.18816,-0.38108
14868,0.06412,0.18816,-0.38108
14889,0.06412,0.18816,-0.38108
14889,0.06412,0.18816,-0.38108
14911,0.09296,0.17024,-0.3815
14911,0.09296,0.17024,-0.3815
14932,0.117740005,0.14924,-0.36358002
14932,0.117740005,0.14924,-0.36358002
14953,0.117740005,0.14924,-0.36358002
14975,0.117740005,0.14924,-0.36358002
14982,0.117740005,0.14924,-0.36358002
14996,0.117740005,0.14924,-0.36358002
14996,0.117740005,0.14924,-0.36358002
15017,0.14140001,0.14308001,-0.36638
15017,0.14140001,0.14308001,-0.36638
15039,0.14462,0.14056,-0.37408
15039,0.14462,0.14056,-0.37408
15060,0.14462,0.14056,-0.37408
15060,0.14462,0.14056,-0.37408
15081,0.14462,0.14056,-0.37408
15102,0.14462,0.14056,-0.37408
15103,0.14462,0.14056,-0.37408
15124,0.14462,0.14056,-0.37408
15124,0.14462,0.14056,-0.37408
15145,0.15806,0.1351,-0.36344
15145,0.15806,0.1351,-0.36344
15166,0.15806,0.1351,-0.36344
15167,0.15806,0.1351,-0.36344
15188,0.17836,0.116620004,-0.34944
15188,0.17836,0.116620004,-0.34944
15209,0.18382001,0.10514,-0.35112
15231,0.18942,0.10626,-0.35000002
15231,0.18942,0.10626,-0.35000002
15252,0.18942,0.10626,-0.35000002
15252,0.18942,0.10626,-0.35000002
15273,0.18942,0.10626,-0.35000002
15273,0.18942,0.10626,-0.35000002
15295,0.18942,0.10626,-0.35000002
15295,0.18942,0.10626,-0.35000002
15316,0.1708,0.11928,-0.3563
15316,0.1708,0.11928,-0.3563
15337,0.1708,0.11928,-0.3563
15359,0.13384001,0.12782,-0.36722
15359,0.13384001,0.12782,-0.36722
15380,0.11186,0.14868,-0.3696
15380,0.11186,0.14868,-0.3696
15401,0.11186,0.14868,-0.3696
15401,0.11186,0.14868,-0.3696
15423,0.091560006,0.15218,-0.36848
15423,0.091560006,0.15218,-0.36848
15444,0.091560006,0.15218,-0.36848
15444,0.091560006,0.15218,-0.36848
15465,0.053340003,0.16436,-0.37086
15487,0.041720003,0.16786,-0.36932
15487,0.041720003,0.16786,-0.36932
15508,0.041720003,0.16786,-0.36932
15508,0.041720003,0.16786,-0.36932
15529,0.0231,0.18382001,-0.36456
15529,0.0231,0.18382001,-0.36456
15551,0.0063,0.19754,-0.3682
15551,0.0063,0.19754,-0.3682
15572,0.0063,0.19754,-0.3682
15572,0.0063,0.19754,-0.3682
15593,-0.00728,0.22204001,-0.36876002
15615,-0.00728,0.22204001,-0.36876002
15615,-0.00728,0.22204001,-0.36876002
15636,-0.00882,0.24402,-0.36848
15636,-0.00882,0.24402,-0.36848
15657,-0.00882,0.24402,-0.36848
15657,-0.00882,0.24402,-0.36848
15679,-0.01498,0.2849,-0.3626
15679,-0.01498,0.2849,-0.3626
15700,-0.01498,0.2849,-0.3626
15700,-0.01498,0.2849,-0.3626
15721,-0.028420001,0.30338,-0.36484
15742,-0.03276,0.31556,-0.36092
15743,-0.03276,0.31556,-0.36092
15764,-0.03276,0.31556,-0.36092
15764,-0.03276,0.31556,-0.36092
15785,-0.03276,0.31556,-0.36092
15785,-0.03276,0.31556,-0.36092
15807,-0.03276,0.31556,-0.36092
15807,-0.03276,0.31556,-0.36092
15828,-0.05222,0.33418,-0.35056
15828,-0.05222,0.33418,-0.35056
15849,-0.05222,0.33418,-0.35056
15849,-0.05222,0.33418,-0.35056
15871,-0.082600005,0.32382,-0.33474
15892,-0.082600005,0.32382,-0.33474
15892,-0.082600005,0.32382,-0.33474
15913,-0.082600005,0.32382,-0.33474
15913,-0.082600005,0.32382,-0.33474
15934,-0.08946,0.3157,-0.29162002
15935,-0.08946,0.3157,-0.29162002
15956,-0.09954,0.30352,-0.31052002
15956,-0.09954,0.30352,-0.31052002
15977,-0.105560005,0.3073,-0.30324
15977,-0.105560005,0.3073,-0.30324
15999,-0.105560005,0.3073,-0.30324
16020,-0.11494,0.27328,-0.30296
16020,-0.11494,0.27328,-0.30296
16041,-0.11494,0.27328,-0.30296
16041,-0.11494,0.27328,-0.30296
16062,-0.10374,0.23198001,-0.30352
16063,-0.10374,0.23198001,-0.30352
16084,-0.098000005,0.19852,-0.29876
16084,-0.098000005,0.19852,-0.29876
16105,-0.098000005,0.19852,-0.29876
16105,-0.098000005,0.19852,-0.29876
16126,-0.09352,0.18536,-0.28308
16148,-0.09352,0.18536,-0.28308
16148,-0.09352,0.18536,-0.28308
16169,-0.097720005,0.18662001,-0.2842
16169,-0.097720005,0.18662001,-0.2842
16191,-0.095060006,0.1771,-0.28
16191,-0.095060006,0.1771,-0.28
16212,-0.095060006,0.1771,-0.28
16212,-0.095060006,0.1771,-0.28
16233,-0.095060006,0.1771,-0.28
16233,-0.095060006,0.1771,-0.28
16254,-0.07462,0.1428,-0.28294
16276,-0.0763,0.13832,-0.27972
16276,-0.0763,0.13832,-0.27972
16297,-0.0763,0.13832,-0.27972
16297,-0.0763,0.13832,-0.27972
16318,-0.081760004,0.13454,-0.27258
16319,-0.081760004,0.13454,-0.27258
16340,-0.07406,0.13622001,-0.28168002
16340,-0.07406,0.13622001,-0.28168002
16361,-0.0406,0.120400004,-0.30338
16361,-0.0406,0.120400004,-0.30338
16382,-0.0406,0.120400004,-0.30338
16404,-0.012320001,0.10346001,-0.30772
16404,-0.012320001,0.10346001,-0.30772
16425,0.0217,0.090160005,-0.31752002
16425,0.0217,0.090160005,-0.31752002
16447,0.0217,0.090160005,-0.31752002
16447,0.0217,0.090160005,-0.31752002
16468,0.04284,0.08652,-0.3206
16468,0.04284,0.08652,-0.3206
16489,0.04284,0.08652,-0.3206
16489,0.04284,0.08652,-0.3206
16510,0.061320003,0.07742,-0.32074
16532,0.061320003,0.07742,-0.32074
16532,0.061320003,0.07742,-0.32074
16553,0.08974,0.071540006,-0.32858002
16553,0.08974,0.071540006,-0.32858002
16575,0.105560005,0.066920005,-0.32424
16575,0.105560005,0.066920005,-0.32424
16596,0.11382,0.062860005,-0.32536
16596,0.11382,0.062860005,-0.32536
16617,0.11382,0.062860005,-0.32536
16617,0.11382,0.062860005,-0.32536
16639,0.11886001,0.0595,-0.31696
16639,0.11886001,0.0595,-0.31696
16660,0.11886001,0.0595,-0.31696
16681,0.106400006,0.05418,-0.31108
16681,0.106400006,0.05418,-0.31108
16702,0.08778,0.05558,-0.31640002
16703,0.08778,0.05558,-0.31640002
16724,0.08778,0.05558,-0.31640002
16724,0.08778,0.05558,-0.31640002
16745,0.06552,0.06398,-0.31332
16745,0.06552,0.06398,-0.31332
16767,0.06552,0.06398,-0.31332
16767,0.06552,0.06398,-0.31332
16788,0.03108,0.07308,-0.30506
16809,-0.015260001,0.1001,-0.30142
16809,-0.015260001,0.1001,-0.30142
16831,-0.015260001,0.1001,-0.30142
16831,-0.015260001,0.1001,-0.30142
16852,-0.04984,0.13692,-0.30548
16852,-0.04984,0.13692,-0.30548
16873,-0.062580004,0.19054,-0.31416002
16873,-0.062580004,0.19054,-0.31416002
16894,-0.062580004,0.19054,-0.31416002
16895,-0.062580004,0.19054,-0.31416002
16916,-0.08442,0.23716001,-0.31682
16937,-0.08442,0.23716001,-0.31682
16937,-0.08442,0.23716001,-0.31682
16958,-0.09464,0.27146,-0.30772
16959,-0.09464,0.27146,-0.30772
16980,-0.10388,0.28532,-0.30296
16980,-0.10388,0.28532,-0.30296
17001,-0.10388,0.28532,-0.30296
17001,-0.10388,0.28532,-0.30296
17022,-0.118300006,0.3052,-0.28896
17023,-0.118300006,0.3052,-0.28896
17044,-0.118300006,0.3052,-0.28896
17065,-0.12642,0.33012,-0.2737
17065,-0.12642,0.33012,-0.2737
17086,-0.13608,0.36008,-0.26446
17087,-0.13608,0.36008,-0.26446
17108,-0.13608,0.36008,-0.26446
17108,-0.13608,0.36008,-0.26446
17129,-0.13286,0.38808,-0.24794
17129,-0.13286,0.38808,-0.24794
17150,-0.13286,0.38808,-0.24794
17151,-0.13286,0.38808,-0.24794
17172,-0.13286,0.38808,-0.24794
17193,-0.13286,0.38808,-0.24794
17193,-0.13286,0.38808,-0.24794
17214,-0.12362,0.4361,-0.23478001
17215,-0.12362,0.4361,-0.23478001
17236,-0.12362,0.4361,-0.23478001
17236,-0.12362,0.4361,-0.23478001
17257,-0.12362,0.4361,-0.23478001
17257,-0.12362,0.4361,-0.23478001
17278,-0.12362,0.4361,-0.23478001
17279,-0.12362,0.4361,-0.23478001
17300,-0.14826,0.41818002,-0.19950001
17321,-0.14826,0.41818002,-0.19950001
17321,-0.14826,0.41818002,-0.19950001
17342,-0.14826,0.41818002,-0.19950001
17343,-0.14826,0.41818002,-0.19950001
17364,-0.1911,0.31346002,-0.14826
17364,-0.1911,0.31346002,-0.14826
17385,-0.1911,0.31346002,-0.14826
17385,-0.1911,0.31346002,-0.14826
17407,-0.1911,0.31346002,-0.14826
17407,-0.1911,0.31346002,-0.14826
17428,-0.1911,0.31346002,-0.14826
17449,-0.1799,0.20132,-0.13412
17449,-0.1799,0.20132,-0.13412
17470,-0.1799,0.20132,-0.13412
17470,-0.1799,0.20132,-0.13412
17492,-0.17038001,0.16814001,-0.1337
17492,-0.17038001,0.16814001,-0.1337
17513,-0.1638,0.15470001,-0.12838
17513,-0.1638,0.15470001,-0.12838
17534,-0.1638,0.15470001,-0.12838
17534,-0.1638,0.15470001,-0.12838
17556,-0.1638,0.15470001,-0.12838
17556,-0.1638,0.15470001,-0.12838
17577,-0.1505,0.12866001,-0.13328001
17598,-0.13902001,0.106960006,-0.1323
17598,-0.13902001,0.106960006,-0.1323
17620,-0.12642,0.089320004,-0.12782
17620,-0.12642,0.089320004,-0.12782
17641,-0.12642,0.089320004,-0.12782
17641,-0.12642,0.089320004,-0.12782
17662,-0.112,0.074480005,-0.13034001
17662,-0.112,0.074480005,-0.13034001
17684,-0.07644,0.0665,-0.12516001
17684,-0.07644,0.0665,-0.12516001
17705,-0.07644,0.0665,-0.12516001
17726,-0.07644,0.0665,-0.12516001
17726,-0.07644,0.0665,-0.12516001
17748,-0.09086,0.0504,-0.13006
17748,-0.09086,0.0504,-0.13006
17769,-0.0749,0.04396,-0.1428
17769,-0.0749,0.04396,-0.1428
17790,-0.0749,0.04396,-0.1428
17790,-0.0749,0.04396,-0.1428
17812,-0.041160002,0.02016,-0.16758001
17812,-0.041160002,0.02016,-0.16758001
17833,-0.0037800001,0.00196,-0.16842
17854,-0.0037800001,0.00196,-0.16842
17854,-0.0037800001,0.00196,-0.16842
17876,-0.0037800001,0.00196,-0.16842
17876,-0.0037800001,0.00196,-0.16842
17897,0.020440001,-0.00686,-0.18536
17897,0.020440001,-0.00686,-0.18536
17918,0.020440001,-0.00686,-0.18536
17918,0.020440001,-0.00686,-0.18536
17940,0.0469,-0.013300001,-0.20552
17940,0.0469,-0.013300001,-0.20552
17961,0.0469,-0.013300001,-0.20552
17982,0.04648,-0.01596,-0.20650001
17982,0.04648,-0.01596,-0.20650001
18004,0.0427,-0.01372,-0.1974
18004,0.0427,-0.01372,-0.1974
18025,0.0427,-0.01372,-0.1974
18025,0.0427,-0.01372,-0.1974
18046,0.0427,-0.01372,-0.1974
18046,0.0427,-0.01372,-0.1974
18068,0.0427,-0.01372,-0.1974
18068,0.0427,-0.01372,-0.1974
18089,0.0427,-0.01372,-0.1974
18110,-0.060480002,0.02954,-0.16282001
18111,-0.060480002,0.02954,-0.16282001
18132,-0.11144,0.0868,-0.16268
18132,-0.11144,0.0868,-0.16268
18153,-0.11144,0.0868,-0.16268
18153,-0.11144,0.0868,-0.16268
18174,-0.14364,0.12726,-0.17332001
18174,-0.14364,0.12726,-0.17332001
18196,-0.14364,0.12726,-0.17332001
18196,-0.14364,0.12726,-0.17332001
18217,-0.1645,0.17920001,-0.17822
18238,-0.16968,0.21378,-0.18214001
18239,-0.16968,0.21378,-0.18214001
18260,-0.16968,0.21378,-0.18214001
18260,-0.16968,0.21378,-0.18214001
18281,-0.17794001,0.23674001,-0.17738001
18281,-0.17794001,0.23674001,-0.17738001
18303,-0.17794001,0.23674001,-0.17738001
18303,-0.17794001,0.23674001,-0.17738001
18324,-0.1869,0.25592,-0.15834
18324,-0.1869,0.25592,-0.15834
18345,-0.19474001,0.28868002,-0.13986
18345,-0.19474001,0.28868002,-0.13986
18366,-0.19474001,0.28868002,-0.13986
18388,-0.1974,0.31668,-0.14378001
18388,-0.1974,0.31668,-0.14378001
18409,-0.1974,0.31668,-0.14378001
18409,-0.1974,0.31668,-0.14378001
18430,-0.18522,0.36918002,-0.15792
18431,-0.18522,0.36918002,-0.15792
18452,-0.1736,0.41076002,-0.1477
18452,-0.1736,0.41076002,-0.1477
18473,-0.1736,0.41076002,-0.1477
18473,-0.1736,0.41076002,-0.1477
18495,-0.1659,0.43372002,-0.13916
18516,-0.1659,0.43372002,-0.13916
18516,-0.1659,0.43372002,-0.13916
18537,-0.15722,0.4515,-0.11466
18537,-0.15722,0.4515,-0.11466
18559,-0.14994,0.46676,-0.10738
18559,-0.14994,0.46676,-0.10738
18580,-0.14994,0.46676,-0.10738
18580,-0.14994,0.46676,-0.10738
18601,-0.13888,0.49252,-0.10766
18601,-0.13888,0.49252,-0.10766
18623,-0.1288,0.49532002,-0.101780005
18644,-0.1288,0.49532002,-0.101780005
18644,-0.1288,0.49532002,-0.101780005
18665,-0.12404,0.5082,-0.11186
18665,-0.12404,0.5082,-0.11186
18686,-0.12404,0.5082,-0.11186
18687,-0.12404,0.5082,-0.11186
18708,-0.10864,0.51982003,-0.11578
18708,-0.10864,0.51982003,-0.11578
18729,-0.12082,0.51184,-0.11676
18729,-0.12082,0.51184,-0.11676
18751,-0.12082,0.51184,-0.11676
18772,-0.13356,0.49336,-0.102620006
18772,-0.13356,0.49336,-0.102620006
18793,-0.13356,0.49336,-0.102620006
18793,-0.13356,0.49336,-0.102620006
18814,-0.14714001,0.48034,-0.102900006
18815,-0.14714001,0.48034,-0.102900006
18836,-0.1645,0.44688,-0.08442
18836,-0.1645,0.44688,-0.08442
18857,-0.1645,0.44688,-0.08442
18857,-0.1645,0.44688,-0.08442
18879,-0.1806,0.41244,-0.085820004
18900,-0.1806,0.41244,-0.085820004
18900,-0.1806,0.41244,-0.085820004
18921,-0.18998,0.36918002,-0.094500005
18921,-0.18998,0.36918002,-0.094500005
18942,-0.19656001,0.32718,-0.116620004
18942,-0.19656001,0.32718,-0.116620004
18964,-0.19656001,0.32718,-0.116620004
18964,-0.19656001,0.32718,-0.116620004
18985,-0.19614,0.28448,-0.14266
18985,-0.19614,0.28448,-0.14266
19006,-0.19614,0.28448,-0.14266
19028,-0.18424,0.2527,-0.16156
19028,-0.18424,0.2527,-0.16156
19049,-0.16968,0.21182,-0.19082001
19049,-0.16968,0.21182,-0.19082001
19070,-0.16968,0.21182,-0.19082001
19071,-0.16968,0.21182,-0.19082001
19092,-0.15820001,0.18774,-0.19866
19092,-0.15820001,0.18774,-0.19866
19113,-0.15134001,0.1659,-0.2002
19113,-0.15134001,0.1659,-0.2002
19135,-0.15134001,0.1659,-0.2002
19156,-0.13594,0.13552,-0.1981
19156,-0.13594,0.13552,-0.1981
19177,-0.13594,0.13552,-0.1981
19177,-0.13594,0.13552,-0.1981
19199,-0.113400005,0.11088,-0.2009
19199,-0.113400005,0.11088,-0.2009
19220,-0.1036,0.08806,-0.1967
19220,-0.1036,0.08806,-0.1967
19241,-0.1036,0.08806,-0.1967
19241,-0.1036,0.08806,-0.1967
19262,-0.08302,0.066640005,-0.1946
19263,-0.08302,0.066640005,-0.1946
19284,-0.08302,0.066640005,-0.1946
19305,-0.056840003,0.04774,-0.19306001
19305,-0.056840003,0.04774,-0.19306001
19326,-0.02604,0.02716,-0.20132
19327,-0.02604,0.02716,-0.20132
19348,-0.02604,0.02716,-0.20132
19348,-0.02604,0.02716,-0.20132
19369,-0.00182,0.013160001,-0.21476
19369,-0.00182,0.013160001,-0.21476
19391,-0.00182,0.013160001,-0.21476
19391,-0.00182,0.013160001,-0.21476
19412,0.024220001,0.00588,-0.21798001
19433,0.028140001,0.00238,-0.22064
19433,0.028140001,0.00238,-0.22064
19455,0.028140001,0.00238,-0.22064
19455,0.028140001,0.00238,-0.22064
19476,0.02352,0.00784,-0.21896
19476,0.02352,0.00784,-0.21896
19497,0.02352,0.00784,-0.21896
19497,0.02352,0.00784,-0.21896
19518,0,0.012180001,-0.20552
19519,0,0.012180001,-0.20552
19540,-0.030380001,0.02128,-0.1813
19561,-0.05096,0.030660002,-0.16982001
19561,-0.05096,0.030660002,-0.16982001
19583,-0.05096,0.030660002,-0.16982001
19583,-0.05096,0.030660002,-0.16982001
19604,-0.05096,0.030660002,-0.16982001
19604,-0.05096,0.030660002,-0.16982001
19625,-0.093100004,0.056560002,-0.13832
19625,-0.093100004,0.056560002,-0.13832
19647,-0.12978001,0.09758,-0.12712
19647,-0.12978001,0.09758,-0.12712
19668,-0.12978001,0.09758,-0.12712
19689,-0.15792,0.14994,-0.11354
19689,-0.15792,0.14994,-0.11354
19711,-0.17682001,0.19614,-0.109060004
19711,-0.17682001,0.19614,-0.109060004
19732,-0.17682001,0.19614,-0.109060004
19732,-0.17682001,0.19614,-0.109060004
19753,-0.18900001,0.23338,-0.11648
19753,-0.18900001,0.23338,-0.11648
19775,-0.19782001,0.27958,-0.108780004
19775,-0.19782001,0.27958,-0.108780004
19796,-0.19782001,0.27958,-0.108780004
19817,-0.19852,0.32942,-0.0966
19817,-0.19852,0.32942,-0.0966
19839,-0.19852,0.32942,-0.0966
19839,-0.19852,0.32942,-0.0966
19860,-0.19124,0.37716,-0.095060006
19860,-0.19124,0.37716,-0.095060006
19881,-0.17696,0.4165,-0.10976
19881,-0.17696,0.4165,-0.10976
19903,-0.17696,0.4165,-0.10976
19903,-0.17696,0.4165,-0.10976
19924,-0.16044,0.43792,-0.110180005
19945,-0.16044,0.43792,-0.110180005
19945,-0.16044,0.43792,-0.110180005
19967,-0.14686,0.47866002,-0.10346001
19967,-0.14686,0.47866002,-0.10346001
19988,-0.12138,0.50358003,-0.11158
19988,-0.12138,0.50358003,-0.11158
20009,-0.12138,0.50358003,-0.11158
20009,-0.12138,0.50358003,-0.11158
20031,-0.10542,0.52178,-0.10248
20031,-0.10542,0.52178,-0.10248
20052,-0.09184,0.54082,-0.08162
20052,-0.09184,0.54082,-0.08162
20073,-0.09184,0.54082,-0.08162
20095,-0.093660004,0.53508,-0.05922
20095,-0.093660004,0.53508,-0.05922
20116,-0.093660004,0.53508,-0.05922
20116,-0.093660004,0.53508,-0.05922
20137,-0.10024,0.51688004,-0.0091
20137,-0.10024,0.51688004,-0.0091
20159,-0.118300006,0.47250003,0.03948
20159,-0.118300006,0.47250003,0.03948
20180,-0.118300006,0.47250003,0.03948
20180,-0.118300006,0.47250003,0.03948
20201,-0.12894,0.42924002,0.07574
20223,-0.14196001,0.3808,0.0882
20223,-0.14196001,0.3808,0.0882
20244,-0.14196001,0.3808,0.0882
20244,-0.14196001,0.3808,0.0882
20265,-0.14728001,0.35364002,0.10024
20265,-0.14728001,0.35364002,0.10024
20287,-0.14728001,0.35364002,0.10024
20287,-0.14728001,0.35364002,0.10024
20308,-0.14812,0.31752002,0.11242
20308,-0.14812,0.31752002,0.11242
20329,-0.14294,0.26992002,0.116620004
20351,-0.14294,0.26992002,0.116620004
20351,-0.14294,0.26992002,0.116620004
20372,-0.1393,0.22344,0.097720005
20372,-0.1393,0.22344,0.097720005
20393,-0.1393,0.22344,0.097720005
20393,-0.1393,0.22344,0.097720005
20415,-0.13202,0.17304,0.08456
20415,-0.13202,0.17304,0.08456
20436,-0.1295,0.15092,0.07084
20436,-0.1295,0.15092,0.07084
20457,-0.1295,0.15092,0.07084
20479,-0.118580006,0.106120005,0.05082
20479,-0.118580006,0.106120005,0.05082
20500,-0.098560005,0.06972,0.03584
20500,-0.098560005,0.06972,0.03584
20521,-0.098560005,0.06972,0.03584
20521,-0.098560005,0.06972,0.03584
20543,-0.07462,0.04018,0.0014000001
20543,-0.07462,0.04018,0.0014000001
20564,-0.07462,0.04018,0.0014000001
20564,-0.07462,0.04018,0.0014000001
20585,-0.04256,0.0061600003,-0.03892
20607,-0.01554,-0.01372,-0.04592
20607,-0.01554,-0.01372,-0.04592
20628,-0.01554,-0.01372,-0.04592
20628,-0.01554,-0.01372,-0.04592
20649,-0.01554,-0.01372,-0.04592
20649,-0.01554,-0.01372,-0.04592
20671,-0.0015400001,-0.01974,-0.05376
20671,-0.0015400001,-0.01974,-0.05376
20692,-0.00056,-0.024360001,-0.03206
20692,-0.00056,-0.024360001,-0.03206
20713,-0.00056,-0.024360001,-0.03206
20735,-0.00896,-0.016660001,-0.01624
20735,-0.00896,-0.016660001,-0.01624
20756,-0.02394,0.00532,0.016660001
20756,-0.02394,0.00532,0.016660001
20777,-0.02394,0.00532,0.016660001
20777,-0.02394,0.00532,0.016660001
20799,-0.05894,0.04704,0.0511
20799,-0.05894,0.04704,0.0511
20820,-0.05894,0.04704,0.0511
20820,-0.05894,0.04704,0.0511
20841,-0.08876,0.10024,0.08778
20863,-0.09814,0.13454,0.10514
20863,-0.09814,0.13454,0.10514
20884,-0.09814,0.13454,0.10514
20884,-0.09814,0.13454,0.10514
20905,-0.122360006,0.20328,0.1141
20905,-0.122360006,0.20328,0.1141
20927,-0.122360006,0.20328,0.1141
20927,-0.122360006,0.20328,0.1141
20948,-0.13146,0.26404,0.11004
20948,-0.13146,0.26404,0.11004
20969,-0.1393,0.31948,0.09604
20969,-0.1393,0.31948,0.09604
20991,-0.1393,0.31948,0.09604
21012,-0.1386,0.38612002,0.09226
21012,-0.1386,0.38612002,0.09226
21033,-0.1386,0.38612002,0.09226
21033,-0.1386,0.38612002,0.09226
21055,-0.12712,0.4228,0.07252
21055,-0.12712,0.4228,0.07252
21076,-0.12166,0.44590002,0.07406
21076,-0.12166,0.44590002,0.07406
21097,-0.12166,0.44590002,0.07406
21097,-0.12166,0.44590002,0.07406
21119,-0.10402,0.48356003,0.06552
21140,-0.07182,0.51548004,0.05404
21140,-0.07182,0.51548004,0.05404
21161,-0.07182,0.51548004,0.05404
21161,-0.07182,0.51548004,0.05404
21183,-0.05558,0.54166,0.040880002
21183,-0.05558,0.54166,0.040880002
21204,-0.03654,0.54824,0.02926
21204,-0.03654,0.54824,0.02926
21225,-0.03654,0.54824,0.02926
21225,-0.03654,0.54824,0.02926
21247,-0.02156,0.56756,0.021
21268,-0.02156,0.56756,0.021
21268,-0.02156,0.56756,0.021
21289,-0.00014,0.57414,0.02576
21289,-0.00014,0.57414,0.02576
21311,-0.030380001,0.57428,0.033320002
21311,-0.030380001,0.57428,0.033320002
21332,-0.030380001,0.57428,0.033320002
21332,-0.030380001,0.57428,0.033320002
21353,-0.010360001,0.56938004,0.03976
21353,-0.010360001,0.56938004,0.03976
21375,-0.010360001,0.56938004,0.03976
21396,-0.03822,0.54264003,0.057120003
21396,-0.03822,0.54264003,0.057120003
21417,-0.07896,0.5005,0.07756
21417,-0.07896,0.5005,0.07756
21439,-0.07896,0.5005,0.07756
21439,-0.07896,0.5005,0.07756
21460,-0.108780004,0.44478002,0.08358
21460,-0.108780004,0.44478002,0.08358
21481,-0.12558,0.41048002,0.09464
21481,-0.12558,0.41048002,0.09464
21503,-0.12558,0.41048002,0.09464
21524,-0.147,0.35448,0.08918
21524,-0.147,0.35448,0.08918
21545,-0.147,0.35448,0.08918
21545,-0.147,0.35448,0.08918
21567,-0.16408001,0.31080002,0.063
21567,-0.16408001,0.31080002,0.063
21588,-0.1659,0.26488,0.05446
21588,-0.1659,0.26488,0.05446
21609,-0.1659,0.26488,0.05446
21609,-0.1659,0.26488,0.05446
21631,-0.1631,0.21084,0.04298
21652,-0.15946001,0.1799,0.024500001
21652,-0.15946001,0.1799,0.024500001
21673,-0.15946001,0.1799,0.024500001
21673,-0.15946001,0.1799,0.024500001
21695,-0.14616,0.1372,0.0075600003
21695,-0.14616,0.1372,0.0075600003
21716,-0.14616,0.1372,0.0075600003
21716,-0.14616,0.1372,0.0075600003
21737,-0.12026,0.100940004,0.0061600003
21737,-0.12026,0.100940004,0.0061600003
21759,-0.09926,0.07028,0.00028
21759,-0.09926,0.07028,0.00028
21780,-0.09926,0.07028,0.00028
21801,-0.07924,0.04032,-0.00056
21801,-0.07924,0.04032,-0.00056
21823,-0.07924,0.04032,-0.00056
21823,-0.07924,0.04032,-0.00056
21844,-0.05012,0.0238,0.00112
21844,-0.05012,0.0238,0.00112
21865,-0.03108,0.00644,0.0063
21865,-0.03108,0.00644,0.0063
21887,-0.03108,0.00644,0.0063
21887,-0.03108,0.00644,0.0063
21908,-0.013160001,-0.00602,0.014420001
21929,-0.013160001,-0.00602,0.014420001
21929,-0.013160001,-0.00602,0.014420001
21951,-0.00238,-0.00952,0.0119
21951,-0.00238,-0.00952,0.0119
21972,-0.00364,-0.0091,0.01106
21972,-0.00364,-0.0091,0.01106
21993,-0.00364,-0.0091,0.01106
21993,-0.00364,-0.0091,0.01106
22015,-0.0161,-0.00336,0.0203
22015,-0.0161,-0.00336,0.0203
22036,-0.02576,0.00896,0.03178
22057,-0.02576,0.00896,0.03178
22057,-0.02576,0.00896,0.03178
22079,-0.03934,0.0294,0.044940002
22079,-0.03934,0.0294,0.044940002
22100,-0.03934,0.0294,0.044940002
22100,-0.03934,0.0294,0.044940002
22121,-0.05964,0.06384,0.07812
22121,-0.05964,0.06384,0.07812
22143,-0.05964,0.06384,0.07812
22143,-0.05964,0.06384,0.07812
22164,-0.08106,0.11648,0.111020006
22185,-0.10248,0.17556,0.1176
22185,-0.10248,0.17556,0.1176
22207,-0.10248,0.17556,0.1176
22207,-0.10248,0.17556,0.1176
22228,-0.106960006,0.22666001,0.13272001
22228,-0.106960006,0.22666001,0.13272001
22249,-0.112560004,0.27986002,0.14588
22249,-0.112560004,0.27986002,0.14588
22271,-0.112560004,0.27986002,0.14588
22271,-0.112560004,0.27986002,0.14588
22292,-0.10808,0.3227,0.14392
22313,-0.10808,0.3227,0.14392
22313,-0.10808,0.3227,0.14392
22335,-0.104720004,0.3675,0.13412
22335,-0.104720004,0.3675,0.13412
22356,-0.10416,0.4074,0.11732
22356,-0.10416,0.4074,0.11732
22377,-0.10416,0.4074,0.11732
22377,-0.10416,0.4074,0.11732
22399,-0.09184,0.44520003,0.105560005
22399,-0.09184,0.44520003,0.105560005
22420,-0.09184,0.44520003,0.105560005
22441,-0.07588,0.48650002,0.090160005
22441,-0.07588,0.48650002,0.090160005
22463,-0.07588,0.48650002,0.090160005
22463,-0.07588,0.48650002,0.090160005
22484,-0.060200002,0.5222,0.07294
22484,-0.060200002,0.5222,0.07294
22505,-0.0469,0.53522,0.063700005
22505,-0.0469,0.53522,0.063700005
22527,-0.028,0.55314004,0.05152
22527,-0.028,0.55314004,0.05152
22548,-0.028,0.55314004,0.05152
22569,-0.0105,0.56560004,0.04424
22569,-0.0105,0.56560004,0.04424
22591,-0.0105,0.56560004,0.04424
22591,-0.0105,0.56560004,0.04424
22612,-0.0102200005,0.56924003,0.033600003
22612,-0.0102200005,0.56924003,0.033600003
22633,-0.01386,0.5614,0.036820002
22633,-0.01386,0.5614,0.036820002
22655,-0.01386,0.5614,0.036820002
22655,-0.01386,0.5614,0.036820002
22676,-0.028700002,0.55244,0.060340002
22676,-0.028700002,0.55244,0.060340002
22697,-0.028700002,0.55244,0.060340002
22719,-0.049280003,0.51436,0.08946
22719,-0.049280003,0.51436,0.08946
22740,-0.066640005,0.45556,0.12810001
22740,-0.066640005,0.45556,0.12810001
22761,-0.066640005,0.45556,0.12810001
22761,-0.066640005,0.45556,0.12810001
22783,-0.08442,0.38822,0.15498
22783,-0.08442,0.38822,0.15498
22804,-0.08442,0.38822,0.15498
22804,-0.08442,0.38822,0.15498
22825,-0.0917,0.35182002,0.16366
22847,-0.08946,0.2954,0.17416
22847,-0.08946,0.2954,0.17416
22868,-0.08946,0.2954,0.17416
22868,-0.08946,0.2954,0.17416
22889,-0.07616,0.24514,0.18284
22889,-0.07616,0.24514,0.18284
22911,-0.063,0.20524001,0.18018
22911,-0.063,0.20524001,0.18018
22932,-0.063,0.20524001,0.18018
22932,-0.063,0.20524001,0.18018
22953,-0.049140003,0.17514001,0.1834
22975,-0.049140003,0.17514001,0.1834
22975,-0.049140003,0.17514001,0.1834
22996,-0.04312,0.13468,0.16814001
22996,-0.04312,0.13468,0.16814001
23017,-0.03178,0.10724001,0.15372
23017,-0.03178,0.10724001,0.15372
23039,-0.03178,0.10724001,0.15372
23039,-0.03178,0.10724001,0.15372
23060,-0.01778,0.06972,0.13006
23060,-0.01778,0.06972,0.13006
23081,0.0028000001,0.03136,0.09996
23103,0.0028000001,0.03136,0.09996
23103,0.0028000001,0.03136,0.09996
23124,0.026460001,-0.0014000001,0.06734
23124,0.026460001,-0.0014000001,0.06734
23145,0.026460001,-0.0014000001,0.06734
23145,0.026460001,-0.0014000001,0.06734
23167,0.056980003,-0.02576,0.041720003
23167,0.056980003,-0.02576,0.041720003
23188,0.056980003,-0.02576,0.041720003
23188,0.056980003,-0.02576,0.041720003
23209,0.07658,-0.03934,0.02534
23231,0.105280004,-0.053060003,-0.014420001
23231,0.105280004,-0.053060003,-0.014420001
23252,0.105280004,-0.053060003,-0.014420001
23252,0.105280004,-0.053060003,-0.014420001
23273,0.12908,-0.05866,-0.01778
23273,0.12908,-0.05866,-0.01778
23295,0.13566001,-0.057680003,-0.01988
23295,0.13566001,-0.057680003,-0.01988
23316,0.13566001,-0.057680003,-0.01988
23316,0.13566001,-0.057680003,-0.01988
23337,0.12908,-0.05824,0.00532
23359,0.12908,-0.05824,0.00532
23359,0.12908,-0.05824,0.00532
23380,0.11732,-0.037380002,0.04662
23380,0.11732,-0.037380002,0.04662
23401,0.09982,-0.02142,0.08876
23401,0.09982,-0.02142,0.08876
23423,0.09982,-0.02142,0.08876
23423,0.09982,-0.02142,0.08876
23444,0.07462,0.013160001,0.13188
23444,0.07462,0.013160001,0.13188
23465,0.07462,0.013160001,0.13188
23465,0.07462,0.013160001,0.13188
23487,0.04718,0.05404,0.16408001
23508,0.03556,0.093940005,0.19586
23508,0.03556,0.093940005,0.19586
23529,0.03556,0.093940005,0.19586
23529,0.03556,0.093940005,0.19586
23551,0.05572,0.14364,0.22960001
23551,0.05572,0.14364,0.22960001
23572,0.070980005,0.20118001,0.24878001
23572,0.070980005,0.20118001,0.24878001
23593,0.070980005,0.20118001,0.24878001
23593,0.070980005,0.20118001,0.24878001
23615,0.06916,0.23604001,0.25606
23636,0.06916,0.23604001,0.25606
23636,0.06916,0.23604001,0.25606
23657,0.06594,0.28938,0.25424
23657,0.06594,0.28938,0.25424
23679,0.060060002,0.34062,0.24192001
23679,0.060060002,0.34062,0.24192001
23700,0.060060002,0.34062,0.24192001
23700,0.060060002,0.34062,0.24192001
23721,0.04298,0.39354002,0.22218001
23721,0.04298,0.39354002,0.22218001
23743,0.04298,0.39354002,0.22218001
23764,0.030100001,0.44982,0.19418001
23764,0.030100001,0.44982,0.19418001
23785,0.033180002,0.47852,0.17234
23785,0.033180002,0.47852,0.17234
23807,0.033180002,0.47852,0.17234
23807,0.033180002,0.47852,0.17234
23828,0.056280002,0.50484,0.1575
23828,0.056280002,0.50484,0.1575
23849,0.07588,0.52752,0.14784001
23849,0.07588,0.52752,0.14784001
23871,0.07588,0.52752,0.14784001
23892,0.096880004,0.54152,0.13146
23892,0.096880004,0.54152,0.13146
23913,0.096880004,0.54152,0.13146
23913,0.096880004,0.54152,0.13146
23935,0.102620006,0.5446,0.12138
23935,0.102620006,0.5446,0.12138
23956,0.11648,0.54474,0.113960005
23956,0.11648,0.54474,0.113960005
23977,0.11648,0.54474,0.113960005
23977,0.11648,0.54474,0.113960005
23999,0.111020006,0.5418,0.12362
24020,0.099400006,0.5299,0.14462
24020,0.099400006,0.5299,0.14462
24041,0.099400006,0.5299,0.14462
24041,0.099400006,0.5299,0.14462
24063,0.0784,0.5019,0.16408001
24063,0.0784,0.5019,0.16408001
24084,0.0784,0.5019,0.16408001
24084,0.0784,0.5019,0.16408001
24105,0.071260005,0.4641,0.19726
24105,0.071260005,0.4641,0.19726
24127,0.071260005,0.4641,0.19726
24148,0.053620003,0.38584,0.23338
24148,0.053620003,0.38584,0.23338
24169,0.04018,0.30688,0.24724
24169,0.04018,0.30688,0.24724
24191,0.0434,0.21434,0.24052
24191,0.0434,0.21434,0.24052
24212,0.0434,0.21434,0.24052
24212,0.0434,0.21434,0.24052
24233,0.0434,0.21434,0.24052
24233,0.0434,0.21434,0.24052
24255,0.052360002,0.14826,0.22022
24276,0.06384,0.1057,0.20706001
24276,0.06384,0.1057,0.20706001
24297,0.08134,0.052780002,0.16996
24298,0.08134,0.052780002,0.16996
24319,0.08134,0.052780002,0.16996
24319,0.08134,0.052780002,0.16996
24340,0.0952,0.00798,0.1253
24340,0.0952,0.00798,0.1253
24361,0.0952,0.00798,0.1253
24362,0.0952,0.00798,0.1253
24383,0.11942001,-0.028560001,0.070420004
24383,0.11942001,-0.028560001,0.070420004
24404,0.11942001,-0.028560001,0.070420004
24425,0.11942001,-0.028560001,0.070420004
24425,0.11942001,-0.028560001,0.070420004
24447,0.11942001,-0.028560001,0.070420004
24447,0.11942001,-0.028560001,0.070420004
24468,0.19166,-0.057120003,-0.01064
24468,0.19166,-0.057120003,-0.01064
24489,0.19166,-0.057120003,-0.01064
24489,0.19166,-0.057120003,-0.01064
24511,0.20328,-0.057260003,-0.01778
24511,0.20328,-0.057260003,-0.01778
24532,0.1981,-0.05474,-0.01834
24553,0.1981,-0.05474,-0.01834
24553,0.1981,-0.05474,-0.01834
24575,0.17682001,-0.057120003,0.01722
24575,0.17682001,-0.057120003,0.01722
24596,0.17682001,-0.057120003,0.01722
24596,0.17682001,-0.057120003,0.01722
24617,0.17682001,-0.057120003,0.01722
24617,0.17682001,-0.057120003,0.01722
24639,0.16394,-0.049000002,0.03654
24639,0.16394,-0.049000002,0.03654
24660,0.13944,-0.0315,0.09002
24681,0.12404,-0.00112,0.12852
24681,0.12404,-0.00112,0.12852
24703,0.12404,-0.00112,0.12852
24703,0.12404,-0.00112,0.12852
24724,0.12404,-0.00112,0.12852
24724,0.12404,-0.00112,0.12852
24745,0.104720004,0.0392,0.17206
24745,0.104720004,0.0392,0.17206
24767,0.086100005,0.075040005,0.20286001
24767,0.086100005,0.075040005,0.20286001
24788,0.08106,0.13342,0.23086001
24809,0.08106,0.13342,0.23086001
24809,0.08106,0.13342,0.23086001
24831,0.077980004,0.16884,0.24052
24831,0.077980004,0.16884,0.24052
24852,0.077980004,0.16884,0.24052
24852,0.077980004,0.16884,0.24052
24873,0.06524,0.22260001,0.25354
24873,0.06524,0.22260001,0.25354
24895,0.03668,0.294,0.25004
24895,0.03668,0.294,0.25004
24916,0.03668,0.294,0.25004
24937,0.016520001,0.35994002,0.2275
24937,0.016520001,0.35994002,0.2275
24959,0.03248,0.41132,0.21042001
24959,0.03248,0.41132,0.21042001
24980,0.03248,0.41132,0.21042001
24980,0.03248,0.41132,0.21042001
25001,0.04676,0.46396002,0.18746
25001,0.04676,0.46396002,0.18746
25023,0.04676,0.46396002,0.18746
25023,0.04676,0.46396002,0.18746
25044,0.053620003,0.49154,0.16646
25065,0.07728,0.52976,0.13622001
25065,0.07728,0.52976,0.13622001
25087,0.07728,0.52976,0.13622001
25087,0.07728,0.52976,0.13622001
25108,0.11032,0.55832,0.105560005
25108,0.11032,0.55832,0.105560005
25129,0.11032,0.55832,0.105560005
25129,0.11032,0.55832,0.105560005
25151,0.14840001,0.56756,0.08274
25151,0.14840001,0.56756,0.08274
25172,0.17346,0.57414,0.0812
25172,0.17346,0.57414,0.0812
25193,0.17346,0.57414,0.0812
25215,0.18662001,0.5677,0.07812
25215,0.18662001,0.5677,0.07812
25236,0.18662001,0.5677,0.07812
25236,0.18662001,0.5677,0.07812
25257,0.19628,0.56490004,0.07434
25257,0.19628,0.56490004,0.07434
25279,0.18256001,0.56336004,0.09604
25279,0.18256001,0.56336004,0.09604
25300,0.18256001,0.56336004,0.09604
25300,0.18256001,0.56336004,0.09604
25321,0.15162,0.5411,0.12838
25343,0.120400004,0.48664,0.18214001
25343,0.120400004,0.48664,0.18214001
25364,0.120400004,0.48664,0.18214001
25364,0.120400004,0.48664,0.18214001
25385,0.120400004,0.48664,0.18214001
25385,0.120400004,0.48664,0.18214001
25407,0.0959,0.44156,0.21896
25407,0.0959,0.44156,0.21896
25428,0.086100005,0.40432,0.23366001
25428,0.086100005,0.40432,0.23366001
25449,0.07756,0.35294002,0.23772001
25471,0.07756,0.35294002,0.23772001
25471,0.07756,0.35294002,0.23772001
25492,0.05992,0.30184,0.25102
25492,0.05992,0.30184,0.25102
25513,0.05992,0.30184,0.25102
25513,0.05992,0.30184,0.25102
25535,0.045360003,0.24094,0.245
25535,0.045360003,0.24094,0.245
25556,0.053620003,0.17864001,0.23254001
25556,0.053620003,0.17864001,0.23254001
25577,0.053620003,0.17864001,0.23254001
25599,0.06174,0.11508001,0.21700001
25599,0.06174,0.11508001,0.21700001
25620,0.06174,0.11508001,0.21700001
25620,0.06174,0.11508001,0.21700001
25641,0.06832,0.086100005,0.1967
25641,0.06832,0.086100005,0.1967
25663,0.05838,0.0511,0.16016
25663,0.05838,0.0511,0.16016
25684,0.05838,0.0511,0.16016
25684,0.05838,0.0511,0.16016
25705,0.066640005,0.024360001,0.12936
25727,0.081480004,-0.01386,0.09254
25727,0.081480004,-0.01386,0.09254
25748,0.081480004,-0.01386,0.09254
25748,0.081480004,-0.01386,0.09254
25769,0.09436,-0.02954,0.044800002
25769,0.09436,-0.02954,0.044800002
25791,0.09436,-0.02954,0.044800002
25791,0.09436,-0.02954,0.044800002
25812,0.1197,-0.044800002,0.0182
25812,0.1197,-0.044800002,0.0182
25833,0.14098,-0.0546,0.00476
25855,0.14098,-0.0546,0.00476
25855,0.14098,-0.0546,0.00476
25876,0.16198,-0.052500002,0.012180001
25876,0.16198,-0.052500002,0.012180001
25897,0.16198,-0.052500002,0.012180001
25897,0.16198,-0.052500002,0.012180001
25919,0.17528,-0.042,0.049700003
25919,0.17528,-0.042,0.049700003
25940,0.17528,-0.042,0.049700003
25940,0.17528,-0.042,0.049700003
25961,0.17528,-0.042,0.049700003
25983,0.17528,-0.042,0.049700003
25983,0.17528,-0.042,0.049700003
26004,0.15624,0.0077000004,0.14154
26004,0.15624,0.0077000004,0.14154
26025,0.14490001,0.03444,0.16926001
26025,0.14490001,0.03444,0.16926001
26047,0.13076,0.08064,0.20916
26047,0.13076,0.08064,0.20916
26068,0.13076,0.08064,0.20916
26068,0.13076,0.08064,0.20916
26089,0.123900004,0.13986,0.2387
26089,0.123900004,0.13986,0.2387
26111,0.1001,0.19292,0.24990001
26132,0.1001,0.19292,0.24990001
26132,0.1001,0.19292,0.24990001
26153,0.07518,0.2457,0.24962
26153,0.07518,0.2457,0.24962
26175,0.07518,0.2457,0.24962
26175,0.07518,0.2457,0.24962
26196,0.07518,0.30114,0.25816
26196,0.07518,0.30114,0.25816
26217,0.0854,0.33978,0.24892001
26217,0.0854,0.33978,0.24892001
26239,0.0854,0.33978,0.24892001
26260,0.07756,0.38892,0.23408
26260,0.07756,0.38892,0.23408
26281,0.07756,0.38892,0.23408
26281,0.07756,0.38892,0.23408
26303,0.08652,0.43554002,0.2177
26303,0.08652,0.43554002,0.2177
26324,0.105560005,0.48132002,0.18984
26324,0.105560005,0.48132002,0.18984
26345,0.105560005,0.48132002,0.18984
26345,0.105560005,0.48132002,0.18984
26367,0.13412,0.51786,0.16394
26388,0.13412,0.51786,0.16394
26388,0.13412,0.51786,0.16394
26409,0.17514001,0.54516,0.13888
26409,0.17514001,0.54516,0.13888
26431,0.16520001,0.55496,0.12054
26431,0.16520001,0.55496,0.12054
26452,0.16520001,0.55496,0.12054
26452,0.16520001,0.55496,0.12054
26473,0.19908,0.5488,0.10598
26474,0.19908,0.5488,0.10598
26495,0.20846,0.53662,0.13804
26516,0.20846,0.53662,0.13804
26516,0.20846,0.53662,0.13804
26537,0.18508,0.48860002,0.18438001
26538,0.18508,0.48860002,0.18438001
26559,0.18508,0.48860002,0.18438001
26559,0.18508,0.48860002,0.18438001
26580,0.12754,0.45304,0.2149
26580,0.12754,0.45304,0.2149
26601,0.09198,0.42238,0.23408
26601,0.09198,0.42238,0.23408
26623,0.09198,0.42238,0.23408
26644,0.04746,0.36106002,0.231
26644,0.04746,0.36106002,0.231
26665,0.04746,0.36106002,0.231
26665,0.04746,0.36106002,0.231
26687,-0.01946,0.31612,0.21322
26687,-0.01946,0.31612,0.21322
26708,-0.0651,0.26054,0.1799
26708,-0.0651,0.26054,0.1799
26729,-0.0651,0.26054,0.1799
26729,-0.0651,0.26054,0.1799
26751,-0.083160006,0.19376001,0.15512
26772,-0.083160006,0.19376001,0.15512
26772,-0.083160006,0.19376001,0.15512
26793,-0.066080004,0.122360006,0.12992
26793,-0.066080004,0.122360006,0.12992
26815,-0.03598,0.070420004,0.120680004
26815,-0.03598,0.070420004,0.120680004
26836,-0.03598,0.070420004,0.120680004
26836,-0.03598,0.070420004,0.120680004
26857,0.0364,0.02758,0.12376
26857,0.0364,0.02758,0.12376
26879,0.08414,0.00602,0.113120005
26879,0.08414,0.00602,0.113120005
26900,0.08414,0.00602,0.113120005
26921,0.11214,-0.01078,0.10794
26921,0.11214,-0.01078,0.10794
26943,0.11214,-0.01078,0.10794
26943,0.11214,-0.01078,0.10794
26964,0.11214,-0.01078,0.10794
26964,0.11214,-0.01078,0.10794
26985,0.11214,-0.01078,0.10794
26985,0.11214,-0.01078,0.10794
27007,0.13678001,-0.020580001,0.084
27007,0.13678001,-0.020580001,0.084
27028,0.13678001,-0.020580001,0.084
27049,0.12488,-0.01988,0.087500006
27049,0.12488,-0.01988,0.087500006
27071,0.12572001,-0.01694,0.09982
27071,0.12572001,-0.01694,0.09982
27092,0.12572001,-0.01694,0.09982
27092,0.12572001,-0.01694,0.09982
27113,0.12712,-0.00644,0.11326
27113,0.12712,-0.00644,0.11326
27135,0.122080006,0.00728,0.1442
27135,0.122080006,0.00728,0.1442
27156,0.122080006,0.00728,0.1442
27177,0.12866001,0.04312,0.17374
27177,0.12866001,0.04312,0.17374
27199,0.12866001,0.04312,0.17374
27199,0.12866001,0.04312,0.17374
27220,0.13104,0.0665,0.19838001
27220,0.13104,0.0665,0.19838001
27241,0.14266,0.10052,0.21672
27241,0.14266,0.10052,0.21672
27263,0.14266,0.10052,0.21672
27263,0.14266,0.10052,0.21672
27284,0.15806,0.14126,0.24430001
27305,0.15806,0.14126,0.24430001
27305,0.15806,0.14126,0.24430001
27327,0.16786,0.1708,0.2534
27327,0.16786,0.1708,0.2534
27348,0.17962,0.20580001,0.25704
27348,0.17962,0.20580001,0.25704
27369,0.17962,0.20580001,0.25704
27369,0.17962,0.20580001,0.25704
27391,0.17458001,0.27118,0.26082
27391,0.17458001,0.27118,0.26082
27412,0.17458001,0.27118,0.26082
27433,0.17206,0.30814,0.25494
27433,0.17206,0.30814,0.25494
27455,0.17178,0.35462,0.24948001
27455,0.17178,0.35462,0.24948001
27476,0.17178,0.35462,0.24948001
27476,0.17178,0.35462,0.24948001
27497,0.18354,0.39102,0.23772001
27497,0.18354,0.39102,0.23772001
27519,0.20174001,0.41594002,0.22988
27519,0.20174001,0.41594002,0.22988
27540,0.20174001,0.41594002,0.22988
27561,0.2345,0.42434,0.2142
27561,0.2345,0.42434,0.2142
27583,0.2345,0.42434,0.2142
27583,0.2345,0.42434,0.2142
27604,0.25536,0.43694,0.19796
27604,0.25536,0.43694,0.19796
27625,0.25536,0.43694,0.19796
27625,0.25536,0.43694,0.19796
27647,0.28322,0.44646,0.17402
27647,0.28322,0.44646,0.17402
27668,0.28322,0.44646,0.17402
27689,0.28322,0.44646,0.17402
27689,0.28322,0.44646,0.17402
27711,0.28658,0.45220003,0.17514001
27711,0.28658,0.45220003,0.17514001
27732,0.27846,0.43652,0.18158
27732,0.27846,0.43652,0.18158
27753,0.2667,0.43274,0.19082001
27754,0.2667,0.43274,0.19082001
27775,0.2667,0.43274,0.19082001
27775,0.2667,0.43274,0.19082001
27796,0.25186,0.42574,0.20230001
27796,0.25186,0.42574,0.20230001
27817,0.24248001,0.39886,0.21812001
27839,0.24248001,0.39886,0.21812001
27839,0.24248001,0.39886,0.21812001
27860,0.2387,0.38444,0.23464
27860,0.2387,0.38444,0.23464
27881,0.2387,0.38444,0.23464
27881,0.2387,0.38444,0.23464
27903,0.2156,0.35770002,0.24640001
27903,0.2156,0.35770002,0.24640001
27924,0.19558,0.32956,0.25718
27924,0.19558,0.32956,0.25718
27945,0.19558,0.32956,0.25718
27967,0.18018,0.26852,0.26852
27967,0.18018,0.26852,0.26852
27988,0.18018,0.26852,0.26852
27988,0.18018,0.26852,0.26852
28009,0.16520001,0.22568001,0.26236
28009,0.16520001,0.22568001,0.26236
28031,0.13258,0.19712001,0.2583
28031,0.13258,0.19712001,0.2583
28052,0.13258,0.19712001,0.2583
28052,0.13258,0.19712001,0.2583
28073,0.098840006,0.16982001,0.23688
28095,0.098840006,0.16982001,0.23688
28095,0.098840006,0.16982001,0.23688
28116,0.08022,0.15288,0.24262
28116,0.08022,0.15288,0.24262
28137,0.05852,0.13062,0.22834
28137,0.05852,0.13062,0.22834
28159,0.05852,0.13062,0.22834
28159,0.05852,0.13062,0.22834
28180,0.04298,0.1162,0.21000001
28180,0.04298,0.1162,0.21000001
28201,0.02142,0.118020006,0.20454
28223,0.02142,0.118020006,0.20454
28223,0.02142,0.118020006,0.20454
28244,0.01372,0.11606,0.19544001
28244,0.01372,0.11606,0.19544001
28265,-0.018760001,0.114800006,0.18620001
28265,-0.018760001,0.114800006,0.18620001
28287,-0.018760001,0.114800006,0.18620001
28287,-0.018760001,0.114800006,0.18620001
28308,-0.0322,0.116620004,0.17024
28308,-0.0322,0.116620004,0.17024
28329,-0.0322,0.116620004,0.17024
28351,-0.042,0.11158,0.1526
28351,-0.042,0.11158,0.1526
28372,-0.05194,0.10752,0.14518
28372,-0.05194,0.10752,0.14518
28393,-0.05194,0.10752,0.14518
28393,-0.05194,0.10752,0.14518
28415,-0.049700003,0.10276,0.14112
28415,-0.049700003,0.10276,0.14112
28436,-0.033040002,0.09576,0.15484
28436,-0.033040002,0.09576,0.15484
28457,-0.033040002,0.09576,0.15484
28479,-0.0147,0.098560005,0.16982001
28479,-0.0147,0.098560005,0.16982001
28500,-0.0147,0.098560005,0.16982001
28500,-0.0147,0.098560005,0.16982001
28521,0.0175,0.08862,0.18704
28521,0.0175,0.08862,0.18704
28543,0.05222,0.0903,0.20048
28543,0.05222,0.0903,0.20048
28564,0.05222,0.0903,0.20048
28564,0.05222,0.0903,0.20048
28585,0.113680005,0.08358,0.20636001
28586,0.113680005,0.08358,0.20636001
28607,0.113680005,0.08358,0.20636001
28628,0.16268,0.073640004,0.2051
28628,0.16268,0.073640004,0.2051
28649,0.16268,0.073640004,0.2051
28649,0.16268,0.073640004,0.2051
28671,0.16268,0.073640004,0.2051
28671,0.16268,0.073640004,0.2051
28692,0.23562,0.08372,0.20874001
28692,0.23562,0.08372,0.20874001
28713,0.23562,0.08372,0.20874001
28713,0.23562,0.08372,0.20874001
28735,0.27104,0.10346001,0.20874001
28756,0.28322,0.113400005,0.20832
28756,0.28322,0.113400005,0.20832
28777,0.28322,0.113400005,0.20832
28777,0.28322,0.113400005,0.20832
28799,0.31094,0.12082,0.19208
28799,0.31094,0.12082,0.19208
28820,0.33054,0.13832,0.18508
28820,0.33054,0.13832,0.18508
28841,0.33054,0.13832,0.18508
28842,0.33054,0.13832,0.18508
28863,0.35784,0.16632001,0.18466
28884,0.35784,0.16632001,0.18466
28884,0.35784,0.16632001,0.18466
28905,0.38094002,0.18844001,0.16254
28905,0.38094002,0.18844001,0.16254
28927,0.39242002,0.21882,0.15708001
28927,0.39242002,0.21882,0.15708001
28948,0.39242002,0.21882,0.15708001
28948,0.39242002,0.21882,0.15708001
28969,0.39760002,0.23758,0.14406
28970,0.39760002,0.23758,0.14406
28991,0.39760002,0.23758,0.14406
29012,0.4095,0.26418,0.13790001
29012,0.4095,0.26418,0.13790001
29033,0.41426,0.2975,0.1358
29033,0.41426,0.2975,0.1358
29055,0.41426,0.2975,0.1358
29055,0.41426,0.2975,0.1358
29076,0.40404,0.34104002,0.1323
29076,0.40404,0.34104002,0.1323
29097,0.40404,0.34104002,0.1323
29097,0.40404,0.34104002,0.1323
29119,0.3899,0.3766,0.13244
29140,0.39088002,0.38682002,0.11914001
29140,0.39088002,0.38682002,0.11914001
29161,0.39088002,0.38682002,0.11914001
29161,0.39088002,0.38682002,0.11914001
29183,0.39396,0.39774,0.1092
29183,0.39396,0.39774,0.1092
29204,0.39858,0.39074,0.10444
29204,0.39858,0.39074,0.10444
29225,0.39858,0.39074,0.10444
29225,0.39858,0.39074,0.10444
29247,0.41776,0.35882002,0.101500005
29268,0.41776,0.35882002,0.101500005
29268,0.41776,0.35882002,0.101500005
29289,0.4305,0.32018,0.10654
29289,0.4305,0.32018,0.10654
29311,0.43638,0.28308,0.0966
29311,0.43638,0.28308,0.0966
29332,0.43638,0.28308,0.0966
29332,0.43638,0.28308,0.0966
29353,0.43862,0.23534,0.091560006
29353,0.43862,0.23534,0.091560006
29375,0.43596002,0.18242,0.08848
29396,0.43596002,0.18242,0.08848
29396,0.43596002,0.18242,0.08848
29417,0.43596002,0.18242,0.08848
29417,0.43596002,0.18242,0.08848
29439,0.41790003,0.13846001,0.09576
29439,0.41790003,0.13846001,0.09576
29460,0.39158002,0.11298,0.11214
29460,0.39158002,0.11298,0.11214
29481,0.39158002,0.11298,0.11214
29481,0.39158002,0.11298,0.11214
29503,0.3836,0.093380004,0.11522
29503,0.3836,0.093380004,0.11522
29524,0.3542,0.06972,0.116900004
29545,0.3542,0.06972,0.116900004
29545,0.3542,0.06972,0.116900004
29567,0.33404002,0.05586,0.12852
29567,0.33404002,0.05586,0.12852
29588,0.30828002,0.04256,0.13790001
29588,0.30828002,0.04256,0.13790001
29609,0.30828002,0.04256,0.13790001
29609,0.30828002,0.04256,0.13790001
29631,0.28084,0.02492,0.12852
29631,0.28084,0.02492,0.12852
29652,0.28084,0.02492,0.12852
29673,0.25480002,0.021,0.13874
29673,0.25480002,0.021,0.13874
29695,0.23226,0.0161,0.1463
29695,0.23226,0.0161,0.1463
29716,0.23226,0.0161,0.1463
29716,0.23226,0.0161,0.1463
29737,0.20650001,0.014140001,0.14896001
29737,0.20650001,0.014140001,0.14896001
29759,0.20650001,0.014140001,0.14896001
29759,0.20650001,0.014140001,0.14896001
29780,0.18522,0.02296,0.16954
29801,0.17514001,0.03542,0.17668
29801,0.17514001,0.03542,0.17668
29823,0.17514001,0.03542,0.17668
29823,0.17514001,0.03542,0.17668
29844,0.16912,0.04788,0.17752
29844,0.16912,0.04788,0.17752
29865,0.16912,0.04788,0.17752
29865,0.16912,0.04788,0.17752
29887,0.17374,0.03626,0.17514001
29887,0.17374,0.03626,0.17514001
29908,0.19600001,0.040880002,0.17472
29929,0.19600001,0.040880002,0.17472
29930,0.19600001,0.040880002,0.17472
29951,0.23716001,0.041300002,0.16226001
29951,0.23716001,0.041300002,0.16226001
29972,0.30632,0.049140003,0.13692
29974,0.30632,0.049140003,0.13692
29993,0.30632,0.049140003,0.13692
29994,0.30632,0.049140003,0.13692
30015,0.37212002,0.07924,0.10682
30015,0.37212002,0.07924,0.10682
30036,0.37212002,0.07924,0.10682
30057,0.4207,0.13188,0.08736
30057,0.4207,0.13188,0.08736
30079,0.43778002,0.16744,0.07238
30079,0.43778002,0.16744,0.07238
30100,0.43778002,0.16744,0.07238
30100,0.43778002,0.16744,0.07238
30121,0.44758,0.22932,0.078820005
30121,0.44758,0.22932,0.078820005
30143,0.44758,0.22932,0.078820005
30143,0.44758,0.22932,0.078820005
30164,0.44562,0.25676,0.07742
30185,0.45108002,0.28238,0.0735
30185,0.45108002,0.28238,0.0735
30207,0.45108002,0.28238,0.0735
30207,0.45108002,0.28238,0.0735
30228,0.43512002,0.31122002,0.08862
30228,0.43512002,0.31122002,0.08862
30249,0.42924002,0.3346,0.10598
30249,0.42924002,0.3346,0.10598
30271,0.42924002,0.3346,0.10598
30271,0.42924002,0.3346,0.10598
30292,0.40782002,0.36386,0.113960005
30292,0.40782002,0.36386,0.113960005
30313,0.40782002,0.36386,0.113960005
30335,0.40782002,0.36386,0.113960005
30335,0.40782002,0.36386,0.113960005
30356,0.40782002,0.36386,0.113960005
30356,0.40782002,0.36386,0.113960005
30377,0.34440002,0.39130002,0.16996
30377,0.34440002,0.39130002,0.16996
30399,0.34440002,0.39130002,0.16996
30399,0.34440002,0.39130002,0.16996
30420,0.34440002,0.39130002,0.16996
30420,0.34440002,0.39130002,0.16996
30441,0.34440002,0.39130002,0.16996
30463,0.34440002,0.39130002,0.16996
30463,0.34440002,0.39130002,0.16996
30484,0.29274002,0.33698002,0.22960001
30484,0.29274002,0.33698002,0.22960001
30505,0.29274002,0.33698002,0.22960001
30505,0.29274002,0.33698002,0.22960001
30527,0.2723,0.31304002,0.23548001
30527,0.2723,0.31304002,0.23548001
30548,0.25662002,0.29092002,0.25592
30548,0.25662002,0.29092002,0.25592
30570,0.25662002,0.29092002,0.25592
30591,0.23814,0.27006,0.259
30591,0.23814,0.27006,0.259
30612,0.23814,0.27006,0.259
30612,0.23814,0.27006,0.259
30633,0.21896,0.25326002,0.25606
30633,0.21896,0.25326002,0.25606
30655,0.21896,0.25326002,0.25606
30655,0.21896,0.25326002,0.25606
30676,0.16982001,0.21378,0.25382
30676,0.16982001,0.21378,0.25382
30697,0.12138,0.19096,0.24948001
30719,0.09086,0.18270001,0.24808
30719,0.09086,0.18270001,0.24808
30740,0.09086,0.18270001,0.24808
30740,0.09086,0.18270001,0.24808
30761,0.06902,0.18270001,0.24248001
30761,0.06902,0.18270001,0.24248001
30783,0.06902,0.18270001,0.24248001
30783,0.06902,0.18270001,0.24248001
30804,0.04998,0.17122,0.23212
30804,0.04998,0.17122,0.23212
30825,0.03472,0.16422,0.22680001
30847,0.03472,0.16422,0.22680001
30847,0.03472,0.16422,0.22680001
30868,0.016660001,0.15008001,0.21280001
30868,0.016660001,0.15008001,0.21280001
30889,0.016660001,0.15008001,0.21280001
30889,0.016660001,0.15008001,0.21280001
30911,0.00672,0.1337,0.20006001
30911,0.00672,0.1337,0.20006001
30932,0.00098,0.1288,0.18886
30932,0.00098,0.1288,0.18886
30953,0.00098,0.1288,0.18886
30975,-0.01372,0.12712,0.18144001
30975,-0.01372,0.12712,0.18144001
30996,-0.01372,0.12712,0.18144001
30996,-0.01372,0.12712,0.18144001
31017,-0.020580001,0.13692,0.18816
31017,-0.020580001,0.13692,0.18816
31039,-0.01176,0.15288,0.20034
31039,-0.01176,0.15288,0.20034
31060,-0.01176,0.15288,0.20034
31060,-0.01176,0.15288,0.20034
31081,0.0105,0.15134001,0.21406001
31103,0.037240002,0.15456,0.22456001
31103,0.037240002,0.15456,0.22456001
31124,0.037240002,0.15456,0.22456001
31124,0.037240002,0.15456,0.22456001
31145,0.101220004,0.15806,0.23954001
31145,0.101220004,0.15806,0.23954001
31167,0.17094001,0.18676001,0.24906
31167,0.17094001,0.18676001,0.24906
31188,0.17094001,0.18676001,0.24906
31188,0.17094001,0.18676001,0.24906
31209,0.21994,0.22442001,0.24990001
31209,0.21994,0.22442001,0.24990001
31231,0.21994,0.22442001,0.24990001
31252,0.24122001,0.2639,0.24794
31252,0.24122001,0.2639,0.24794
31273,0.23184,0.30044,0.24976
31273,0.23184,0.30044,0.24976
31295,0.23184,0.30044,0.24976
31295,0.23184,0.30044,0.24976
31316,0.23184,0.30044,0.24976
31316,0.23184,0.30044,0.24976
31337,0.23184,0.30044,0.24976
31337,0.23184,0.30044,0.24976
31359,0.20398,0.36470002,0.25242
31380,0.20398,0.36470002,0.25242
31380,0.20398,0.36470002,0.25242
31401,0.17794001,0.39158002,0.24206
31401,0.17794001,0.39158002,0.24206
31423,0.17794001,0.39158002,0.24206
31423,0.17794001,0.39158002,0.24206
31444,0.16156,0.41104,0.23744
31444,0.16156,0.41104,0.23744
31465,0.16156,0.41104,0.23744
31465,0.16156,0.41104,0.23744
31487,0.16156,0.41104,0.23744
31508,0.16156,0.41104,0.23744
31508,0.16156,0.41104,0.23744
31529,0.1155,0.44968,0.21826
31529,0.1155,0.44968,0.21826
31551,0.10066,0.4634,0.20538001
31551,0.10066,0.4634,0.20538001
31572,0.10066,0.4634,0.20538001
31572,0.10066,0.4634,0.20538001
31593,0.10598,0.46914002,0.20594001
31593,0.10598,0.46914002,0.20594001
31615,0.10892,0.46396002,0.20286001
31636,0.10892,0.46396002,0.20286001
31636,0.10892,0.46396002,0.20286001
31657,0.10892,0.46396002,0.20286001
31657,0.10892,0.46396002,0.20286001
31679,0.10892,0.46396002,0.20286001
31679,0.10892,0.46396002,0.20286001
31700,0.16114001,0.41146,0.2387
31700,0.16114001,0.41146,0.2387
31721,0.18214001,0.36638,0.24752
31721,0.18214001,0.36638,0.24752
31743,0.18214001,0.36638,0.24752
31764,0.1736,0.31934002,0.25634
31764,0.1736,0.31934002,0.25634
31785,0.1736,0.31934002,0.25634
31785,0.1736,0.31934002,0.25634
31807,0.16618,0.28196,0.25858
31807,0.16618,0.28196,0.25858
31828,0.1456,0.22484,0.25802
31828,0.1456,0.22484,0.25802
31849,0.1456,0.22484,0.25802
31849,0.1456,0.22484,0.25802
31871,0.13468,0.17906001,0.25102
31892,0.13468,0.17906001,0.25102
31892,0.13468,0.17906001,0.25102
31913,0.1372,0.14336,0.23366001
31913,0.1372,0.14336,0.23366001
31935,0.14966,0.13916,0.23366001
31935,0.14966,0.13916,0.23366001
31956,0.14966,0.13916,0.23366001
31956,0.14966,0.13916,0.23366001
31977,0.1498,0.13440001,0.22722
31977,0.1498,0.13440001,0.22722
31999,0.1498,0.13440001,0.22722
31999,0.1498,0.13440001,0.22722
32020,0.1421,0.122640006,0.2254
32041,0.1421,0.122640006,0.2254
32041,0.1421,0.122640006,0.2254
32063,0.13286,0.12740001,0.23044
32063,0.13286,0.12740001,0.23044
32084,0.12544,0.120120004,0.22904001
32084,0.12544,0.120120004,0.22904001
32105,0.12544,0.120120004,0.22904001
32105,0.12544,0.120120004,0.22904001
32127,0.10794,0.108500004,0.21812001
32127,0.10794,0.108500004,0.21812001
32148,0.08624,0.10892,0.21224001
32169,0.08624,0.10892,0.21224001
32170,0.08624,0.10892,0.21224001
32191,0.07322,0.11578,0.21966
32191,0.07322,0.11578,0.21966
32212,0.07322,0.11578,0.21966
32212,0.07322,0.11578,0.21966
32233,0.073920004,0.10752,0.2016
32233,0.073920004,0.10752,0.2016
32255,0.037100002,0.12292001,0.20734
32255,0.037100002,0.12292001,0.20734
32276,0.037100002,0.12292001,0.20734
32297,0.015260001,0.12194,0.19306001
32298,0.015260001,0.12194,0.19306001
32319,0.01092,0.1211,0.20062001
32319,0.01092,0.1211,0.20062001
32340,0.01092,0.1211,0.20062001
32340,0.01092,0.1211,0.20062001
32361,0.01722,0.12362,0.1932
32362,0.01722,0.12362,0.1932
32383,0.01722,0.12362,0.1932
32383,0.01722,0.12362,0.1932
32404,0.01344,0.11354,0.19418001
32425,0.03556,0.10276,0.19544001
32425,0.03556,0.10276,0.19544001
32447,0.03556,0.10276,0.19544001
32447,0.03556,0.10276,0.19544001
32468,0.06174,0.10598,0.20958
32468,0.06174,0.10598,0.20958
32489,0.06174,0.10598,0.20958
32489,0.06174,0.10598,0.20958
32511,0.077700004,0.11214,0.21574001
32511,0.077700004,0.11214,0.21574001
32532,0.124180004,0.14462,0.24108
32553,0.124180004,0.14462,0.24108
32553,0.124180004,0.14462,0.24108
32575,0.16828,0.16422,0.2513
32575,0.16828,0.16422,0.2513
32596,0.18284,0.1939,0.24990001
32596,0.18284,0.1939,0.24990001
32617,0.18284,0.1939,0.24990001
32617,0.18284,0.1939,0.24990001
32639,0.19796,0.23380001,0.25480002
32639,0.19796,0.23380001,0.25480002
32660,0.19796,0.23380001,0.25480002
32681,0.21112001,0.25466,0.25172
32681,0.21112001,0.25466,0.25172
32703,0.22596,0.28294,0.25214002
32703,0.22596,0.28294,0.25214002
32724,0.22596,0.28294,0.25214002
32724,0.22596,0.28294,0.25214002
32745,0.23646,0.30296,0.24206
32745,0.23646,0.30296,0.24206
32767,0.25732002,0.32508,0.2289
32767,0.25732002,0.32508,0.2289
32788,0.25732002,0.32508,0.2289
32809,0.28014,0.35378,0.21644
32809,0.28014,0.35378,0.21644
32831,0.29036,0.37184,0.21168001
32831,0.29036,0.37184,0.21168001
32852,0.29036,0.37184,0.21168001
32852,0.29036,0.37184,0.21168001
32873,0.29568002,0.39774,0.19572
32873,0.29568002,0.39774,0.19572
32895,0.29568002,0.39774,0.19572
32895,0.29568002,0.39774,0.19572
32916,0.30940002,0.42798,0.17738001
32916,0.30940002,0.42798,0.17738001
32937,0.30940002,0.42798,0.17738001
32959,0.32410002,0.43792,0.14938
32959,0.32410002,0.43792,0.14938
32980,0.34146002,0.4361,0.14084001
32980,0.34146002,0.4361,0.14084001
33001,0.34146002,0.4361,0.14084001
33001,0.34146002,0.4361,0.14084001
33023,0.34146002,0.4361,0.14084001
33023,0.34146002,0.4361,0.14084001
33044,0.36218002,0.43652,0.11676
33044,0.36218002,0.43652,0.11676
33065,0.36218002,0.43652,0.11676
33087,0.37002,0.41622,0.119
33087,0.37002,0.41622,0.119
33108,0.37002,0.41622,0.119
33108,0.37002,0.41622,0.119
33129,0.37800002,0.3941,0.12082
33129,0.37800002,0.3941,0.12082
33151,0.37800002,0.3941,0.12082
33151,0.37800002,0.3941,0.12082
33172,0.38766,0.35378,0.13678001
33172,0.38766,0.35378,0.13678001
33193,0.40068,0.29386002,0.14042
33215,0.40068,0.29386002,0.14042
33215,0.40068,0.29386002,0.14042
33236,0.40782002,0.25312,0.133
33236,0.40782002,0.25312,0.133
33257,0.41454002,0.20412001,0.11942001
33257,0.41454002,0.20412001,0.11942001
33279,0.41454002,0.20412001,0.11942001
33279,0.41454002,0.20412001,0.11942001
33300,0.40712002,0.1708,0.11508001
33300,0.40712002,0.1708,0.11508001
33321,0.40712002,0.1708,0.11508001
33343,0.40460002,0.15246001,0.11116
33343,0.40460002,0.15246001,0.11116
33364,0.38822,0.12614,0.11914001
33364,0.38822,0.12614,0.11914001
33385,0.38822,0.12614,0.11914001
33385,0.38822,0.12614,0.11914001
33407,0.36344,0.10164,0.14182
33407,0.36344,0.10164,0.14182
33428,0.33082,0.07896,0.14224
33428,0.33082,0.07896,0.14224
33449,0.33082,0.07896,0.14224
33471,0.3052,0.05418,0.14588
33471,0.3052,0.05418,0.14588
33492,0.28266,0.03486,0.14056
33492,0.28266,0.03486,0.14056
33513,0.28266,0.03486,0.14056
33514,0.28266,0.03486,0.14056
33535,0.26544002,0.0252,0.13986
33535,0.26544002,0.0252,0.13986
33556,0.26544002,0.0252,0.13986
33556,0.26544002,0.0252,0.13986
33577,0.25550002,0.01918,0.1351
33599,0.25550002,0.01918,0.1351
33599,0.25550002,0.01918,0.1351
33620,0.25550002,0.01918,0.1351
33620,0.25550002,0.01918,0.1351
33641,0.25550002,0.01918,0.1351
33641,0.25550002,0.01918,0.1351
33663,0.27944002,0.008400001,0.102060005
33663,0.27944002,0.008400001,0.102060005
33684,0.3136,0.02562,0.09604
33684,0.3136,0.02562,0.09604
33705,0.3136,0.02562,0.09604
33705,0.3136,0.02562,0.09604
33727,0.34440002,0.04438,0.08456
33748,0.34440002,0.04438,0.08456
33748,0.34440002,0.04438,0.08456
33769,0.39382002,0.08876,0.07336
33769,0.39382002,0.08876,0.07336
33791,0.40796,0.119,0.08414
33791,0.40796,0.119,0.08414
33812,0.40796,0.119,0.08414
33812,0.40796,0.119,0.08414
33833,0.42252,0.17402,0.098560005
33833,0.42252,0.17402,0.098560005
33855,0.43638,0.21938,0.089600004
33876,0.43638,0.21938,0.089600004
33876,0.43638,0.21938,0.089600004
33897,0.45094,0.25438002,0.0651
33897,0.45094,0.25438002,0.0651
33919,0.45094,0.25438002,0.0651
33919,0.45094,0.25438002,0.0651
33940,0.45276,0.28588,0.06846
33940,0.45276,0.28588,0.06846
33961,0.44338,0.3269,0.075040005
33962,0.44338,0.3269,0.075040005
33983,0.44338,0.3269,0.075040005
34004,0.4354,0.34888002,0.07588
34004,0.4354,0.34888002,0.07588
34025,0.4354,0.34888002,0.07588
34025,0.4354,0.34888002,0.07588
34047,0.42196003,0.3878,0.081760004
34047,0.42196003,0.3878,0.081760004
34068,0.39522,0.41846,0.099120006
34068,0.39522,0.41846,0.099120006
34089,0.39522,0.41846,0.099120006
34089,0.39522,0.41846,0.099120006
34111,0.36708,0.44352,0.10738
34132,0.36666,0.45136002,0.09114
34132,0.36666,0.45136002,0.09114
34153,0.36666,0.45136002,0.09114
34153,0.36666,0.45136002,0.09114
34175,0.37828,0.44828,0.07308
34175,0.37828,0.44828,0.07308
34196,0.37828,0.44828,0.07308
34196,0.37828,0.44828,0.07308
34217,0.39116,0.43890002,0.057120003
34217,0.39116,0.43890002,0.057120003
34239,0.39116,0.43890002,0.057120003
34260,0.40992,0.4207,0.049700003
34260,0.40992,0.4207,0.049700003
34281,0.43778002,0.3934,0.01596
34281,0.43778002,0.3934,0.01596
34303,0.43778002,0.3934,0.01596
34303,0.43778002,0.3934,0.01596
34324,0.45164,0.36848,-0.01288
34324,0.45164,0.36848,-0.01288
34345,0.46494,0.3276,-0.03794
34345,0.46494,0.3276,-0.03794
34367,0.46494,0.3276,-0.03794
34388,0.47334,0.28322,-0.04648
34388,0.47334,0.28322,-0.04648
34409,0.47852,0.24584001,-0.04242
34409,0.47852,0.24584001,-0.04242
34431,0.47852,0.24584001,-0.04242
34431,0.47852,0.24584001,-0.04242
34452,0.47264,0.19852,-0.05446
34452,0.47264,0.19852,-0.05446
34473,0.47264,0.19852,-0.05446
34474,0.47264,0.19852,-0.05446
34495,0.46396002,0.16352001,-0.05866
34516,0.44772002,0.11522,-0.05866
34516,0.44772002,0.11522,-0.05866
34537,0.44772002,0.11522,-0.05866
34537,0.44772002,0.11522,-0.05866
34559,0.43624002,0.08442,-0.053200003
34559,0.43624002,0.08442,-0.053200003
34580,0.41034,0.053340003,-0.060200002
34580,0.41034,0.053340003,-0.060200002
34601,0.41034,0.053340003,-0.060200002
34601,0.41034,0.053340003,-0.060200002
34623,0.38584,0.02296,-0.06202
34623,0.38584,0.02296,-0.06202
34644,0.38584,0.02296,-0.06202
34665,0.3612,-0.0092400005,-0.05208
34665,0.3612,-0.0092400005,-0.05208
34687,0.3612,-0.0092400005,-0.05208
34687,0.3612,-0.0092400005,-0.05208
34708,0.33978,-0.01694,-0.03472
34708,0.33978,-0.01694,-0.03472
34729,0.31066,-0.03108,-0.0259
34730,0.31066,-0.03108,-0.0259
34751,0.31066,-0.03108,-0.0259
34751,0.31066,-0.03108,-0.0259
34772,0.2772,-0.04816,-0.0329
34793,0.2772,-0.04816,-0.0329
34793,0.2772,-0.04816,-0.0329
34815,0.25928,-0.056140002,-0.026600001
34815,0.25928,-0.056140002,-0.026600001
34836,0.24724,-0.052500002,-0.03486
34836,0.24724,-0.052500002,-0.03486
34857,0.24724,-0.052500002,-0.03486
34857,0.24724,-0.052500002,-0.03486
34879,0.25158,-0.057540003,-0.04018
34879,0.25158,-0.057540003,-0.04018
34900,0.27202,-0.05068,-0.05068
34921,0.27202,-0.05068,-0.05068
34921,0.27202,-0.05068,-0.05068
34943,0.31248,-0.03234,-0.067200005
34943,0.31248,-0.03234,-0.067200005
34964,0.31248,-0.03234,-0.067200005
34964,0.31248,-0.03234,-0.067200005
34985,0.35168,-0.00882,-0.085260004
34985,0.35168,-0.00882,-0.085260004
35007,0.39032,0.02898,-0.08834
35007,0.39032,0.02898,-0.08834
35028,0.39032,0.02898,-0.08834
35049,0.41818002,0.06174,-0.08876
35049,0.41818002,0.06174,-0.08876
35071,0.44814003,0.120120004,-0.091280006
35071,0.44814003,0.120120004,-0.091280006
35092,0.44814003,0.120120004,-0.091280006
35092,0.44814003,0.120120004,-0.091280006
35113,0.46942002,0.17668,-0.09142
35114,0.46942002,0.17668,-0.09142
35135,0.46942002,0.17668,-0.09142
35135,0.46942002,0.17668,-0.09142
35156,0.47334,0.22862001,-0.08792
35177,0.47642002,0.26516,-0.0735
35177,0.47642002,0.26516,-0.0735
35199,0.47642002,0.26516,-0.0735
35199,0.47642002,0.26516,-0.0735
35220,0.46984002,0.30492002,-0.0728
35220,0.46984002,0.30492002,-0.0728
35241,0.4683,0.33838,-0.0819
35241,0.4683,0.33838,-0.0819
35263,0.4683,0.33838,-0.0819
35263,0.4683,0.33838,-0.0819
35284,0.45948002,0.3682,-0.086380005
35306,0.45948002,0.3682,-0.086380005
35306,0.45948002,0.3682,-0.086380005
35327,0.44898,0.40124002,-0.07896
35327,0.44898,0.40124002,-0.07896
35348,0.44898,0.40124002,-0.07896
35348,0.44898,0.40124002,-0.07896
35369,0.43624002,0.41328,-0.070980005
35370,0.43624002,0.41328,-0.070980005
35391,0.43624002,0.41328,-0.070980005
35391,0.43624002,0.41328,-0.070980005
35412,0.42938,0.4242,-0.06846
35412,0.42938,0.4242,-0.06846
35433,0.42168,0.43638,-0.061600003
35455,0.42168,0.43638,-0.061600003
35455,0.42168,0.43638,-0.061600003
35476,0.42392,0.4354,-0.06356
35476,0.42392,0.4354,-0.06356
35498,0.42392,0.4354,-0.06356
35498,0.42392,0.4354,-0.06356
35519,0.43008,0.42000002,-0.0693
35519,0.43008,0.42000002,-0.0693
35540,0.44688,0.3906,-0.09618
35540,0.44688,0.3906,-0.09618
35561,0.44688,0.3906,-0.09618
35583,0.45304,0.36442,-0.11984
35583,0.45304,0.36442,-0.11984
35604,0.46550003,0.29610002,-0.1533
35604,0.46550003,0.29610002,-0.1533
35625,0.46550003,0.29610002,-0.1533
35626,0.46550003,0.29610002,-0.1533
35647,0.45374,0.25032002,-0.17906001
35647,0.45374,0.25032002,-0.17906001
35668,0.43792,0.20678,-0.21266
35668,0.43792,0.20678,-0.21266
35689,0.43792,0.20678,-0.21266
35711,0.4235,0.17108001,-0.22022
35711,0.4235,0.17108001,-0.22022
35732,0.4235,0.17108001,-0.22022
35732,0.4235,0.17108001,-0.22022
35753,0.41426,0.14448,-0.21784
35753,0.41426,0.14448,-0.21784
35775,0.3948,0.113400005,-0.22484
35775,0.3948,0.113400005,-0.22484
35796,0.3948,0.113400005,-0.22484
35796,0.3948,0.113400005,-0.22484
35817,0.37324002,0.08218,-0.2289
35839,0.37324002,0.08218,-0.2289
35839,0.37324002,0.08218,-0.2289
35860,0.34636,0.04424,-0.22008
35860,0.34636,0.04424,-0.22008
35881,0.3129,0.00896,-0.20342
35881,0.3129,0.00896,-0.20342
35903,0.3129,0.00896,-0.20342
35903,0.3129,0.00896,-0.20342
35924,0.28728,-0.02212,-0.17836
35924,0.28728,-0.02212,-0.17836
35945,0.24584001,-0.03934,-0.15974
35967,0.24584001,-0.03934,-0.15974
35967,0.24584001,-0.03934,-0.15974
35988,0.20818001,-0.0518,-0.14042
35988,0.20818001,-0.0518,-0.14042
36009,0.20818001,-0.0518,-0.14042
36009,0.20818001,-0.0518,-0.14042
36031,0.18172,-0.05838,-0.13076
36031,0.18172,-0.05838,-0.13076
36052,0.17850001,-0.05838,-0.12726
36052,0.17850001,-0.05838,-0.12726
36073,0.17850001,-0.05838,-0.12726
36095,0.18004,-0.05866,-0.112840004
36095,0.18004,-0.05866,-0.112840004
36116,0.19908,-0.0623,-0.089880005
36116,0.19908,-0.0623,-0.089880005
36137,0.19908,-0.0623,-0.089880005
36137,0.19908,-0.0623,-0.089880005
36159,0.22484,-0.06174,-0.02338
36159,0.22484,-0.06174,-0.02338
36180,0.22484,-0.06174,-0.02338
36180,0.22484,-0.06174,-0.02338
36201,0.24374,-0.052500002,0.0357
36223,0.24374,-0.052500002,0.0357
36223,0.24374,-0.052500002,0.0357
36244,0.25158,-0.01694,0.10402
36244,0.25158,-0.01694,0.10402
36265,0.245,0.01078,0.14378001
36265,0.245,0.01078,0.14378001
36287,0.245,0.01078,0.14378001
36287,0.245,0.01078,0.14378001
36308,0.23632,0.03388,0.17164001
36308,0.23632,0.03388,0.17164001
36329,0.23492001,0.05474,0.19138001
36329,0.23492001,0.05474,0.19138001
36351,0.23492001,0.05474,0.19138001
36372,0.21168001,0.05796,0.19754
36372,0.21168001,0.05796,0.19754
36393,0.21168001,0.05796,0.19754
36393,0.21168001,0.05796,0.19754
36415,0.18550001,0.0511,0.1918
36415,0.18550001,0.0511,0.1918
36436,0.17402,0.0427,0.18788001
36436,0.17402,0.0427,0.18788001
36458,0.17402,0.0427,0.18788001
36458,0.17402,0.0427,0.18788001
36479,0.17514001,0.0343,0.17724
36500,0.19418001,0.02716,0.17122
36500,0.19418001,0.02716,0.17122
36521,0.19418001,0.02716,0.17122
36521,0.19418001,0.02716,0.17122
36543,0.23044,0.024220001,0.15442
36543,0.23044,0.024220001,0.15442
36564,0.23044,0.024220001,0.15442
36564,0.23044,0.024220001,0.15442
36585,0.2737,0.01358,0.12642
36586,0.2737,0.01358,0.12642
36607,0.32354,0.010360001,0.081760004
36628,0.32354,0.010360001,0.081760004
36628,0.32354,0.010360001,0.081760004
36650,0.33852002,0.0105,0.05474
36650,0.33852002,0.0105,0.05474
36671,0.33852002,0.0105,0.05474
36671,0.33852002,0.0105,0.05474
36692,0.35756,0.0028000001,0.01792
36692,0.35756,0.0028000001,0.01792
36714,0.36582002,0.00224,-0.01596
36714,0.36582002,0.00224,-0.01596
36735,0.36582002,0.00224,-0.01596
36756,0.36344,-0.00798,-0.04312
36756,0.36344,-0.00798,-0.04312
36777,0.36344,-0.00798,-0.04312
36777,0.36344,-0.00798,-0.04312
36799,0.34874,-0.01162,-0.08512
36799,0.34874,-0.01162,-0.08512
36820,0.3262,-0.026600001,-0.09968
36820,0.3262,-0.026600001,-0.09968
36841,0.3262,-0.026600001,-0.09968
36841,0.3262,-0.026600001,-0.09968
36863,0.31682,-0.030660002,-0.101220004
36884,0.29358,-0.0441,-0.104720004
36884,0.29358,-0.0441,-0.104720004
36905,0.29358,-0.0441,-0.104720004
36905,0.29358,-0.0441,-0.104720004
36927,0.26292,-0.053480003,-0.120680004
36927,0.26292,-0.053480003,-0.120680004
36948,0.26292,-0.053480003,-0.120680004
36948,0.26292,-0.053480003,-0.120680004
36969,0.23674001,-0.052360002,-0.13468
36969,0.23674001,-0.052360002,-0.13468
36991,0.20916,-0.05488,-0.15526001
37012,0.20916,-0.05488,-0.15526001
37012,0.20916,-0.05488,-0.15526001
37033,0.18396,-0.05474,-0.1645
37033,0.18396,-0.05474,-0.1645
37055,0.18396,-0.05474,-0.1645
37055,0.18396,-0.05474,-0.1645
37076,0.17920001,-0.056700002,-0.1743
37076,0.17920001,-0.056700002,-0.1743
37097,0.18382001,-0.04998,-0.17220001
37097,0.18382001,-0.04998,-0.17220001
37119,0.18382001,-0.04998,-0.17220001
37119,0.18382001,-0.04998,-0.17220001
37140,0.20230001,-0.052640002,-0.15554
37161,0.20230001,-0.052640002,-0.15554
37162,0.20230001,-0.052640002,-0.15554
37183,0.21784,-0.05852,-0.11872
37183,0.21784,-0.05852,-0.11872
37204,0.21784,-0.05852,-0.11872
37204,0.21784,-0.05852,-0.11872
37226,0.23366001,-0.06174,-0.07462
37226,0.23366001,-0.06174,-0.07462
37247,0.23828001,-0.063700005,-0.05138
37247,0.23828001,-0.063700005,-0.05138
37268,0.22946,-0.05978,-0.030800002
37289,0.22946,-0.05978,-0.030800002
37289,0.22946,-0.05978,-0.030800002
37311,0.22946,-0.05978,-0.030800002
37311,0.22946,-0.05978,-0.030800002
37332,0.21826,-0.062580004,-0.0161
37332,0.21826,-0.062580004,-0.0161
37353,0.21588,-0.057120003,0.0091
37354,0.21588,-0.057120003,0.0091
37375,0.21588,-0.057120003,0.0091
37375,0.21588,-0.057120003,0.0091
37396,0.21700001,-0.05488,0.026460001
37417,0.20958,-0.04662,0.049560003
37417,0.20958,-0.04662,0.049560003
37439,0.20958,-0.04662,0.049560003
37439,0.20958,-0.04662,0.049560003
37460,0.19838001,-0.04704,0.060340002
37460,0.19838001,-0.04704,0.060340002
37481,0.1953,-0.041440003,0.08036
37482,0.1953,-0.041440003,0.08036
37503,0.1953,-0.041440003,0.08036
37503,0.1953,-0.041440003,0.08036
37524,0.17766,-0.033040002,0.08764
37545,0.17766,-0.033040002,0.08764
37545,0.17766,-0.033040002,0.08764
37567,0.15652001,-0.030100001,0.097160004
37567,0.15652001,-0.030100001,0.097160004
37588,0.14462,-0.03136,0.09576
37588,0.14462,-0.03136,0.09576
37609,0.14462,-0.03136,0.09576
37609,0.14462,-0.03136,0.09576
37631,0.14112,-0.030240001,0.09968
37631,0.14112,-0.030240001,0.09968
37652,0.14112,-0.030240001,0.09968
37673,0.14196001,-0.024220001,0.10724001
37673,0.14196001,-0.024220001,0.10724001
37695,0.14168,-0.022400001,0.10598
37695,0.14168,-0.022400001,0.10598
37716,0.14168,-0.022400001,0.10598
37716,0.14168,-0.022400001,0.10598
37737,0.13972001,-0.01932,0.105000004
37737,0.13972001,-0.01932,0.105000004
37759,0.13972001,-0.01932,0.105000004
37759,0.13972001,-0.01932,0.105000004
37780,0.13762,-0.02352,0.10542
37801,0.13188,-0.02926,0.08778
37801,0.13188,-0.02926,0.08778
37823,0.13188,-0.02926,0.08778
37823,0.13188,-0.02926,0.08778
37844,0.13188,-0.02926,0.08778
37844,0.13188,-0.02926,0.08778
37865,0.12026,-0.037800003,0.07266
37865,0.12026,-0.037800003,0.07266
37887,0.12026,-0.037800003,0.07266
37887,0.12026,-0.037800003,0.07266
37908,0.12026,-0.037800003,0.07266
37929,0.116620004,-0.053480003,0.0399
37929,0.116620004,-0.053480003,0.0399
37951,0.12726,-0.053480003,0.02142
37951,0.12726,-0.053480003,0.02142
37972,0.12726,-0.053480003,0.02142
37972,0.12726,-0.053480003,0.02142
37994,0.12824,-0.06216,0.01092
37994,0.12824,-0.06216,0.01092
38015,0.12656,-0.0623,0.0071400004
38015,0.12656,-0.0623,0.0071400004
38036,0.12656,-0.0623,0.0071400004
38036,0.12656,-0.0623,0.0071400004
38057,0.12656,-0.0623,0.0071400004
38079,0.13188,-0.06566,-0.01932
38079,0.13188,-0.06566,-0.01932
38100,0.12908,-0.0714,-0.026180001
38100,0.12908,-0.0714,-0.026180001
38121,0.12908,-0.0714,-0.026180001
38121,0.12908,-0.0714,-0.026180001
38143,0.13076,-0.0686,-0.03822
38143,0.13076,-0.0686,-0.03822
38164,0.13076,-0.0686,-0.03822
38164,0.13076,-0.0686,-0.03822
38185,0.13076,-0.0686,-0.03822
38207,0.11998,-0.06874,-0.06188
38207,0.11998,-0.06874,-0.06188
38228,0.11298,-0.06174,-0.06762
38228,0.11298,-0.06174,-0.06762
38249,0.11298,-0.06174,-0.06762
38249,0.11298,-0.06174,-0.06762
38271,0.09926,-0.056840003,-0.09632
38271,0.09926,-0.056840003,-0.09632
38292,0.09926,-0.056840003,-0.09632
38292,0.09926,-0.056840003,-0.09632
38313,0.09464,-0.060620002,-0.11844
38335,0.10066,-0.056560002,-0.114520006
38335,0.10066,-0.056560002,-0.114520006
38356,0.10066,-0.056560002,-0.114520006
38356,0.10066,-0.056560002,-0.114520006
38377,0.12138,-0.06188,-0.098280005
38378,0.12138,-0.06188,-0.098280005
38399,0.14224,-0.07196,-0.07686
38399,0.14224,-0.07196,-0.07686
38420,0.14224,-0.07196,-0.07686
38420,0.14224,-0.07196,-0.07686
38441,0.15078,-0.06678,-0.037520003
38463,0.15078,-0.06678,-0.037520003
38463,0.15078,-0.06678,-0.037520003
38484,0.1351,-0.05978,-0.00854
38484,0.1351,-0.05978,-0.00854
38505,0.12502,-0.060060002,0.018900001
38505,0.12502,-0.060060002,0.018900001
38527,0.12502,-0.060060002,0.018900001
38527,0.12502,-0.060060002,0.018900001
38548,0.11158,-0.05516,0.033180002
38548,0.11158,-0.05516,0.033180002
38569,0.108500004,-0.053060003,0.037240002
38591,0.108500004,-0.053060003,0.037240002
38591,0.108500004,-0.053060003,0.037240002
38612,0.10192,-0.053200003,0.03136
38612,0.10192,-0.053200003,0.03136
38633,0.10192,-0.053200003,0.03136
38633,0.10192,-0.053200003,0.03136
38655,0.10136,-0.049560003,0.02534
38655,0.10136,-0.049560003,0.02534
38676,0.09926,-0.053060003,0.015260001
38676,0.09926,-0.053060003,0.015260001
38697,0.09926,-0.053060003,0.015260001
38719,0.108500004,-0.05796,0.00546
38719,0.108500004,-0.05796,0.00546
38740,0.108500004,-0.05796,0.00546
38740,0.108500004,-0.05796,0.00546
38761,0.11676,-0.06328,-0.01694
38761,0.11676,-0.06328,-0.01694
38783,0.122080006,-0.063,-0.01064
38783,0.122080006,-0.063,-0.01064
38804,0.122080006,-0.063,-0.01064
38804,0.122080006,-0.063,-0.01064
38826,0.118300006,-0.05978,-0.00504
38826,0.118300006,-0.05978,-0.00504
38847,0.106960006,-0.05922,-0.00882
38868,0.106960006,-0.05922,-0.00882
38868,0.106960006,-0.05922,-0.00882
38889,0.1008,-0.05544,-0.01708
38889,0.1008,-0.05544,-0.01708
38911,0.1008,-0.05544,-0.01708
38911,0.1008,-0.05544,-0.01708
38932,0.10346001,-0.056560002,-0.01274
38932,0.10346001,-0.056560002,-0.01274
38953,0.09352,-0.0539,-0.01806
38953,0.09352,-0.0539,-0.01806
38975,0.09352,-0.0539,-0.01806
38996,0.0882,-0.052780002,-0.022400001
38996,0.0882,-0.052780002,-0.022400001
39017,0.0882,-0.052780002,-0.022400001
39017,0.0882,-0.052780002,-0.022400001
39039,0.09226,-0.05124,-0.015400001
39039,0.09226,-0.05124,-0.015400001
39060,0.08736,-0.0546,-0.022680001
39060,0.08736,-0.0546,-0.022680001
39081,0.08736,-0.0546,-0.022680001
39082,0.08736,-0.0546,-0.022680001
39103,0.08008,-0.052500002,-0.020720001
39124,0.066920005,-0.052360002,-0.018900001
39124,0.066920005,-0.052360002,-0.018900001
39145,0.066920005,-0.052360002,-0.018900001
39146,0.066920005,-0.052360002,-0.018900001
39167,0.07616,-0.05572,-0.022680001
39167,0.07616,-0.05572,-0.022680001
39188,0.07616,-0.05572,-0.022680001
39188,0.07616,-0.05572,-0.022680001
39209,0.07728,-0.05432,-0.03094
39209,0.07728,-0.05432,-0.03094
39231,0.08498,-0.057120003,-0.02772
39252,0.08498,-0.057120003,-0.02772
39252,0.08498,-0.057120003,-0.02772
39273,0.08302,-0.05516,-0.0315
39274,0.08302,-0.05516,-0.0315
39295,0.08302,-0.05516,-0.0315
39295,0.08302,-0.05516,-0.0315
39316,0.0819,-0.053200003,-0.03388
39316,0.0819,-0.053200003,-0.03388
39337,0.08974,-0.05796,-0.037660003
39338,0.08974,-0.05796,-0.037660003
39359,0.08974,-0.05796,-0.037660003
39380,0.09114,-0.060340002,-0.05474
39380,0.09114,-0.060340002,-0.05474
39401,0.09114,-0.060340002,-0.05474
39401,0.09114,-0.060340002,-0.05474
39423,0.08484,-0.05894,-0.05544
39423,0.08484,-0.05894,-0.05544
39444,0.07812,-0.056140002,-0.05908
39444,0.07812,-0.056140002,-0.05908
39465,0.07812,-0.056140002,-0.05908
39465,0.07812,-0.056140002,-0.05908
39487,0.0784,-0.05026,-0.066640005
39508,0.07434,-0.05152,-0.07084
39508,0.07434,-0.05152,-0.07084
39529,0.07434,-0.05152,-0.07084
39530,0.07434,-0.05152,-0.07084
39551,0.07182,-0.053480003,-0.06706
39551,0.07182,-0.053480003,-0.06706
39572,0.060760003,-0.04774,-0.05992
39572,0.060760003,-0.04774,-0.05992
39593,0.060760003,-0.04774,-0.05992
39594,0.060760003,-0.04774,-0.05992
39615,0.05544,-0.04788,-0.05068
39636,0.05544,-0.04788,-0.05068
39636,0.05544,-0.04788,-0.05068
39657,0.05936,-0.04774,-0.049280003
39657,0.05936,-0.04774,-0.049280003
39679,0.05936,-0.04774,-0.049280003
39679,0.05936,-0.04774,-0.049280003
39700,0.05586,-0.04998,-0.04046
39700,0.05586,-0.04998,-0.04046
39721,0.0511,-0.04438,-0.045360003
39722,0.0511,-0.04438,-0.045360003
39743,0.0511,-0.04438,-0.045360003
39743,0.0511,-0.04438,-0.045360003
39764,0.0511,-0.04438,-0.045360003
39785,0.0511,-0.04438,-0.045360003
39785,0.0511,-0.04438,-0.045360003
39807,0.0511,-0.04438,-0.045360003
39807,0.0511,-0.04438,-0.045360003
39828,0.0511,-0.04438,-0.045360003
39828,0.0511,-0.04438,-0.045360003
39849,0.0511,-0.04438,-0.045360003
39849,0.0511,-0.04438,-0.045360003
39871,0.03598,-0.037800003,-0.08568
39871,0.03598,-0.037800003,-0.08568
39892,0.03598,-0.037800003,-0.08568
39913,0.03598,-0.037800003,-0.08568
39913,0.03598,-0.037800003,-0.08568
39935,0.03598,-0.037800003,-0.08568
39935,0.03598,-0.037800003,-0.08568
39956,0.03598,-0.037800003,-0.08568
39956,0.03598,-0.037800003,-0.08568
39977,0.03598,-0.037800003,-0.08568
39978,0.03598,-0.037800003,-0.08568
39999,0.03598,-0.037800003,-0.08568
39999,0.03598,-0.037800003,-0.08568
40020,0.03598,-0.037800003,-0.08568
40041,0.049560003,-0.0392,-0.112
40042,0.049560003,-0.0392,-0.112
40063,0.049560003,-0.0392,-0.112
40063,0.049560003,-0.0392,-0.112
40084,0.05838,-0.03962,-0.10626
40084,0.05838,-0.03962,-0.10626
40105,0.05838,-0.03962,-0.10626
40105,0.05838,-0.03962,-0.10626
40127,0.0588,-0.0399,-0.11354
40127,0.0588,-0.0399,-0.11354
40148,0.0588,-0.0399,-0.11354
40169,0.0588,-0.0399,-0.11354
40170,0.0588,-0.0399,-0.11354
40191,0.0588,-0.0399,-0.11354
40191,0.0588,-0.0399,-0.11354
40212,0.0588,-0.0399,-0.11354
40212,0.056700002,-0.03612,-0.123900004
40233,0.0441,-0.036820002,-0.12292001
40233,0.0441,-0.036820002,-0.12292001
40255,0.0441,-0.036820002,-0.12292001
40255,0.0441,-0.036820002,-0.12292001
40276,0.0441,-0.036820002,-0.12292001
40297,0.02996,-0.03108,-0.11676
40298,0.02996,-0.03108,-0.11676
40319,-0.01988,-0.01078,-0.11172
40319,-0.01988,-0.01078,-0.11172
40340,-0.01988,-0.01078,-0.11172
40340,-0.01988,-0.01078,-0.11172
40361,-0.024500001,-0.00434,-0.106120005
40361,-0.024500001,-0.00434,-0.106120005
40383,-0.03206,-0.0056000003,-0.101220004
40383,-0.03206,-0.0056000003,-0.101220004
40404,-0.03206,-0.0056000003,-0.101220004
40425,-0.0539,0.0056000003,-0.089880005
40425,-0.0539,0.0056000003,-0.089880005
40447,-0.0539,0.0056000003,-0.089880005
40447,-0.0539,0.0056000003,-0.089880005
40468,-0.0539,0.0056000003,-0.089880005
40468,-0.0539,0.0056000003,-0.089880005
40489,-0.0539,0.0056000003,-0.089880005
40489,-0.0539,0.0056000003,-0.089880005
40511,-0.0539,0.0056000003,-0.089880005
40511,-0.0539,0.0056000003,-0.089880005
40532,-0.0539,0.0056000003,-0.089880005
40532,-0.0539,0.0056000003,-0.089880005
40553,-0.0539,0.0056000003,-0.089880005
40575,-0.11130001,0.07546,-0.045360003
40575,-0.11130001,0.07546,-0.045360003
40596,-0.12768,0.08708,-0.035
40596,-0.12768,0.08708,-0.035
40618,-0.12768,0.08708,-0.035
40618,-0.12768,0.08708,-0.035
40639,-0.12768,0.08708,-0.035
40639,-0.12768,0.08708,-0.035
40660,-0.12908,0.09926,-0.021
40660,-0.12908,0.09926,-0.021
40681,-0.12908,0.09926,-0.021
40703,-0.12908,0.09926,-0.021
40703,-0.12908,0.09926,-0.021
40724,-0.12908,0.09926,-0.021
40724,-0.12908,0.09926,-0.021
40745,-0.12908,0.09926,-0.021
40745,-0.12908,0.09926,-0.021
40767,-0.13104,0.1001,-0.00196
40767,-0.13104,0.1001,-0.00196
40788,-0.13398,0.110180005,0.00728
40788,-0.13398,0.110180005,0.00728
40809,-0.13398,0.110180005,0.00728
40831,-0.1407,0.11788,-0.0071400004
40831,-0.1407,0.11788,-0.0071400004
40852,-0.1407,0.11788,-0.0071400004
40852,-0.1407,0.11788,-0.0071400004
40873,-0.1407,0.11788,-0.0071400004
40874,-0.1407,0.11788,-0.0071400004
40895,-0.15134001,0.12684001,-0.01162
40895,-0.15134001,0.12684001,-0.01162
40916,-0.15134001,0.12684001,-0.01162
40916,-0.15134001,0.12684001,-0.01162
40937,-0.15134001,0.12684001,-0.01162
40959,-0.15134001,0.12684001,-0.01162
40959,-0.15134001,0.12684001,-0.01162
40980,-0.15134001,0.12684001,-0.01162
40980,-0.15134001,0.12684001,-0.01162
41001,-0.16548,0.15470001,-0.05138
41001,-0.16548,0.15470001,-0.05138
41023,-0.1694,0.16016,-0.07322
41023,-0.1694,0.16016,-0.07322
41044,-0.1694,0.16016,-0.07322
41044,-0.1694,0.16016,-0.07322
41065,-0.1694,0.16016,-0.07322
41087,-0.1694,0.16016,-0.07322
41087,-0.1694,0.16016,-0.07322
41108,-0.1694,0.16016,-0.07322
41108,-0.1694,0.16016,-0.07322
41129,-0.1694,0.16016,-0.07322
41129,-0.1694,0.16016,-0.07322
41151,-0.1694,0.16016,-0.07322
41151,-0.1694,0.16016,-0.07322
41172,-0.1694,0.16016,-0.07322
41172,-0.1694,0.16016,-0.07322
41194,-0.1694,0.16016,-0.07322
41215,-0.12754,0.13146,-0.18872
41215,-0.12754,0.13146,-0.18872
41236,-0.12754,0.13146,-0.18872
41236,-0.12754,0.13146,-0.18872
41257,-0.12754,0.13146,-0.18872
41257,-0.12754,0.13146,-0.18872
41279,-0.12754,0.13146,-0.18872
41279,-0.12754,0.13146,-0.18872
41300,-0.109620005,0.119,-0.21672
41300,-0.109620005,0.119,-0.21672
41321,-0.109620005,0.119,-0.21672
41343,-0.109620005,0.119,-0.21672
41343,-0.109620005,0.119,-0.21672
41364,-0.109620005,0.119,-0.21672
41364,-0.109620005,0.119,-0.21672
41385,-0.091280006,0.11886001,-0.22960001
41385,-0.091280006,0.11886001,-0.22960001
41407,-0.091280006,0.11886001,-0.22960001
41407,-0.091280006,0.11886001,-0.22960001
41428,-0.091280006,0.11886001,-0.22960001
41428,-0.091280006,0.11886001,-0.22960001
41449,-0.091280006,0.11886001,-0.22960001
41449,-0.091280006,0.11886001,-0.22960001
41471,-0.091280006,0.11886001,-0.22960001
41492,-0.14224,0.16548,-0.19712001
41492,-0.14224,0.16548,-0.19712001
41513,-0.14224,0.16548,-0.19712001
41513,-0.14224,0.16548,-0.19712001
41535,-0.14224,0.16548,-0.19712001
41535,-0.14224,0.16548,-0.19712001
41556,-0.17234,0.19712001,-0.14896001
41556,-0.17234,0.19712001,-0.14896001
41577,-0.17234,0.19712001,-0.14896001
41577,-0.17234,0.19712001,-0.14896001
41599,-0.17234,0.19712001,-0.14896001
41620,-0.17234,0.19712001,-0.14896001
41620,-0.17234,0.19712001,-0.14896001
41641,-0.17234,0.19712001,-0.14896001
41641,-0.17234,0.19712001,-0.14896001
41663,-0.17234,0.19712001,-0.14896001
41663,-0.17234,0.19712001,-0.14896001
41684,-0.17234,0.19712001,-0.14896001
41684,-0.17234,0.19712001,-0.14896001
41705,-0.17234,0.19712001,-0.14896001
41705,-0.17234,0.19712001,-0.14896001
41727,-0.18648,0.22134,-0.070980005
41748,-0.17976001,0.20776,-0.02296
41748,-0.17976001,0.20776,-0.02296
41769,-0.17976001,0.20776,-0.02296
41770,-0.17976001,0.20776,-0.02296
41791,-0.17976001,0.20776,-0.02296
41791,-0.17976001,0.20776,-0.02296
41812,-0.16744,0.18774,0.014280001
41812,-0.16744,0.18774,0.014280001
41833,-0.16744,0.18774,0.014280001
41833,-0.16744,0.18774,0.014280001
41855,-0.16744,0.18774,0.014280001
41876,-0.16744,0.18774,0.014280001
41876,-0.16744,0.18774,0.014280001
41897,-0.16744,0.18774,0.014280001
41897,-0.16744,0.18774,0.014280001
41919,-0.13678001,0.18284,0.066360004
41919,-0.13678001,0.18284,0.066360004
41940,-0.13678001,0.18284,0.066360004
41940,-0.13678001,0.18284,0.066360004
41962,-0.1337,0.18536,0.08078
41962,-0.1337,0.18536,0.08078
41983,-0.13202,0.19208,0.08764
42004,-0.13202,0.19208,0.08764
42004,-0.13202,0.19208,0.08764
42025,-0.13202,0.19208,0.08764
42025,-0.13202,0.19208,0.08764
42047,-0.13202,0.19208,0.08764
42047,-0.13202,0.19208,0.08764
42068,-0.16212,0.23646,0.03948
42068,-0.16212,0.23646,0.03948
42089,-0.16212,0.23646,0.03948
42090,-0.16212,0.23646,0.03948
42111,-0.18102,0.24304001,-0.00644
42132,-0.18102,0.24304001,-0.00644
42132,-0.18102,0.24304001,-0.00644
42154,-0.18102,0.24304001,-0.00644
42154,-0.18102,0.24304001,-0.00644
42175,-0.18102,0.24304001,-0.00644
42175,-0.18102,0.24304001,-0.00644
42196,-0.18102,0.24304001,-0.00644
42196,-0.18102,0.24304001,-0.00644
42217,-0.18102,0.24304001,-0.00644
42217,-0.18102,0.24304001,-0.00644
42239,-0.18102,0.24304001,-0.00644
42239,-0.18102,0.24304001,-0.00644
42260,-0.19026001,0.266,-0.1225
42281,-0.19026001,0.266,-0.1225
42281,-0.19026001,0.266,-0.1225
42303,-0.19026001,0.266,-0.1225
42303,-0.19026001,0.266,-0.1225
42324,-0.19026001,0.266,-0.1225
42324,-0.19026001,0.266,-0.1225
42345,-0.18452,0.26278,-0.15526001
42346,-0.18452,0.26278,-0.15526001
42367,-0.18452,0.26278,-0.15526001
42367,-0.18452,0.26278,-0.15526001
42388,-0.18452,0.26278,-0.15526001
42409,-0.18452,0.26278,-0.15526001
42409,-0.18452,0.26278,-0.15526001
42431,-0.13496001,0.24094,-0.26054
42431,-0.13496001,0.24094,-0.26054
42452,-0.13496001,0.24094,-0.26054
42452,-0.13496001,0.24094,-0.26054
42473,-0.13496001,0.24094,-0.26054
42474,-0.13496001,0.24094,-0.26054
42495,-0.13496001,0.24094,-0.26054
42495,-0.13496001,0.24094,-0.26054
42516,-0.13496001,0.24094,-0.26054
42537,-0.11522,0.28434,-0.28868002
42537,-0.11522,0.28434,-0.28868002
42559,-0.11522,0.28434,-0.28868002
42559,-0.11522,0.28434,-0.28868002
42580,-0.11354,0.32662,-0.28322
42580,-0.11354,0.32662,-0.28322
42601,-0.11354,0.32662,-0.28322
42602,-0.11354,0.32662,-0.28322
42623,-0.11354,0.32662,-0.28322
42623,-0.11354,0.32662,-0.28322
42644,-0.11354,0.32662,-0.28322
42665,-0.11354,0.32662,-0.28322
42665,-0.11354,0.32662,-0.28322
42687,-0.11354,0.32662,-0.28322
42687,-0.11354,0.32662,-0.28322
42708,-0.11354,0.32662,-0.28322
42708,-0.11354,0.32662,-0.28322
42729,-0.11354,0.32662,-0.28322
42729,-0.11354,0.32662,-0.28322
42751,-0.11354,0.32662,-0.28322
42751,-0.11354,0.32662,-0.28322
42772,-0.13258,0.37422,-0.24962
42793,-0.16996,0.39900002,-0.12026
42793,-0.16996,0.39900002,-0.12026
42815,-0.16996,0.39900002,-0.12026
42815,-0.16996,0.39900002,-0.12026
42836,-0.16002001,0.42546,-0.03108
42836,-0.16002001,0.42546,-0.03108
42857,-0.16002001,0.42546,-0.03108
42858,-0.16002001,0.42546,-0.03108
42879,-0.16002001,0.42546,-0.03108
42879,-0.16002001,0.42546,-0.03108
42900,-0.16002001,0.42546,-0.03108
42921,-0.16002001,0.42546,-0.03108
42921,-0.16002001,0.42546,-0.03108
42943,-0.16002001,0.42546,-0.03108
42943,-0.16002001,0.42546,-0.03108
42964,-0.086100005,0.4382,0.11564
42964,-0.086100005,0.4382,0.11564
42985,-0.086100005,0.4382,0.11564
42986,-0.086100005,0.4382,0.11564
43007,-0.086100005,0.4382,0.11564
43007,-0.086100005,0.4382,0.11564
43028,-0.086100005,0.4382,0.11564
43049,-0.086100005,0.4382,0.11564
43049,-0.086100005,0.4382,0.11564
43071,-0.086100005,0.4382,0.11564
43071,-0.086100005,0.4382,0.11564
43092,-0.086100005,0.4382,0.11564
43092,-0.086100005,0.4382,0.11564
43113,-0.086100005,0.4382,0.11564
43113,-0.086100005,0.4382,0.11564
43135,-0.086100005,0.4382,0.11564
43135,-0.086100005,0.4382,0.11564
43156,-0.086100005,0.4382,0.11564
43156,-0.086100005,0.4382,0.11564
43178,-0.06244,0.43330002,0.13272001
43199,-0.00812,0.5754,-0.070700005
43199,-0.00812,0.5754,-0.070700005
43220,-0.00812,0.5754,-0.070700005
43220,-0.00812,0.5754,-0.070700005
43241,-0.00812,0.5754,-0.070700005
43242,-0.00812,0.5754,-0.070700005
43263,0.00196,0.5726,-0.13496001
43263,0.00196,0.5726,-0.13496001
43284,0.00196,0.5726,-0.13496001
43284,0.00196,0.5726,-0.13496001
43306,0.00196,0.5726,-0.13496001
43327,-0.0046200003,0.53886,-0.22288
43327,-0.0046200003,0.53886,-0.22288
43348,-0.018760001,0.48426002,-0.28224
43348,-0.018760001,0.48426002,-0.28224
43369,-0.0035,0.44716,-0.32284
43369,-0.0035,0.44716,-0.32284
43391,0.028,0.41398,-0.3542
43391,0.028,0.41398,-0.3542
43412,0.028,0.41398,-0.3542
43412,0.028,0.41398,-0.3542
43433,0.028,0.41398,-0.3542
43455,0.061600003,0.39242002,-0.3626
43455,0.061600003,0.39242002,-0.3626
43476,0.061600003,0.39242002,-0.3626
43476,0.061600003,0.39242002,-0.3626
43497,0.1505,0.3962,-0.37086
43497,0.1505,0.3962,-0.37086
43519,0.1505,0.3962,-0.37086
43519,0.1505,0.3962,-0.37086
43540,0.1645,0.40852,-0.36372
43540,0.1645,0.40852,-0.36372
43561,0.1645,0.40852,-0.36372
43583,0.1645,0.40852,-0.36372
43583,0.1645,0.40852,-0.36372
43604,0.1645,0.40852,-0.36372
43604,0.1645,0.40852,-0.36372
43626,0.17234,0.44842002,-0.34034002
43626,0.17234,0.44842002,-0.34034002
43647,0.14182,0.46746,-0.34062
43647,0.14182,0.46746,-0.34062
43668,0.10052,0.48426002,-0.32368
43668,0.10052,0.48426002,-0.32368
43689,0.10052,0.48426002,-0.32368
43711,0.07714,0.50386,-0.29764
43711,0.07714,0.50386,-0.29764
43732,0.07714,0.50386,-0.29764
43732,0.07714,0.50386,-0.29764
43754,0.02926,0.5271,-0.2457
43754,0.02926,0.5271,-0.2457
43775,-0.033180002,0.53018004,-0.20174001
43775,-0.033180002,0.53018004,-0.20174001
43796,-0.033180002,0.53018004,-0.20174001
43796,-0.033180002,0.53018004,-0.20174001
43817,-0.033180002,0.53018004,-0.20174001
43839,-0.04326,0.56252,-0.057260003
43839,-0.04326,0.56252,-0.057260003
43860,-0.04326,0.56252,-0.057260003
43860,-0.04326,0.56252,-0.057260003
43881,-0.04326,0.56252,-0.057260003
43882,-0.04326,0.56252,-0.057260003
43903,-0.04326,0.56252,-0.057260003
43903,-0.04326,0.56252,-0.057260003
43924,-0.00084,0.56686,0.026320001
43924,-0.00084,0.56686,0.026320001
43945,-0.00084,0.56686,0.026320001
43945,-0.00084,0.56686,0.026320001
43967,0.00602,0.56630003,0.04718
43988,0.00602,0.56630003,0.04718
43988,0.00602,0.56630003,0.04718
44009,0.00602,0.56630003,0.04718
44009,0.00602,0.56630003,0.04718
44031,0.063,0.54838,0.10542
44031,0.063,0.54838,0.10542
44052,0.063,0.54838,0.10542
44052,0.063,0.54838,0.10542
44073,0.063,0.54838,0.10542
44074,0.063,0.54838,0.10542
44095,0.063,0.54838,0.10542
44116,0.063,0.54838,0.10542
44116,0.063,0.54838,0.10542
44137,0.05124,0.5467,0.098280005
44137,0.05124,0.5467,0.098280005
44159,0.05124,0.5467,0.098280005
44159,0.05124,0.5467,0.098280005
44180,0.05124,0.5467,0.098280005
44180,0.05124,0.5467,0.098280005
44202,0.05124,0.5467,0.098280005
44202,0.05124,0.5467,0.098280005
44223,0.033180002,0.57414,0.02548
44244,0.03234,0.57848,0.013160001
44244,0.03234,0.57848,0.013160001
44265,0.041720003,0.58982,-0.03542
44266,0.041720003,0.58982,-0.03542
44287,0.041720003,0.58982,-0.03542
44287,0.041720003,0.58982,-0.03542
44308,0.048860002,0.59318,-0.06566
44308,0.048860002,0.59318,-0.06566
44329,0.048860002,0.59318,-0.06566
44330,0.048860002,0.59318,-0.06566
44351,0.048860002,0.59318,-0.06566
44372,0.08806,0.59556,-0.1316
44372,0.08806,0.59556,-0.1316
44393,0.08806,0.59556,-0.1316
44394,0.08806,0.59556,-0.1316
44415,0.1288,0.57806003,-0.19194001
44415,0.1288,0.57806003,-0.19194001
44436,0.1288,0.57806003,-0.19194001
44436,0.1288,0.57806003,-0.19194001
44457,0.12894,0.57512003,-0.20328
44458,0.12894,0.57512003,-0.20328
44479,0.12894,0.57512003,-0.20328
44500,0.12166,0.56756,-0.23478001
44500,0.12166,0.56756,-0.23478001
44521,0.13524,0.54152,-0.26572
44522,0.13524,0.54152,-0.26572
44543,0.13524,0.54152,-0.26572
44543,0.13524,0.54152,-0.26572
44564,0.13524,0.54152,-0.26572
44564,0.13524,0.54152,-0.26572
44585,0.13524,0.54152,-0.26572
44586,0.13524,0.54152,-0.26572
44607,0.13524,0.54152,-0.26572
44628,0.13524,0.54152,-0.26572
44628,0.13524,0.54152,-0.26572
44649,0.13524,0.54152,-0.26572
44649,0.13524,0.54152,-0.26572
44671,0.1575,0.50078,-0.31542
44671,0.1575,0.50078,-0.31542
44692,0.1575,0.50078,-0.31542
44692,0.1575,0.50078,-0.31542
44713,0.08484,0.50722003,-0.30982
44713,0.08484,0.50722003,-0.30982
44735,0.08484,0.50722003,-0.30982
44756,0.0075600003,0.5159,-0.2709
44756,0.0075600003,0.5159,-0.2709
44778,0.0075600003,0.5159,-0.2709
44778,0.0075600003,0.5159,-0.2709
44799,0.0075600003,0.5159,-0.2709
44799,0.0075600003,0.5159,-0.2709
44820,0.0075600003,0.5159,-0.2709
44820,0.0075600003,0.5159,-0.2709
44841,0.0075600003,0.5159,-0.2709
44842,0.0075600003,0.5159,-0.2709
44863,0.0075600003,0.5159,-0.2709
44863,0.0075600003,0.5159,-0.2709
44884,0.0075600003,0.5159,-0.2709
44905,0.00728,0.5621,-0.1974
44905,0.00728,0.5621,-0.1974
44927,0.00476,0.58100003,-0.1211
44927,0.00476,0.58100003,-0.1211
44948,0.026740002,0.59122,-0.07112
44948,0.026740002,0.59122,-0.07112
44969,0.026740002,0.59122,-0.07112
44970,0.026740002,0.59122,-0.07112
44991,0.07434,0.5957,-0.022400001
44991,0.07434,0.5957,-0.022400001
45012,0.07434,0.5957,-0.022400001
45033,0.07434,0.5957,-0.022400001
45033,0.07434,0.5957,-0.022400001
45055,0.090720005,0.59948003,-0.01148
45055,0.090720005,0.59948003,-0.01148
45076,0.090720005,0.59948003,-0.01148
45076,0.090720005,0.59948003,-0.01148
45097,0.0882,0.59682,-0.00070000003
45098,0.0882,0.59682,-0.00070000003
45119,0.0882,0.59682,-0.00070000003
45119,0.0882,0.59682,-0.00070000003
45140,0.0882,0.59682,-0.00070000003
45161,0.0882,0.59682,-0.00070000003
45161,0.0882,0.59682,-0.00070000003
45183,0.070980005,0.59234,0.01764
45183,0.070980005,0.59234,0.01764
45204,0.070980005,0.59234,0.01764
45204,0.070980005,0.59234,0.01764
45225,0.04662,0.58646,0.01596
45225,0.04662,0.58646,0.01596
45247,0.04662,0.58646,0.01596
45247,0.04662,0.58646,0.01596
45268,0.04662,0.58646,0.01596
45289,0.04662,0.58646,0.01596
45289,0.04662,0.58646,0.01596
45311,0.02996,0.55132,0.07574
45311,0.02996,0.55132,0.07574
45332,0.04354,0.56756,0.063
45332,0.04354,0.56756,0.063
45353,0.04354,0.56756,0.063
45354,0.04354,0.56756,0.063
45375,0.04354,0.56756,0.063
45375,0.04354,0.56756,0.063
45396,0.04354,0.56756,0.063
45417,0.045500003,0.58338004,0.01806
45417,0.045500003,0.58338004,0.01806
45439,0.04774,0.58674,0.00994
45439,0.04774,0.58674,0.00994
45460,0.04774,0.58674,0.00994
45460,0.04774,0.58674,0.00994
45481,0.05054,0.58786,0.00238
45481,0.05054,0.58786,0.00238
45503,0.05054,0.58786,0.00238
45503,0.05054,0.58786,0.00238
45524,0.05054,0.58786,0.00238
45545,0.05054,0.58786,0.00238
45545,0.05054,0.58786,0.00238
45567,0.061600003,0.5992,-0.03514
45567,0.061600003,0.5992,-0.03514
45588,0.0553,0.59836,-0.03514
45588,0.0553,0.59836,-0.03514
45609,0.060340002,0.59878004,-0.0364
45609,0.060340002,0.59878004,-0.0364
45631,0.060340002,0.59878004,-0.0364
45631,0.060340002,0.59878004,-0.0364
45652,0.060340002,0.59878004,-0.0364
45652,0.060340002,0.59878004,-0.0364
45673,0.060340002,0.59878004,-0.0364
45695,0.074480005,0.60536003,-0.04998
45695,0.074480005,0.60536003,-0.04998
45716,0.105280004,0.60284,-0.05404
45716,0.105280004,0.60284,-0.05404
45738,0.105280004,0.60284,-0.05404
45738,0.105280004,0.60284,-0.05404
45759,0.105280004,0.60284,-0.05404
45759,0.105280004,0.60284,-0.05404
45780,0.105280004,0.60284,-0.05404
45780,0.105280004,0.60284,-0.05404
45802,0.13328001,0.60564,-0.04662
45823,0.1407,0.61124,-0.04368
45823,0.1407,0.61124,-0.04368
45844,0.1407,0.61124,-0.04368
45844,0.1407,0.61124,-0.04368
45865,0.1407,0.61124,-0.04368
45865,0.1407,0.61124,-0.04368
45887,0.1666,0.59304,0.0112000005
45887,0.1666,0.59304,0.0112000005
45908,0.17276001,0.59052,0.00854
45908,0.17276001,0.59052,0.00854
45929,0.16996,0.58506,0.03388
45951,0.16996,0.58506,0.03388
45951,0.16996,0.58506,0.03388
45972,0.16674,0.57876,0.057680003
45972,0.16674,0.57876,0.057680003
45993,0.16674,0.57876,0.057680003
45994,0.16674,0.57876,0.057680003
46015,0.16436,0.57456,0.06552
46015,0.16436,0.57456,0.06552
46036,0.16198,0.56966,0.07658
46036,0.16198,0.56966,0.07658
46057,0.16198,0.56966,0.07658
46079,0.14224,0.56966,0.08386
46079,0.14224,0.56966,0.08386
46100,0.14224,0.56966,0.08386
46100,0.14224,0.56966,0.08386
46121,0.1197,0.56630003,0.09604
46121,0.1197,0.56630003,0.09604
46143,0.1267,0.56322,0.09982
46143,0.1267,0.56322,0.09982
46164,0.1267,0.56322,0.09982
46164,0.1267,0.56322,0.09982
46186,0.13398,0.55972004,0.10416
46207,0.13398,0.55972004,0.10416
46207,0.13398,0.55972004,0.10416
46228,0.16058001,0.55468,0.101220004
46228,0.16058001,0.55468,0.101220004
46249,0.2079,0.54572004,0.10752
46249,0.2079,0.54572004,0.10752
46271,0.2079,0.54572004,0.10752
46271,0.2079,0.54572004,0.10752
46292,0.2079,0.54572004,0.10752
46292,0.2079,0.54572004,0.10752
46313,0.24388,0.56490004,0.04214
46335,0.24388,0.56490004,0.04214
46335,0.24388,0.56490004,0.04214
46356,0.24388,0.56490004,0.04214
46356,0.24388,0.56490004,0.04214
46377,0.24388,0.56490004,0.04214
46377,0.24388,0.56490004,0.04214
46399,0.24388,0.56490004,0.04214
46399,0.24388,0.56490004,0.04214
46420,0.20482,0.59136003,-0.01078
46420,0.20482,0.59136003,-0.01078
46441,0.20482,0.59136003,-0.01078
46463,0.20482,0.59136003,-0.01078
46463,0.20482,0.59136003,-0.01078
46484,0.16968,0.60298,-0.05866
46484,0.16968,0.60298,-0.05866
46505,0.16968,0.60298,-0.05866
46505,0.16968,0.60298,-0.05866
46527,0.15428,0.602,-0.07686
46527,0.15428,0.602,-0.07686
46548,0.15428,0.602,-0.07686
46548,0.15428,0.602,-0.07686
46569,0.1358,0.60578,-0.11144
46570,0.1358,0.60578,-0.11144
46591,0.1358,0.60578,-0.11144
46612,0.121800005,0.6006,-0.17262
46612,0.121800005,0.6006,-0.17262
46633,0.1043,0.59206,-0.15792
46634,0.1043,0.59206,-0.15792
46655,0.1043,0.59206,-0.15792
46655,0.1043,0.59206,-0.15792
46676,0.09618,0.58716,-0.17864001
46676,0.09618,0.58716,-0.17864001
46697,0.09618,0.58716,-0.17864001
46697,0.09618,0.58716,-0.17864001
46719,0.09576,0.56966,-0.21462001
46740,0.11984,0.56154,-0.24248001
46740,0.11984,0.56154,-0.24248001
46761,0.17696,0.55636,-0.23254001
46761,0.17696,0.55636,-0.23254001
46783,0.17696,0.55636,-0.23254001
46783,0.17696,0.55636,-0.23254001
46804,0.27524,0.53312004,-0.20482
46804,0.27524,0.53312004,-0.20482
46825,0.27524,0.53312004,-0.20482
46826,0.27524,0.53312004,-0.20482
46847,0.31556,0.51492,-0.18774
46868,0.31556,0.51492,-0.18774
46868,0.31556,0.51492,-0.18774
46889,0.31556,0.51492,-0.18774
46889,0.31556,0.51492,-0.18774
46911,0.31556,0.51492,-0.18774
46911,0.31556,0.51492,-0.18774
46932,0.31556,0.51492,-0.18774
46932,0.31556,0.51492,-0.18774
46953,0.37464002,0.49350002,-0.05138
46953,0.37464002,0.49350002,-0.05138
46975,0.37464002,0.49350002,-0.05138
46996,0.37464002,0.49350002,-0.05138
46996,0.37464002,0.49350002,-0.05138
47017,0.37464002,0.49350002,-0.05138
47017,0.37464002,0.49350002,-0.05138
47039,0.37296,0.48020002,0.03598
47039,0.37296,0.48020002,0.03598
47060,0.3472,0.47166002,0.086100005
47060,0.3472,0.47166002,0.086100005
47081,0.3472,0.47166002,0.086100005
47082,0.3472,0.47166002,0.086100005
47103,0.31346002,0.47572002,0.1155
47124,0.28014,0.48118,0.14308001
47124,0.28014,0.48118,0.14308001
47145,0.28014,0.48118,0.14308001
47146,0.28014,0.48118,0.14308001
47167,0.28014,0.48118,0.14308001
47167,0.28014,0.48118,0.14308001
47188,0.25466,0.48888,0.15106
47188,0.25466,0.48888,0.15106
47209,0.24374,0.48762003,0.15876001
47209,0.24374,0.48762003,0.15876001
47231,0.22722,0.49280003,0.15792
47252,0.22722,0.49280003,0.15792
47252,0.22722,0.49280003,0.15792
47274,0.22722,0.49280003,0.15792
47274,0.22722,0.49280003,0.15792
47295,0.22722,0.49280003,0.15792
47295,0.22722,0.49280003,0.15792
47316,0.23492001,0.48580003,0.15918
47316,0.23492001,0.48580003,0.15918
47338,0.23492001,0.48580003,0.15918
47338,0.23492001,0.48580003,0.15918
47359,0.28812,0.47166002,0.14028001
47359,0.28812,0.47166002,0.14028001
47380,0.28812,0.47166002,0.14028001
47402,0.28812,0.47166002,0.14028001
47402,0.28812,0.47166002,0.14028001
47423,0.28812,0.47166002,0.14028001
47423,0.28812,0.47166002,0.14028001
47444,0.34902,0.45794,0.08918
47444,0.34902,0.45794,0.08918
47465,0.34902,0.45794,0.08918
47466,0.34902,0.45794,0.08918
47487,0.34902,0.45794,0.08918
47487,0.34902,0.45794,0.08918
47508,0.34902,0.45794,0.08918
47529,0.39004,0.46606,-0.08904
47529,0.39004,0.46606,-0.08904
47551,0.39004,0.46606,-0.08904
47551,0.39004,0.46606,-0.08904
47572,0.37814,0.47068,-0.13874
47572,0.37814,0.47068,-0.13874
47593,0.37814,0.47068,-0.13874
47593,0.37814,0.47068,-0.13874
47615,0.36176002,0.47516,-0.18578
47615,0.36176002,0.47516,-0.18578
47636,0.32998002,0.47698,-0.22484
47657,0.32998002,0.47698,-0.22484
47658,0.32998002,0.47698,-0.22484
47679,0.29050002,0.48888,-0.2583
47679,0.29050002,0.48888,-0.2583
47700,0.29050002,0.48888,-0.2583
47700,0.29050002,0.48888,-0.2583
47721,0.29050002,0.48888,-0.2583
47721,0.29050002,0.48888,-0.2583
47743,0.29050002,0.48888,-0.2583
47743,0.29050002,0.48888,-0.2583
47764,0.24038,0.46312,-0.30604002
47785,0.24038,0.46312,-0.30604002
47786,0.24038,0.46312,-0.30604002
47807,0.24038,0.46312,-0.30604002
47807,0.24038,0.46312,-0.30604002
47828,0.23828001,0.44954002,-0.31528002
47828,0.23828001,0.44954002,-0.31528002
47850,0.26698,0.43414,-0.31010002
47850,0.26698,0.43414,-0.31010002
47871,0.33194,0.40376002,-0.28028
47871,0.33194,0.40376002,-0.28028
47892,0.33194,0.40376002,-0.28028
47913,0.33194,0.40376002,-0.28028
47914,0.33194,0.40376002,-0.28028
47935,0.33194,0.40376002,-0.28028
47935,0.33194,0.40376002,-0.28028
47956,0.33194,0.40376002,-0.28028
47956,0.33194,0.40376002,-0.28028
47977,0.43288,0.34986,-0.16324
47977,0.43288,0.34986,-0.16324
47999,0.43288,0.34986,-0.16324
47999,0.43288,0.34986,-0.16324
48020,0.43288,0.34986,-0.16324
48041,0.45178002,0.3423,-0.102060005
48042,0.45178002,0.3423,-0.102060005
48063,0.46018,0.34972,-0.06188
48063,0.46018,0.34972,-0.06188
48084,0.46018,0.34972,-0.06188
48085,0.46018,0.34972,-0.06188
48105,0.46018,0.34972,-0.06188
48106,0.46018,0.34972,-0.06188
48127,0.46018,0.34972,-0.06188
48127,0.46018,0.34972,-0.06188
48148,0.46018,0.34972,-0.06188
48169,0.44814003,0.3528,0.014280001
48170,0.44814003,0.3528,0.014280001
48191,0.39578,0.35784,0.14252001
48191,0.39578,0.35784,0.14252001
48212,0.35854,0.37506002,0.16870001
48212,0.35854,0.37506002,0.16870001
48233,0.35854,0.37506002,0.16870001
48233,0.35854,0.37506002,0.16870001
48255,0.35854,0.37506002,0.16870001
48255,0.35854,0.37506002,0.16870001
48276,0.31472,0.39578,0.18774
48276,0.31472,0.39578,0.18774
48297,0.29442,0.40768,0.19292
48319,0.29442,0.40768,0.19292
48319,0.29442,0.40768,0.19292
48340,0.30954,0.4025,0.1813
48340,0.30954,0.4025,0.1813
48361,0.33978,0.39760002,0.17024
48361,0.33978,0.39760002,0.17024
48383,0.33978,0.39760002,0.17024
48383,0.33978,0.39760002,0.17024
48404,0.33978,0.39760002,0.17024
48404,0.33978,0.39760002,0.17024
48425,0.33978,0.39760002,0.17024
48447,0.33978,0.39760002,0.17024
48447,0.33978,0.39760002,0.17024
48468,0.33978,0.39760002,0.17024
48468,0.33978,0.39760002,0.17024
48489,0.33978,0.39760002,0.17024
48490,0.33978,0.39760002,0.17024
48511,0.33978,0.39760002,0.17024
48511,0.33978,0.39760002,0.17024
48532,0.33978,0.39760002,0.17024
48532,0.33978,0.39760002,0.17024
48554,0.33978,0.39760002,0.17024
48575,0.33978,0.39760002,0.17024
48575,0.33978,0.39760002,0.17024
48596,0.43932,0.36316,-0.1533
48596,0.43932,0.36316,-0.1533
48617,0.43932,0.36316,-0.1533
48617,0.43932,0.36316,-0.1533
48639,0.4235,0.34664002,-0.2086
48639,0.4235,0.34664002,-0.2086
48660,0.40516,0.33628002,-0.2485
48660,0.40516,0.33628002,-0.2485
48681,0.40516,0.33628002,-0.2485
48703,0.40516,0.33628002,-0.2485
48703,0.40516,0.33628002,-0.2485
48724,0.40516,0.33628002,-0.2485
48724,0.40516,0.33628002,-0.2485
48745,0.40516,0.33628002,-0.2485
48745,0.40516,0.33628002,-0.2485
48767,0.40516,0.33628002,-0.2485
48767,0.40516,0.33628002,-0.2485
48788,0.40516,0.33628002,-0.2485
48788,0.40516,0.33628002,-0.2485
48809,0.27608,0.26572,-0.35434002
48831,0.27608,0.26572,-0.35434002
48831,0.27608,0.26572,-0.35434002
48852,0.26446,0.24388,-0.36316
48852,0.26446,0.24388,-0.36316
48873,0.26950002,0.21994,-0.35672
48874,0.26950002,0.21994,-0.35672
48895,0.26950002,0.21994,-0.35672
48895,0.26950002,0.21994,-0.35672
48916,0.26950002,0.21994,-0.35672
48917,0.26950002,0.21994,-0.35672
48937,0.26950002,0.21994,-0.35672
48959,0.26950002,0.21994,-0.35672
48959,0.26950002,0.21994,-0.35672
48980,0.3682,0.21406001,-0.27006
48980,0.3682,0.21406001,-0.27006
49001,0.43330002,0.23058,-0.20538001
49001,0.43330002,0.23058,-0.20538001
49023,0.46298,0.24206,-0.12614
49023,0.46298,0.24206,-0.12614
49044,0.46298,0.24206,-0.12614
49044,0.46298,0.24206,-0.12614
49066,0.47306,0.25676,-0.070140004
49066,0.47306,0.25676,-0.070140004
49087,0.4711,0.26502,-0.04004
49108,0.4711,0.26502,-0.04004
49108,0.4711,0.26502,-0.04004
49134,0.4711,0.26502,-0.04004
49134,0.4711,0.26502,-0.04004
49151,0.4711,0.26502,-0.04004
49151,0.4711,0.26502,-0.04004
49172,0.4711,0.26502,-0.04004
49172,0.4711,0.26502,-0.04004
49194,0.44898,0.28518,0.0581
49194,0.44898,0.28518,0.0581
49216,0.44898,0.28518,0.0581
49236,0.43316,0.31024,0.09814
49236,0.43316,0.31024,0.09814
49258,0.43316,0.31024,0.09814
49258,0.43316,0.31024,0.09814
49281,0.4004,0.32704002,0.13258
49281,0.4004,0.32704002,0.13258
49300,0.4004,0.32704002,0.13258
49300,0.4004,0.32704002,0.13258
49321,0.38262,0.34034002,0.15386
49321,0.38262,0.34034002,0.15386
49343,0.38262,0.34034002,0.15386
49364,0.35196,0.34594002,0.18466
49364,0.35196,0.34594002,0.18466
49385,0.329,0.35770002,0.19866
49385,0.329,0.35770002,0.19866
49407,0.329,0.35770002,0.19866
49407,0.329,0.35770002,0.19866
49428,0.32704002,0.3493,0.19754
49428,0.32704002,0.3493,0.19754
49449,0.32704002,0.3493,0.19754
49449,0.32704002,0.3493,0.19754
49471,0.39676002,0.26796,0.13202
49492,0.39676002,0.26796,0.13202
49492,0.39676002,0.26796,0.13202
49513,0.39676002,0.26796,0.13202
49513,0.39676002,0.26796,0.13202
49535,0.39676002,0.26796,0.13202
49535,0.39676002,0.26796,0.13202
49556,0.39676002,0.26796,0.13202
49556,0.39676002,0.26796,0.13202
49577,0.45920002,0.2009,0.02128
49577,0.45920002,0.2009,0.02128
49599,0.45920002,0.2009,0.02128
49620,0.45920002,0.2009,0.02128
49620,0.45920002,0.2009,0.02128
49642,0.45920002,0.2009,0.02128
49642,0.45920002,0.2009,0.02128
49663,0.46620002,0.18592,-0.01694
49663,0.46620002,0.18592,-0.01694
49684,0.4648,0.17472,-0.052640002
49684,0.4648,0.17472,-0.052640002
49705,0.46144003,0.16492,-0.108780004
49706,0.46144003,0.16492,-0.108780004
49727,0.46144003,0.16492,-0.108780004
49748,0.43974,0.15918,-0.18032001
49748,0.43974,0.15918,-0.18032001
49769,0.39704,0.16156,-0.24822001
49769,0.39704,0.16156,-0.24822001
49791,0.39704,0.16156,-0.24822001
49791,0.39704,0.16156,-0.24822001
49812,0.39704,0.16156,-0.24822001
49812,0.39704,0.16156,-0.24822001
49833,0.39704,0.16156,-0.24822001
49833,0.39704,0.16156,-0.24822001
49855,0.33978,0.17542,-0.3199
49876,0.3052,0.18144001,-0.34846002
49876,0.3052,0.18144001,-0.34846002
49897,0.3052,0.18144001,-0.34846002
49897,0.3052,0.18144001,-0.34846002
49919,0.26894,0.18298,-0.35924
49919,0.26894,0.18298,-0.35924
49940,0.26894,0.18298,-0.35924
49940,0.26894,0.18298,-0.35924
49961,0.26894,0.18298,-0.35924
49962,0.26894,0.18298,-0.35924
49983,0.26894,0.18298,-0.35924
49983,0.26894,0.18298,-0.35924
50004,0.32578,0.13958,-0.30632
50025,0.32578,0.13958,-0.30632
50025,0.32578,0.13958,-0.30632
50047,0.38052002,0.13062,-0.24598001
50047,0.38052002,0.13062,-0.24598001
50068,0.38052002,0.13062,-0.24598001
50068,0.38052002,0.13062,-0.24598001
50089,0.41804,0.12586,-0.1848
50089,0.41804,0.12586,-0.1848
50111,0.43890002,0.13664,-0.14434001
50111,0.43890002,0.13664,-0.14434001
50132,0.43890002,0.13664,-0.14434001
50153,0.45458,0.14728001,-0.105280004
50154,0.45458,0.14728001,-0.105280004
50175,0.45458,0.14728001,-0.105280004
50175,0.45458,0.14728001,-0.105280004
50196,0.45696002,0.15008001,-0.06538
50196,0.45696002,0.15008001,-0.06538
50217,0.45668,0.16436,-0.040880002
50217,0.45668,0.16436,-0.040880002
50239,0.46242002,0.1708,-0.0051800003
50239,0.46242002,0.1708,-0.0051800003
50260,0.46242002,0.1708,-0.0051800003
50281,0.46242002,0.1708,-0.0051800003
50281,0.46242002,0.1708,-0.0051800003
50303,0.45290002,0.17934,0.03458
50303,0.45290002,0.17934,0.03458
50324,0.43918002,0.17864001,0.06594
50324,0.43918002,0.17864001,0.06594
50345,0.43918002,0.17864001,0.06594
50346,0.43918002,0.17864001,0.06594
50367,0.4291,0.18844001,0.09408
50367,0.4291,0.18844001,0.09408
50388,0.4291,0.18844001,0.09408
50409,0.41426,0.18718,0.13608
50409,0.41426,0.18718,0.13608
50431,0.38976002,0.19544001,0.14784001
50431,0.38976002,0.19544001,0.14784001
50452,0.38976002,0.19544001,0.14784001
50452,0.38976002,0.19544001,0.14784001
50473,0.38976002,0.19544001,0.14784001
50473,0.38976002,0.19544001,0.14784001
50495,0.34356,0.19306001,0.18746
50495,0.34356,0.19306001,0.18746
50516,0.34356,0.19306001,0.18746
50537,0.32382,0.1904,0.20314
50537,0.32382,0.1904,0.20314
50559,0.32382,0.1904,0.20314
50559,0.32382,0.1904,0.20314
50580,0.34258002,0.18816,0.1904
50580,0.34258002,0.18816,0.1904
50601,0.3633,0.19432001,0.17206
50601,0.3633,0.19432001,0.17206
50623,0.3633,0.19432001,0.17206
50623,0.3633,0.19432001,0.17206
50644,0.39578,0.18928,0.13608
50665,0.42938,0.1771,0.079100005
50665,0.42938,0.1771,0.079100005
50687,0.42938,0.1771,0.079100005
50687,0.42938,0.1771,0.079100005
50708,0.45066002,0.16534,0.02576
50708,0.45066002,0.16534,0.02576
50729,0.45066002,0.16534,0.02576
50729,0.45066002,0.16534,0.02576
50751,0.45262,0.15078,-0.03262
50751,0.45262,0.15078,-0.03262
50772,0.45262,0.15078,-0.03262
50772,0.45262,0.15078,-0.03262
50793,0.44898,0.13006,-0.06384
50815,0.44520003,0.120120004,-0.0973
50815,0.44520003,0.120120004,-0.0973
50836,0.42658,0.112840004,-0.14854
50836,0.42658,0.112840004,-0.14854
50857,0.42658,0.112840004,-0.14854
50857,0.42658,0.112840004,-0.14854
50879,0.42658,0.112840004,-0.14854
50879,0.42658,0.112840004,-0.14854
50900,0.42658,0.112840004,-0.14854
50900,0.42658,0.112840004,-0.14854
50921,0.42658,0.112840004,-0.14854
50943,0.33936,0.09114,-0.26712
50943,0.33936,0.09114,-0.26712
50964,0.33936,0.09114,-0.26712
50964,0.33936,0.09114,-0.26712
50985,0.29596,0.085820004,-0.28616002
50985,0.29596,0.085820004,-0.28616002
51007,0.29596,0.085820004,-0.28616002
51007,0.29596,0.085820004,-0.28616002
51028,0.27496,0.08484,-0.30758
51028,0.27496,0.08484,-0.30758
51049,0.24332,0.08218,-0.32144
51071,0.24332,0.08218,-0.32144
51071,0.24332,0.08218,-0.32144
51092,0.24332,0.08218,-0.32144
51092,0.24332,0.08218,-0.32144
51113,0.22806,0.082040004,-0.31780002
51113,0.22806,0.082040004,-0.31780002
51135,0.24892001,0.06832,-0.30114
51135,0.24892001,0.06832,-0.30114
51156,0.30002,0.05824,-0.26152
51156,0.30002,0.05824,-0.26152
51177,0.30002,0.05824,-0.26152
51199,0.35126,0.052920002,-0.21364
51199,0.35126,0.052920002,-0.21364
51220,0.35126,0.052920002,-0.21364
51220,0.35126,0.052920002,-0.21364
51241,0.37422,0.05474,-0.17808
51241,0.37422,0.05474,-0.17808
51263,0.39452,0.05432,-0.12432
51263,0.39452,0.05432,-0.12432
51284,0.39452,0.05432,-0.12432
51284,0.39452,0.05432,-0.12432
51305,0.39452,0.05432,-0.12432
51327,0.41216,0.0581,-0.061460003
51327,0.41216,0.0581,-0.061460003
51348,0.41216,0.0581,-0.061460003
51348,0.41216,0.0581,-0.061460003
51369,0.41216,0.0581,-0.061460003
51369,0.41216,0.0581,-0.061460003
51391,0.41160002,0.08246,0.04382
51391,0.41160002,0.08246,0.04382
51412,0.40236002,0.09254,0.0728
51412,0.40236002,0.09254,0.0728
51433,0.40236002,0.09254,0.0728
51455,0.40236002,0.09254,0.0728
51455,0.40236002,0.09254,0.0728
51476,0.40236002,0.09254,0.0728
51476,0.40236002,0.09254,0.0728
51497,0.40236002,0.09254,0.0728
51497,0.40236002,0.09254,0.0728
51519,0.40236002,0.09254,0.0728
51519,0.40236002,0.09254,0.0728
51540,0.40236002,0.09254,0.0728
51540,0.40236002,0.09254,0.0728
51561,0.40236002,0.09254,0.0728
51583,0.40236002,0.09254,0.0728
51583,0.40236002,0.09254,0.0728
51604,0.40236002,0.09254,0.0728
51604,0.40236002,0.09254,0.0728
51625,0.40236002,0.09254,0.0728
51625,0.40236002,0.09254,0.0728
51647,0.35798,0.11298,0.14868
51647,0.35798,0.11298,0.14868
51668,0.27972,0.09464,0.18704
51668,0.27972,0.09464,0.18704
51689,0.27972,0.09464,0.18704
51689,0.27972,0.09464,0.18704
51711,0.27972,0.09464,0.18704
51732,0.27972,0.09464,0.18704
51732,0.27972,0.09464,0.18704
51754,0.32718,0.089320004,0.15666
51754,0.32718,0.089320004,0.15666
51775,0.32718,0.089320004,0.15666
51775,0.32718,0.089320004,0.15666
51796,0.32718,0.089320004,0.15666
51796,0.32718,0.089320004,0.15666
51817,0.39732,0.06944,0.05068
51817,0.39732,0.06944,0.05068
51839,0.40698,0.05992,-0.00266
51860,0.40698,0.05992,-0.00266
51860,0.40698,0.05992,-0.00266
51881,0.40698,0.05992,-0.00266
51881,0.40698,0.05992,-0.00266
51903,0.40698,0.05992,-0.00266
51903,0.40698,0.05992,-0.00266
51924,0.40698,0.05992,-0.00266
51924,0.40698,0.05992,-0.00266
51945,0.40698,0.05992,-0.00266
51946,0.40698,0.05992,-0.00266
51967,0.38724002,0.049420003,-0.15806
51988,0.38724002,0.049420003,-0.15806
51988,0.38724002,0.049420003,-0.15806
52009,0.38724002,0.049420003,-0.15806
52009,0.38724002,0.049420003,-0.15806
52031,0.38724002,0.049420003,-0.15806
52031,0.38724002,0.049420003,-0.15806
52052,0.38724002,0.049420003,-0.15806
52052,0.38724002,0.049420003,-0.15806
52073,0.38724002,0.049420003,-0.15806
52074,0.38724002,0.049420003,-0.15806
52095,0.38724002,0.049420003,-0.15806
52116,0.38724002,0.049420003,-0.15806
52116,0.38724002,0.049420003,-0.15806
52137,0.23856,0.02002,-0.26908
52137,0.23856,0.02002,-0.26908
52159,0.23856,0.02002,-0.26908
52159,0.23856,0.02002,-0.26908
52180,0.23856,0.02002,-0.26908
52180,0.23856,0.02002,-0.26908
52201,0.23856,0.02002,-0.26908
52201,0.23856,0.02002,-0.26908
52223,0.21462001,0.02338,-0.27314
52244,0.21462001,0.02338,-0.27314
52244,0.21462001,0.02338,-0.27314
52265,0.21462001,0.02338,-0.27314
52265,0.21462001,0.02338,-0.27314
52287,0.21462001,0.02338,-0.27314
52287,0.21462001,0.02338,-0.27314
52308,0.21462001,0.02338,-0.27314
52308,0.21462001,0.02338,-0.27314
52329,0.21462001,0.02338,-0.27314
52329,0.21462001,0.02338,-0.27314
52351,0.21462001,0.02338,-0.27314
52372,0.21462001,0.02338,-0.27314
52372,0.21462001,0.02338,-0.27314
52393,0.21462001,0.02338,-0.27314
52393,0.21462001,0.02338,-0.27314
52415,0.21462001,0.02338,-0.27314
52415,0.21462001,0.02338,-0.27314
52436,0.21462001,0.02338,-0.27314
52436,0.21462001,0.02338,-0.27314
52457,0.20328,0.014280001,-0.26502
52457,0.20328,0.014280001,-0.26502
52479,0.20328,0.014280001,-0.26502
52479,0.20328,0.014280001,-0.26502
52500,0.20328,0.014280001,-0.26502
52521,0.20328,0.014280001,-0.26502
52521,0.20328,0.014280001,-0.26502
52543,0.20328,0.014280001,-0.26502
52543,0.20328,0.014280001,-0.26502
52564,0.20328,0.014280001,-0.26502
52564,0.20328,0.014280001,-0.26502
52585,0.20328,0.014280001,-0.26502
52585,0.20328,0.014280001,-0.26502
52607,0.20328,0.014280001,-0.26502
52607,0.20328,0.014280001,-0.26502
52628,0.20328,0.014280001,-0.26502
52649,0.26250002,0.0063,0.118300006
52649,0.26250002,0.0063,0.118300006
52671,0.26250002,0.0063,0.118300006
52671,0.26250002,0.0063,0.118300006
52692,0.21196,0.011340001,0.1435
52692,0.21196,0.011340001,0.1435
52713,0.21196,0.011340001,0.1435
52713,0.21196,0.011340001,0.1435
52735,0.21196,0.011340001,0.1435
52735,0.21196,0.011340001,0.1435
52756,0.21196,0.011340001,0.1435
52777,0.21196,0.011340001,0.1435
52777,0.21196,0.011340001,0.1435
52799,0.21196,0.011340001,0.1435
52799,0.21196,0.011340001,0.1435
52820,0.21196,0.011340001,0.1435
52820,0.21196,0.011340001,0.1435
52841,0.28658,-0.015260001,0.07238
52841,0.28658,-0.015260001,0.07238
52863,0.28658,-0.015260001,0.07238
52863,0.28658,-0.015260001,0.07238
52884,0.30114,-0.02702,0.02898
52905,0.31206,-0.0252,-0.01358
52905,0.31206,-0.0252,-0.01358
52927,0.31206,-0.0252,-0.01358
52927,0.31206,-0.0252,-0.01358
52948,0.31206,-0.0252,-0.01358
52948,0.31206,-0.0252,-0.01358
52969,0.30884,-0.033460002,-0.056840003
52969,0.30884,-0.033460002,-0.056840003
52991,0.30254,-0.03164,-0.09352
52991,0.30254,-0.03164,-0.09352
53012,0.29694,-0.03164,-0.114800006
53033,0.29694,-0.03164,-0.114800006
53033,0.29694,-0.03164,-0.114800006
53055,0.27398002,-0.03402,-0.15526001
53055,0.27398002,-0.03402,-0.15526001
53076,0.27398002,-0.03402,-0.15526001
53076,0.27398002,-0.03402,-0.15526001
53097,0.27398002,-0.03402,-0.15526001
53097,0.27398002,-0.03402,-0.15526001
53119,0.25494,-0.028560001,-0.18284
53119,0.25494,-0.028560001,-0.18284
53140,0.25494,-0.028560001,-0.18284
53161,0.25494,-0.028560001,-0.18284
53161,0.25494,-0.028560001,-0.18284
53183,0.24486001,-0.01806,-0.20678
53183,0.24486001,-0.01806,-0.20678
53204,0.25326002,-0.00882,-0.20356001
53204,0.25326002,-0.00882,-0.20356001
53225,0.25326002,-0.00882,-0.20356001
53225,0.25326002,-0.00882,-0.20356001
53247,0.25326002,-0.00882,-0.20356001
53247,0.25326002,-0.00882,-0.20356001
53268,0.29428002,-0.0273,-0.120400004
53289,0.31192002,-0.026320001,-0.073920004
53289,0.31192002,-0.026320001,-0.073920004
53311,0.31192002,-0.026320001,-0.073920004
53311,0.31192002,-0.026320001,-0.073920004
53332,0.31514,-0.0273,-0.035
53332,0.31514,-0.0273,-0.035
53353,0.31948,-0.0196,-0.00686
53353,0.31948,-0.0196,-0.00686
53375,0.31948,-0.0196,-0.00686
53375,0.31948,-0.0196,-0.00686
53396,0.31794,-0.024220001,0.02912
53396,0.31794,-0.024220001,0.02912
53417,0.31794,-0.024220001,0.02912
53439,0.31794,-0.024220001,0.02912
53439,0.31794,-0.024220001,0.02912
53460,0.28532,-0.01386,0.08022
53460,0.28532,-0.01386,0.08022
53481,0.28532,-0.01386,0.08022
53481,0.28532,-0.01386,0.08022
53503,0.28532,-0.01386,0.08022
53503,0.26516,-0.00392,0.101220004
53524,0.26516,-0.00392,0.101220004
53524,0.26516,-0.00392,0.101220004
53545,0.26516,-0.00392,0.101220004
53567,0.26516,-0.00392,0.101220004
53567,0.26516,-0.00392,0.101220004
53588,0.26516,-0.00392,0.101220004
53588,0.26516,-0.00392,0.101220004
53609,0.26516,-0.00392,0.101220004
53609,0.26516,-0.00392,0.101220004
53631,0.26516,-0.00392,0.101220004
53631,0.26516,-0.00392,0.101220004
53652,0.26516,-0.00392,0.101220004
53652,0.26516,-0.00392,0.101220004
53673,0.21812001,0.0035,0.1323
53695,0.21812001,0.0035,0.1323
53695,0.21812001,0.0035,0.1323
53716,0.21812001,0.0035,0.1323
53716,0.21812001,0.0035,0.1323
53737,0.21812001,0.0035,0.1323
53738,0.21812001,0.0035,0.1323
53759,0.21812001,0.0035,0.1323
53759,0.21812001,0.0035,0.1323
53780,0.21812001,0.0035,0.1323
53780,0.21812001,0.0035,0.1323
53801,0.18326001,0.00182,0.1372
53823,0.18326001,0.00182,0.1372
53823,0.18326001,0.00182,0.1372
53844,0.18326001,0.00182,0.1372
53844,0.18326001,0.00182,0.1372
53865,0.18326001,0.00182,0.1372
53865,0.18326001,0.00182,0.1372
53887,0.18326001,0.00182,0.1372
53887,0.18326001,0.00182,0.1372
53908,0.18326001,0.00182,0.1372
53908,0.18326001,0.00182,0.1372
53929,0.18326001,0.00182,0.1372
53951,0.18326001,0.00182,0.1372
53951,0.18326001,0.00182,0.1372
53972,0.18326001,0.00182,0.1372
53972,0.18326001,0.00182,0.1372
53993,0.18326001,0.00182,0.1372
53994,0.18326001,0.00182,0.1372
54015,0.18326001,0.00182,0.1372
54015,0.18326001,0.00182,0.1372
54036,0.18326001,0.00182,0.1372
54036,0.18326001,0.00182,0.1372
54057,0.18326001,0.00182,0.1372
54079,0.18326001,0.00182,0.1372
54079,0.18326001,0.00182,0.1372
54100,0.18326001,0.00182,0.1372
54100,0.18326001,0.00182,0.1372
54121,0.18326001,0.00182,0.1372
54121,0.18326001,0.00182,0.1372
54143,0.24640001,-0.06454,-0.05376
54143,0.24640001,-0.06454,-0.05376
54164,0.24640001,-0.06454,-0.05376
54164,0.24640001,-0.06454,-0.05376
54185,0.24640001,-0.06454,-0.05376
54185,0.24640001,-0.06454,-0.05376
54207,0.24640001,-0.06454,-0.05376
54228,0.24640001,-0.06454,-0.05376
54228,0.24640001,-0.06454,-0.05376
54249,0.19306001,-0.04788,-0.16968
54249,0.19306001,-0.04788,-0.16968
54271,0.19306001,-0.04788,-0.16968
54271,0.19306001,-0.04788,-0.16968
54292,0.19306001,-0.04788,-0.16968
54292,0.19306001,-0.04788,-0.16968
54313,0.19306001,-0.04788,-0.16968
54313,0.19306001,-0.04788,-0.16968
54335,0.19306001,-0.04788,-0.16968
54356,0.19306001,-0.04788,-0.16968
54356,0.19306001,-0.04788,-0.16968
54377,0.24038,-0.05502,-0.07784
54377,0.24038,-0.05502,-0.07784
54399,0.24038,-0.05502,-0.07784
54399,0.24038,-0.05502,-0.07784
54420,0.24038,-0.05502,-0.07784
54420,0.24038,-0.05502,-0.07784
54441,0.24038,-0.05502,-0.07784
54441,0.24038,-0.05502,-0.07784
54463,0.24822001,-0.045360003,0.03178
54484,0.24822001,-0.045360003,0.03178
54484,0.24822001,-0.045360003,0.03178
54505,0.24822001,-0.045360003,0.03178
54505,0.24822001,-0.045360003,0.03178
54527,0.24822001,-0.045360003,0.03178
54527,0.24822001,-0.045360003,0.03178
54548,0.24822001,-0.045360003,0.03178
54548,0.24822001,-0.045360003,0.03178
54569,0.24822001,-0.045360003,0.03178
54569,0.24822001,-0.045360003,0.03178
54591,0.23660001,-0.040880002,0.04676
54612,0.23660001,-0.040880002,0.04676
54612,0.23660001,-0.040880002,0.04676
54633,0.17024,-0.040740002,0.0784
54633,0.17024,-0.040740002,0.0784
54655,0.17024,-0.040740002,0.0784
54655,0.17024,-0.040740002,0.0784
54676,0.17024,-0.040740002,0.0784
54676,0.17024,-0.040740002,0.0784
54697,0.12810001,-0.0357,0.07616
54697,0.12810001,-0.0357,0.07616
54719,0.12810001,-0.0357,0.07616
54740,0.11536001,-0.033740003,0.07266
54740,0.11536001,-0.033740003,0.07266
54761,0.11536001,-0.033740003,0.07266
54761,0.11536001,-0.033740003,0.07266
54783,0.11536001,-0.033740003,0.07266
54783,0.11536001,-0.033740003,0.07266
54804,0.11536001,-0.033740003,0.07266
54804,0.11536001,-0.033740003,0.07266
54825,0.11536001,-0.033740003,0.07266
54825,0.11536001,-0.033740003,0.07266
54847,0.11536001,-0.033740003,0.07266
54868,0.15806,-0.03556,0.085260004
54868,0.15806,-0.03556,0.085260004
54889,0.1568,-0.03976,0.07406
54889,0.1568,-0.03976,0.07406
54911,0.13902001,-0.04774,0.056280002
54911,0.13902001,-0.04774,0.056280002
54932,0.110740006,-0.052500002,0.02996
54932,0.110740006,-0.052500002,0.02996
54953,0.110740006,-0.052500002,0.02996
54953,0.110740006,-0.052500002,0.02996
54975,0.110740006,-0.052500002,0.02996
54996,0.12488,-0.06622,0.00742
54996,0.12488,-0.06622,0.00742
55017,0.12488,-0.06622,0.00742
55017,0.12488,-0.06622,0.00742
55039,0.12488,-0.06622,0.00742
55039,0.12488,-0.06622,0.00742
55060,0.12488,-0.06622,0.00742
55060,0.12488,-0.06622,0.00742
55081,0.12488,-0.06622,0.00742
55081,0.12488,-0.06622,0.00742
55103,0.12488,-0.06622,0.00742
55103,0.12488,-0.06622,0.00742
55124,0.124460004,-0.0679,-0.01498
55145,0.124460004,-0.0679,-0.01498
55145,0.124460004,-0.0679,-0.01498
55167,0.097440004,-0.06384,-0.0959
55167,0.097440004,-0.06384,-0.0959
55188,0.097440004,-0.06384,-0.0959
55188,0.097440004,-0.06384,-0.0959
55209,0.097440004,-0.06384,-0.0959
55210,0.097440004,-0.06384,-0.0959
55231,0.09212,-0.05964,-0.099120006
55231,0.09212,-0.05964,-0.099120006
55252,0.089320004,-0.05376,-0.114520006
55273,0.089320004,-0.05376,-0.114520006
55273,0.089320004,-0.05376,-0.114520006
55295,0.08246,-0.0539,-0.11732
55295,0.08246,-0.0539,-0.11732
55316,0.08876,-0.056,-0.10108
55316,0.08876,-0.056,-0.10108
55337,0.08876,-0.056,-0.10108
55337,0.08876,-0.056,-0.10108
55359,0.08876,-0.056,-0.10108
55359,0.08876,-0.056,-0.10108
55380,0.10948,-0.066920005,-0.0784
55401,0.10948,-0.066920005,-0.0784
55401,0.10948,-0.066920005,-0.0784
55423,0.12992,-0.06594,-0.03108
55423,0.12992,-0.06594,-0.03108
55444,0.12992,-0.06594,-0.03108
55444,0.12992,-0.06594,-0.03108
55465,0.12992,-0.06594,-0.03108
55465,0.12992,-0.06594,-0.03108
55487,0.14168,-0.06552,-0.00126
55487,0.14168,-0.06552,-0.00126
55508,0.14168,-0.06552,-0.00126
55529,0.14168,-0.06552,-0.00126
55529,0.14168,-0.06552,-0.00126
55551,0.14168,-0.06552,-0.00126
55551,0.14168,-0.06552,-0.00126
55572,0.14168,-0.06552,-0.00126
55572,0.14168,-0.06552,-0.00126
55593,0.14168,-0.06552,-0.00126
55593,0.14168,-0.06552,-0.00126
55615,0.14168,-0.06552,-0.00126
55615,0.14168,-0.06552,-0.00126
55636,0.14168,-0.06552,-0.00126
55657,0.11998,-0.04704,0.05852
55657,0.11998,-0.04704,0.05852
55679,0.118300006,-0.05446,0.04718
55679,0.118300006,-0.05446,0.04718
55700,0.118300006,-0.05446,0.04718
55700,0.118300006,-0.05446,0.04718
55721,0.11326,-0.05796,0.03668
55721,0.11326,-0.05796,0.03668
55743,0.11326,-0.05796,0.03668
55743,0.11326,-0.05796,0.03668
55764,0.09968,-0.0581,0.01694
55785,0.09968,-0.0581,0.01694
55785,0.09968,-0.0581,0.01694
55807,0.09968,-0.0581,0.01694
55807,0.09968,-0.0581,0.01694
55828,0.09562,-0.05922,0.00098
55828,0.09562,-0.05922,0.00098
55849,0.09562,-0.05922,0.00098
55849,0.09562,-0.05922,0.00098
55871,0.09562,-0.05922,0.00098
55871,0.09562,-0.05922,0.00098
55892,0.09562,-0.05922,0.00098
55892,0.09562,-0.05922,0.00098
55913,0.09562,-0.05922,0.00098
55935,0.09562,-0.05922,0.00098
55935,0.09562,-0.05922,0.00098
55956,0.09562,-0.05922,0.00098
55956,0.09562,-0.05922,0.00098
55977,0.09562,-0.05922,0.00098
55977,0.09562,-0.05922,0.00098
55999,0.09562,-0.05922,0.00098
55999,0.09562,-0.05922,0.00098
56020,0.09562,-0.05922,0.00098
56020,0.09562,-0.05922,0.00098
56041,0.09562,-0.05922,0.00098
56063,-0.01386,-0.01974,0.01372
56063,-0.01386,-0.01974,0.01372
56084,-0.01386,-0.01974,0.01372
56084,-0.01386,-0.01974,0.01372
56105,-0.01386,-0.01974,0.01372
56106,-0.01386,-0.01974,0.01372
56127,-0.01386,-0.01974,0.01372
56127,-0.01386,-0.01974,0.01372
56148,-0.01386,-0.01974,0.01372
56148,-0.01386,-0.01974,0.01372
56169,-0.03864,0.0071400004,0.02562
56191,-0.03864,0.0071400004,0.02562
56191,-0.03864,0.0071400004,0.02562
56212,-0.03864,0.0071400004,0.02562
56212,-0.03864,0.0071400004,0.02562
56233,-0.08568,0.05852,0.03584
56233,-0.08568,0.05852,0.03584
56255,-0.08568,0.05852,0.03584
56255,-0.08568,0.05852,0.03584
56276,-0.08568,0.05852,0.03584
56276,-0.08568,0.05852,0.03584
56297,-0.08568,0.05852,0.03584
56319,-0.08568,0.05852,0.03584
56319,-0.08568,0.05852,0.03584
56340,-0.08568,0.05852,0.03584
56340,-0.08568,0.05852,0.03584
56361,-0.08568,0.05852,0.03584
56361,-0.08568,0.05852,0.03584
56383,-0.08568,0.05852,0.03584
56383,-0.08568,0.05852,0.03584
56404,-0.08568,0.05852,0.03584
56404,-0.08568,0.05852,0.03584
56425,-0.102900006,0.049420003,-0.11956
56447,-0.102900006,0.049420003,-0.11956
56447,-0.102900006,0.049420003,-0.11956
56468,-0.05432,0.11648,-0.30464
56468,-0.05432,0.11648,-0.30464
56489,-0.05432,0.11648,-0.30464
56489,-0.05432,0.11648,-0.30464
56511,-0.05432,0.11648,-0.30464
56511,-0.05432,0.11648,-0.30464
56532,-0.05432,0.11648,-0.30464
56532,-0.05432,0.11648,-0.30464
56553,-0.036820002,0.25424,-0.3598
56575,-0.0315,0.31836,-0.35728002
56575,-0.0315,0.31836,-0.35728002
56596,-0.0315,0.31836,-0.35728002
56596,-0.0315,0.31836,-0.35728002
56617,-0.0315,0.31836,-0.35728002
56618,-0.0315,0.31836,-0.35728002
56639,-0.0315,0.31836,-0.35728002
56639,-0.0315,0.31836,-0.35728002
56660,-0.0315,0.31836,-0.35728002
56660,-0.0315,0.31836,-0.35728002
56681,-0.0315,0.31836,-0.35728002
56703,-0.0315,0.31836,-0.35728002
56703,-0.0315,0.31836,-0.35728002
56724,-0.0315,0.31836,-0.35728002
56724,-0.0315,0.31836,-0.35728002
56745,-0.066920005,0.3332,-0.33222002
56746,-0.066920005,0.3332,-0.33222002
56767,-0.120400004,0.29386002,-0.28672
56767,-0.120400004,0.29386002,-0.28672
56788,-0.120400004,0.29386002,-0.28672
56788,-0.120400004,0.29386002,-0.28672
56809,-0.15722,0.26712,-0.22974001
56809,-0.15722,0.26712,-0.22974001
56831,-0.17542,0.24654001,-0.18564
56852,-0.17542,0.24654001,-0.18564
56852,-0.17542,0.24654001,-0.18564
56873,-0.17542,0.24654001,-0.18564
56873,-0.17542,0.24654001,-0.18564
56895,-0.17542,0.24654001,-0.18564
56895,-0.17542,0.24654001,-0.18564
56916,-0.17542,0.24654001,-0.18564
56916,-0.17542,0.24654001,-0.18564
56937,-0.16422,0.18172,0.04438
56938,-0.16422,0.18172,0.04438
56959,-0.16422,0.18172,0.04438
56980,-0.15890001,0.20832,0.08022
56980,-0.15890001,0.20832,0.08022
57001,-0.15890001,0.20832,0.08022
57001,-0.15890001,0.20832,0.08022
57023,-0.15890001,0.20832,0.08022
57023,-0.15890001,0.20832,0.08022
57044,-0.15890001,0.20832,0.08022
57044,-0.15890001,0.20832,0.08022
57065,-0.15890001,0.20832,0.08022
57065,-0.15890001,0.20832,0.08022
57087,-0.15890001,0.20832,0.08022
57108,-0.15890001,0.20832,0.08022
57108,-0.15890001,0.20832,0.08022
57129,-0.15890001,0.20832,0.08022
57129,-0.15890001,0.20832,0.08022
57151,-0.15890001,0.20832,0.08022
57151,-0.15890001,0.20832,0.08022
57172,-0.15890001,0.20832,0.08022
57172,-0.15890001,0.20832,0.08022
57193,-0.15890001,0.20832,0.08022
57193,-0.15890001,0.20832,0.08022
57215,-0.10514,0.37030002,0.12166
57236,-0.10514,0.37030002,0.12166
57236,-0.10514,0.37030002,0.12166
57257,-0.10514,0.37030002,0.12166
57257,-0.10514,0.37030002,0.12166
57279,-0.13104,0.45766002,-0.03234
57279,-0.13104,0.45766002,-0.03234
57300,-0.13664,0.46718,-0.11578
57300,-0.13664,0.46718,-0.11578
57321,-0.13664,0.46718,-0.11578
57321,-0.13664,0.46718,-0.11578
57343,-0.13664,0.46718,-0.11578
57364,-0.13664,0.46718,-0.11578
57364,-0.13664,0.46718,-0.11578
57385,-0.13664,0.46718,-0.11578
57385,-0.13664,0.46718,-0.11578
57407,-0.12684001,0.46536002,-0.15764001
57407,-0.12684001,0.46536002,-0.15764001
57428,-0.12684001,0.46536002,-0.15764001
57428,-0.12684001,0.46536002,-0.15764001
57449,-0.12684001,0.46536002,-0.15764001
57449,-0.12684001,0.46536002,-0.15764001
57471,-0.12684001,0.46536002,-0.15764001
57492,-0.12684001,0.46536002,-0.15764001
57492,-0.12684001,0.46536002,-0.15764001
57513,-0.061460003,0.43974,-0.28644
57513,-0.061460003,0.43974,-0.28644
57535,0.086380005,0.40446,-0.3626
57535,0.086380005,0.40446,-0.3626
57556,0.086380005,0.40446,-0.3626
57556,0.086380005,0.40446,-0.3626
57577,0.08064,0.40460002,-0.36400002
57577,0.08064,0.40460002,-0.36400002
57599,0.0392,0.42966002,-0.336
57599,0.0392,0.42966002,-0.336
57620,-0.018900001,0.46088,-0.294
57641,-0.018900001,0.46088,-0.294
57641,-0.018900001,0.46088,-0.294
57663,-0.078820005,0.4921,-0.19768001
57663,-0.078820005,0.4921,-0.19768001
57684,-0.078820005,0.4921,-0.19768001
57684,-0.078820005,0.4921,-0.19768001
57705,-0.110740006,0.50106,-0.089600004
57705,-0.110740006,0.50106,-0.089600004
57727,-0.110740006,0.50106,-0.089600004
57727,-0.110740006,0.50106,-0.089600004
57748,-0.110740006,0.50106,-0.089600004
57769,-0.11578,0.46816,0.026180001
57769,-0.11578,0.46816,0.026180001
57791,-0.11578,0.46816,0.026180001
57791,-0.11578,0.46816,0.026180001
57812,-0.11578,0.46816,0.026180001
57812,-0.11578,0.46816,0.026180001
57833,-0.10486,0.45052,0.074480005
57833,-0.10486,0.45052,0.074480005
57855,-0.093660004,0.44562,0.077
57855,-0.093660004,0.44562,0.077
57876,-0.093660004,0.44562,0.077
57897,-0.093660004,0.44562,0.077
57897,-0.093660004,0.44562,0.077
57919,-0.093660004,0.44562,0.077
57919,-0.093660004,0.44562,0.077
57940,-0.093660004,0.44562,0.077
57940,-0.093660004,0.44562,0.077
57961,-0.093660004,0.44562,0.077
57961,-0.093660004,0.44562,0.077
57983,-0.093660004,0.44562,0.077
57983,-0.093660004,0.44562,0.077
58004,-0.102620006,0.50358003,-0.12222
58025,-0.102620006,0.50358003,-0.12222
58025,-0.102620006,0.50358003,-0.12222
58047,-0.102620006,0.50358003,-0.12222
58047,-0.102620006,0.50358003,-0.12222
58068,-0.06972,0.44842002,-0.28084
58068,-0.06972,0.44842002,-0.28084
58089,-0.06972,0.44842002,-0.28084
58089,-0.06972,0.44842002,-0.28084
58111,-0.037800003,0.41776,-0.31248
58111,-0.037800003,0.41776,-0.31248
58132,0.00266,0.41272002,-0.33754
58153,0.00266,0.41272002,-0.33754
58153,0.00266,0.41272002,-0.33754
58175,0.00266,0.41272002,-0.33754
58175,0.00266,0.41272002,-0.33754
58196,0.0175,0.40068,-0.35098
58196,0.0175,0.40068,-0.35098
58217,0.0175,0.40068,-0.35098
58217,0.0175,0.40068,-0.35098
58239,0.0175,0.40068,-0.35098
58239,0.0175,0.40068,-0.35098
58260,0.0175,0.40068,-0.35098
58281,0.1302,0.35378,-0.3829
58281,0.1302,0.35378,-0.3829
58303,0.16674,0.34496,-0.3836
58303,0.16674,0.34496,-0.3836
58324,0.16674,0.34496,-0.3836
58324,0.16674,0.34496,-0.3836
58345,0.19950001,0.33110002,-0.3864
58345,0.19950001,0.33110002,-0.3864
58367,0.19950001,0.33110002,-0.3864
58367,0.19950001,0.33110002,-0.3864
58388,0.18270001,0.35168,-0.37744
58409,0.18270001,0.35168,-0.37744
58409,0.18270001,0.35168,-0.37744
58431,0.18270001,0.35168,-0.37744
58431,0.18270001,0.35168,-0.37744
58452,0.18270001,0.35168,-0.37744
58452,0.18270001,0.35168,-0.37744
58473,0.18270001,0.35168,-0.37744
58473,0.18270001,0.35168,-0.37744
58495,0.18270001,0.35168,-0.37744
58495,0.18270001,0.35168,-0.37744
58516,0.1176,0.38444,-0.37324002
58516,0.1176,0.38444,-0.37324002
58537,0.1176,0.38444,-0.37324002
58559,-0.093100004,0.50568,-0.13818
58559,-0.093100004,0.50568,-0.13818
58580,-0.093100004,0.50568,-0.13818
58580,-0.093100004,0.50568,-0.13818
58601,-0.093100004,0.50568,-0.13818
58601,-0.093100004,0.50568,-0.13818
58623,-0.08498,0.52668,-0.073920004
58623,-0.08498,0.52668,-0.073920004
58644,-0.08498,0.52668,-0.073920004
58644,-0.08498,0.52668,-0.073920004
58665,-0.0469,0.52570003,0.06776
58687,-0.0469,0.52570003,0.06776
58687,-0.0469,0.52570003,0.06776
58708,-0.0469,0.52570003,0.06776
58708,-0.0469,0.52570003,0.06776
58729,-0.0469,0.52570003,0.06776
58729,-0.0469,0.52570003,0.06776
58751,-0.03528,0.497,0.08274
58751,-0.03528,0.497,0.08274
58772,-0.03528,0.497,0.08274
58772,-0.03528,0.497,0.08274
58793,-0.03528,0.497,0.08274
58815,-0.056140002,0.4963,0.057260003
58815,-0.056140002,0.4963,0.057260003
58836,-0.0798,0.50876004,-0.00742
58836,-0.0798,0.50876004,-0.00742
58857,-0.0798,0.50876004,-0.00742
58857,-0.0798,0.50876004,-0.00742
58879,-0.08792,0.52024,-0.09058
58879,-0.08792,0.52024,-0.09058
58900,-0.08792,0.52024,-0.09058
58900,-0.08792,0.52024,-0.09058
58921,-0.07896,0.51786,-0.1491
58943,-0.07896,0.51786,-0.1491
58943,-0.07896,0.51786,-0.1491
58964,-0.07896,0.51786,-0.1491
58964,-0.07896,0.51786,-0.1491
58985,0.00056,0.47334,-0.29764
58985,0.00056,0.47334,-0.29764
59007,0.00056,0.47334,-0.29764
59007,0.00056,0.47334,-0.29764
59028,0.06398,0.45948002,-0.33222002
59028,0.06398,0.45948002,-0.33222002
59049,0.106680006,0.44674,-0.34888002
59071,0.106680006,0.44674,-0.34888002
59071,0.106680006,0.44674,-0.34888002
59092,0.106680006,0.44674,-0.34888002
59092,0.106680006,0.44674,-0.34888002
59113,0.15540001,0.43722,-0.34874
59113,0.15540001,0.43722,-0.34874
59135,0.15540001,0.43722,-0.34874
59135,0.15540001,0.43722,-0.34874
59156,0.1764,0.44072002,-0.34426
59156,0.1764,0.44072002,-0.34426
59177,0.1764,0.44072002,-0.34426
59199,0.15540001,0.47614002,-0.3185
59199,0.15540001,0.47614002,-0.3185
59220,0.066080004,0.55370003,-0.21462001
59220,0.066080004,0.55370003,-0.21462001
59241,0.066080004,0.55370003,-0.21462001
59241,0.066080004,0.55370003,-0.21462001
59263,0.066080004,0.55370003,-0.21462001
59263,0.066080004,0.55370003,-0.21462001
59284,0.066080004,0.55370003,-0.21462001
59284,0.066080004,0.55370003,-0.21462001
59305,-0.012180001,0.55916,-0.03388
59305,-0.012180001,0.55916,-0.03388
59327,-0.012180001,0.55916,-0.03388
59348,-0.012180001,0.55916,-0.03388
59348,-0.012180001,0.55916,-0.03388
59369,-0.012180001,0.55916,-0.03388
59369,-0.012180001,0.55916,-0.03388
59391,-0.012180001,0.55916,-0.03388
59391,-0.012180001,0.55916,-0.03388
59412,0.0042000003,0.54824,0.03472
59412,0.0042000003,0.54824,0.03472
59433,0.0042000003,0.54824,0.03472
59433,0.0042000003,0.54824,0.03472
59455,0.01792,0.55846,0.030100001
59476,0.01792,0.55846,0.030100001
59476,0.01792,0.55846,0.030100001
59497,0.01792,0.55846,0.030100001
59497,0.01792,0.55846,0.030100001
59519,0.0252,0.57596004,-0.01792
59519,0.0252,0.57596004,-0.01792
59540,0.028140001,0.57932,-0.06958
59540,0.028140001,0.57932,-0.06958
59561,0.028140001,0.57932,-0.06958
59561,0.028140001,0.57932,-0.06958
59583,0.028140001,0.57932,-0.06958
59604,0.03136,0.58142,-0.12894
59604,0.03136,0.58142,-0.12894
59625,0.124180004,0.47264,-0.32914
59625,0.124180004,0.47264,-0.32914
59647,0.124180004,0.47264,-0.32914
59647,0.124180004,0.47264,-0.32914
59668,0.124180004,0.47264,-0.32914
59668,0.124180004,0.47264,-0.32914
59689,0.124180004,0.47264,-0.32914
59689,0.124180004,0.47264,-0.32914
59711,0.20230001,0.41748002,-0.35126
59732,0.20230001,0.41748002,-0.35126
59732,0.20230001,0.41748002,-0.35126
59753,0.20230001,0.41748002,-0.35126
59754,0.20230001,0.41748002,-0.35126
59775,0.20230001,0.41748002,-0.35126
59775,0.20230001,0.41748002,-0.35126
59796,0.17892,0.45654002,-0.34132
59796,0.17892,0.45654002,-0.34132
59817,0.17892,0.45654002,-0.34132
59817,0.17892,0.45654002,-0.34132
59839,0.17892,0.45654002,-0.34132
59860,0.04676,0.54838,-0.22526
59860,0.04676,0.54838,-0.22526
59881,0.00252,0.55678004,-0.1953
59881,0.00252,0.55678004,-0.1953
59903,0.00252,0.55678004,-0.1953
59903,0.00252,0.55678004,-0.1953
59924,0.00252,0.55678004,-0.1953
59924,0.00252,0.55678004,-0.1953
59945,-0.0427,0.54908,-0.13104
59945,-0.0427,0.54908,-0.13104
59967,-0.09702,0.50428003,-0.028420001
59990,-0.09702,0.50428003,-0.028420001
59990,-0.09702,0.50428003,-0.028420001
60009,-0.081480004,0.50778,-0.01106
60009,-0.081480004,0.50778,-0.01106
60031,-0.081480004,0.50778,-0.01106
60031,-0.081480004,0.50778,-0.01106
60052,-0.067480005,0.5145,-0.00224
60052,-0.067480005,0.5145,-0.00224
60073,-0.067480005,0.5145,-0.00224
60073,-0.067480005,0.5145,-0.00224
60095,-0.0539,0.52892,0.00266
60116,-0.04004,0.53760004,-0.030520001
60116,-0.04004,0.53760004,-0.030520001
60137,-0.04004,0.53760004,-0.030520001
60137,-0.04004,0.53760004,-0.030520001
60159,-0.0259,0.55944,-0.16520001
60159,-0.0259,0.55944,-0.16520001
60180,-0.0259,0.55944,-0.16520001
60180,-0.0259,0.55944,-0.16520001
60201,0.014,0.55034,-0.20748
60201,0.014,0.55034,-0.20748
60223,0.014,0.55034,-0.20748
60223,0.014,0.55034,-0.20748
60244,0.06706,0.52374,-0.2674
60265,0.06706,0.52374,-0.2674
60265,0.06706,0.52374,-0.2674
60287,0.06706,0.52374,-0.2674
60287,0.06706,0.52374,-0.2674
60308,0.06706,0.52374,-0.2674
60308,0.06706,0.52374,-0.2674
60329,0.17906001,0.45654002,-0.33978
60329,0.17906001,0.45654002,-0.33978
60351,0.19474001,0.44016,-0.33068
60351,0.19474001,0.44016,-0.33068
60372,0.19474001,0.44016,-0.33068
60393,0.19474001,0.44016,-0.33068
60393,0.19474001,0.44016,-0.33068
60415,0.22064,0.44324002,-0.32634002
60415,0.22064,0.44324002,-0.32634002
60436,0.22064,0.44324002,-0.32634002
60436,0.22064,0.44324002,-0.32634002
60457,0.22680001,0.45052,-0.32256
60458,0.22680001,0.45052,-0.32256
60479,0.22680001,0.45052,-0.32256
60479,0.22680001,0.45052,-0.32256
60500,0.22680001,0.45052,-0.32256
60521,0.22680001,0.45052,-0.32256
60521,0.22680001,0.45052,-0.32256
60543,0.22680001,0.45052,-0.32256
60543,0.22680001,0.45052,-0.32256
60564,0.10654,0.57302004,-0.18718
60564,0.10654,0.57302004,-0.18718
60585,0.10654,0.57302004,-0.18718
60585,0.10654,0.57302004,-0.18718
60607,0.10654,0.57302004,-0.18718
60607,0.10654,0.57302004,-0.18718
60628,0.0322,0.58506,-0.078540005
60649,0.0322,0.58506,-0.078540005
60649,0.0322,0.58506,-0.078540005
60671,0.0322,0.58506,-0.078540005
60671,0.0322,0.58506,-0.078540005
60692,0.0322,0.58506,-0.078540005
60692,0.0322,0.58506,-0.078540005
60713,0.01792,0.56854004,-0.0065800003
60713,0.01792,0.56854004,-0.0065800003
60735,0.01792,0.56854004,-0.0065800003
60735,0.01792,0.56854004,-0.0065800003
60756,0.02226,0.56658,-0.00084
60777,0.02688,0.56504,-0.0035
60777,0.02688,0.56504,-0.0035
60799,0.02688,0.56504,-0.0035
60799,0.02688,0.56504,-0.0035
60820,0.045080002,0.57694,-0.026600001
60820,0.045080002,0.57694,-0.026600001
60841,0.045080002,0.57694,-0.026600001
60842,0.045080002,0.57694,-0.026600001
60863,0.045080002,0.57694,-0.026600001
60863,0.045080002,0.57694,-0.026600001
60884,0.11242,0.58912003,-0.15666
60905,0.11242,0.58912003,-0.15666
60905,0.11242,0.58912003,-0.15666
60927,0.11242,0.58912003,-0.15666
60927,0.11242,0.58912003,-0.15666
60948,0.21574001,0.51548004,-0.25984
60948,0.21574001,0.51548004,-0.25984
60969,0.21574001,0.51548004,-0.25984
60969,0.21574001,0.51548004,-0.25984
60991,0.23352,0.48426002,-0.29764
60991,0.23352,0.48426002,-0.29764
61012,0.23352,0.48426002,-0.29764
61012,0.23352,0.48426002,-0.29764
61033,0.23352,0.48426002,-0.29764
61055,0.23352,0.48426002,-0.29764
61055,0.23352,0.48426002,-0.29764
61076,0.23352,0.48426002,-0.29764
61076,0.23352,0.48426002,-0.29764
61097,0.23352,0.48426002,-0.29764
61097,0.23352,0.48426002,-0.29764
61119,0.23352,0.48426002,-0.29764
61119,0.23352,0.48426002,-0.29764
61140,0.23352,0.48426002,-0.29764
61140,0.23352,0.48426002,-0.29764
61161,0.23352,0.48426002,-0.29764
61183,0.24794,0.42084002,-0.33236
61183,0.24794,0.42084002,-0.33236
61204,0.24794,0.42084002,-0.33236
61204,0.24794,0.42084002,-0.33236
61225,0.24794,0.42084002,-0.33236
61225,0.24794,0.42084002,-0.33236
61247,0.24794,0.42084002,-0.33236
61247,0.24794,0.42084002,-0.33236
61268,0.24794,0.42084002,-0.33236
61268,0.24794,0.42084002,-0.33236
61289,0.1393,0.5187,-0.2779
61311,0.1393,0.5187,-0.2779
61311,0.1393,0.5187,-0.2779
61332,0.1393,0.5187,-0.2779
61332,0.1393,0.5187,-0.2779
61353,0.1393,0.5187,-0.2779
61353,0.1393,0.5187,-0.2779
61375,0.02604,0.56560004,-0.01498
61375,0.02604,0.56560004,-0.01498
61396,0.02604,0.56560004,-0.01498
61396,0.02604,0.56560004,-0.01498
61417,0.02604,0.56560004,-0.01498
61439,0.02744,0.56462,0.01708
61439,0.02744,0.56462,0.01708
61460,0.02744,0.56462,0.01708
61460,0.02744,0.56462,0.01708
61481,0.0763,0.58954,-0.04368
61481,0.0763,0.58954,-0.04368
61503,0.0763,0.58954,-0.04368
61503,0.0763,0.58954,-0.04368
61524,0.121520005,0.59388,-0.117180005
61524,0.121520005,0.59388,-0.117180005
61545,0.121520005,0.59388,-0.117180005
61567,0.17976001,0.57204,-0.18550001
61567,0.17976001,0.57204,-0.18550001
61588,0.17976001,0.57204,-0.18550001
61588,0.17976001,0.57204,-0.18550001
61609,0.17976001,0.57204,-0.18550001
61609,0.17976001,0.57204,-0.18550001
61631,0.17976001,0.57204,-0.18550001
61631,0.17976001,0.57204,-0.18550001
61652,0.17976001,0.57204,-0.18550001
61652,0.17976001,0.57204,-0.18550001
61673,0.2849,0.47138003,-0.27552
61695,0.2849,0.47138003,-0.27552
61695,0.2849,0.47138003,-0.27552
61716,0.27678,0.45682,-0.294
61716,0.27678,0.45682,-0.294
61737,0.27678,0.45682,-0.294
61737,0.27678,0.45682,-0.294
61759,0.26334,0.4431,-0.31598002
61759,0.26334,0.4431,-0.31598002
61780,0.26334,0.4431,-0.31598002
61780,0.26334,0.4431,-0.31598002
61801,0.23156,0.45038,-0.32158002
61823,0.23156,0.45038,-0.32158002
61823,0.23156,0.45038,-0.32158002
61844,0.18270001,0.47096002,-0.3248
61844,0.18270001,0.47096002,-0.3248
61865,0.18270001,0.47096002,-0.3248
61865,0.18270001,0.47096002,-0.3248
61887,0.14868,0.4704,-0.32732
61887,0.14868,0.4704,-0.32732
61908,0.12572001,0.44842002,-0.34356
61908,0.12572001,0.44842002,-0.34356
61929,0.12572001,0.44842002,-0.34356
61929,0.12572001,0.44842002,-0.34356
61951,0.10164,0.41790003,-0.3549
61972,0.07574,0.38892,-0.3633
61972,0.07574,0.38892,-0.3633
61993,0.07574,0.38892,-0.3633
61993,0.07574,0.38892,-0.3633
62015,0.056560002,0.39144,-0.3591
62015,0.056560002,0.39144,-0.3591
62036,0.056560002,0.39144,-0.3591
62036,0.056560002,0.39144,-0.3591
62057,0.056560002,0.39144,-0.3591
62057,0.056560002,0.39144,-0.3591
62079,0.03472,0.36918002,-0.3626
62100,0.03472,0.36918002,-0.3626
62100,0.03472,0.36918002,-0.3626
62121,0.010360001,0.35154,-0.36022002
62121,0.010360001,0.35154,-0.36022002
62143,0.010360001,0.35154,-0.36022002
62143,0.010360001,0.35154,-0.36022002
62164,0.010360001,0.35154,-0.36022002
62164,0.010360001,0.35154,-0.36022002
62185,0.010360001,0.35154,-0.36022002
62185,0.010360001,0.35154,-0.36022002
62207,0.010360001,0.35154,-0.36022002
62228,0.010360001,0.35154,-0.36022002
62228,0.010360001,0.35154,-0.36022002
62249,0.03514,0.36638,-0.36904
62249,0.03514,0.36638,-0.36904
62271,0.16898,0.41832,-0.35014
62271,0.16898,0.41832,-0.35014
62292,0.16898,0.41832,-0.35014
62292,0.16898,0.41832,-0.35014
62313,0.33726,0.41006002,-0.26572
62313,0.33726,0.41006002,-0.26572
62335,0.33726,0.41006002,-0.26572
62356,0.3815,0.39270002,-0.23730001
62356,0.3815,0.39270002,-0.23730001
62377,0.3815,0.39270002,-0.23730001
62377,0.3815,0.39270002,-0.23730001
62399,0.3815,0.39270002,-0.23730001
62399,0.3815,0.39270002,-0.23730001
62420,0.42252,0.4018,-0.14084001
62420,0.42252,0.4018,-0.14084001
62441,0.42700002,0.40278,-0.10192
62441,0.42700002,0.40278,-0.10192
62463,0.42700002,0.40278,-0.10192
62484,0.42700002,0.40278,-0.10192
62484,0.42700002,0.40278,-0.10192
62505,0.42700002,0.40278,-0.10192
62505,0.42700002,0.40278,-0.10192
62527,0.42700002,0.40278,-0.10192
62527,0.42700002,0.40278,-0.10192
62548,0.42700002,0.40278,-0.10192
62548,0.42700002,0.40278,-0.10192
62569,0.42700002,0.40278,-0.10192
62569,0.42700002,0.40278,-0.10192
62591,0.42700002,0.40278,-0.10192
62612,0.42700002,0.40278,-0.10192
62612,0.42700002,0.40278,-0.10192
62633,0.42700002,0.40278,-0.10192
62633,0.42700002,0.40278,-0.10192
62655,0.44898,0.35714,-0.028
62655,0.44898,0.35714,-0.028
62676,0.44898,0.35714,-0.028
62676,0.44898,0.35714,-0.028
62697,0.44898,0.35714,-0.028
62697,0.44898,0.35714,-0.028
62719,0.44898,0.35714,-0.028
62719,0.44898,0.35714,-0.028
62740,0.44898,0.35714,-0.028
62761,0.44898,0.35714,-0.028
62761,0.44898,0.35714,-0.028
62783,0.44898,0.35714,-0.028
62783,0.44898,0.35714,-0.028
62804,0.44898,0.35714,-0.028
62804,0.44898,0.35714,-0.028
62825,0.44898,0.35714,-0.028
62825,0.44898,0.35714,-0.028
62847,0.44898,0.35714,-0.028
62847,0.44898,0.35714,-0.028
62868,0.44898,0.35714,-0.028
62889,0.45696002,0.25102,0.0364
62889,0.45696002,0.25102,0.0364
62911,0.44072002,0.1477,0.044800002
62911,0.44072002,0.1477,0.044800002
62932,0.44072002,0.1477,0.044800002
62932,0.44072002,0.1477,0.044800002
62953,0.44072002,0.1477,0.044800002
62953,0.44072002,0.1477,0.044800002
62975,0.44072002,0.1477,0.044800002
62975,0.44072002,0.1477,0.044800002
62996,0.44072002,0.1477,0.044800002
63017,0.44072002,0.1477,0.044800002
63017,0.44072002,0.1477,0.044800002
63039,0.44072002,0.1477,0.044800002
63039,0.44072002,0.1477,0.044800002
63060,0.31892002,-0.01302,0.02954
63060,0.31892002,-0.01302,0.02954
63081,0.31892002,-0.01302,0.02954
63081,0.31892002,-0.01302,0.02954
63103,0.31892002,-0.01302,0.02954
63103,0.31892002,-0.01302,0.02954
63124,0.31892002,-0.01302,0.02954
63145,0.31892002,-0.01302,0.02954
63145,0.31892002,-0.01302,0.02954
63167,0.31892002,-0.01302,0.02954
63167,0.31892002,-0.01302,0.02954
63188,0.31892002,-0.01302,0.02954
63188,0.31892002,-0.01302,0.02954
63209,0.31892002,-0.01302,0.02954
63209,0.31892002,-0.01302,0.02954
63231,0.31892002,-0.01302,0.02954
63231,0.31892002,-0.01302,0.02954
63252,0.31892002,-0.01302,0.02954
63273,0.31892002,-0.01302,0.02954
63273,0.31892002,-0.01302,0.02954
63295,0.31892002,-0.01302,0.02954
63295,0.31892002,-0.01302,0.02954
63316,0.31892002,-0.01302,0.02954
63316,0.31892002,-0.01302,0.02954
63337,0.31892002,-0.01302,0.02954
63337,0.31892002,-0.01302,0.02954
63359,0.31892002,-0.01302,0.02954
63359,0.31892002,-0.01302,0.02954
63380,0.31892002,-0.01302,0.02954
63401,0.31892002,-0.01302,0.02954
63401,0.31892002,-0.01302,0.02954
63423,0.31892002,-0.01302,0.02954
63423,0.31892002,-0.01302,0.02954
63444,0.31892002,-0.01302,0.02954
63444,0.31892002,-0.01302,0.02954
63465,0.31892002,-0.01302,0.02954
63465,0.31892002,-0.01302,0.02954
63487,0.31892002,-0.01302,0.02954
63487,0.31892002,-0.01302,0.02954
63508,0.31892002,-0.01302,0.02954
63529,0.31892002,-0.01302,0.02954
63529,0.31892002,-0.01302,0.02954
63551,0.31892002,-0.01302,0.02954
63551,0.31892002,-0.01302,0.02954
63572,0.31892002,-0.01302,0.02954
63572,0.31892002,-0.01302,0.02954
63593,0.31892002,-0.01302,0.02954
63593,0.31892002,-0.01302,0.02954
63615,0.31892002,-0.01302,0.02954
63615,0.31892002,-0.01302,0.02954
63636,0.31892002,-0.01302,0.02954
63636,0.31892002,-0.01302,0.02954
63657,0.31892002,-0.01302,0.02954
63679,0.31892002,-0.01302,0.02954
63679,0.31892002,-0.01302,0.02954
63700,0.31892002,-0.01302,0.02954
63700,0.31892002,-0.01302,0.02954
63721,0.31892002,-0.01302,0.02954
63721,0.31892002,-0.01302,0.02954
63743,0.31892002,-0.01302,0.02954
63743,0.31892002,-0.01302,0.02954
63764,0.30268002,0.030800002,0.11704
63764,0.30268002,0.030800002,0.11704
63785,0.27986002,0.21308,0.23702
63807,0.32718,0.50974,0.04186
63807,0.32718,0.50974,0.04186
63828,0.39032,0.47264,-0.105280004
63828,0.39032,0.47264,-0.105280004
63849,0.39032,0.47264,-0.105280004
63849,0.39032,0.47264,-0.105280004
63871,0.39032,0.47264,-0.105280004
63871,0.39032,0.47264,-0.105280004
63892,0.39032,0.47264,-0.105280004
63892,0.39032,0.47264,-0.105280004
63913,0.39032,0.47264,-0.105280004
63935,0.39032,0.47264,-0.105280004
63935,0.39032,0.47264,-0.105280004
63956,0.39172,0.44954002,-0.15526001
63956,0.39172,0.44954002,-0.15526001
63977,0.36764002,0.3801,-0.26180002
63977,0.36764002,0.3801,-0.26180002
63999,0.36764002,0.3801,-0.26180002
63999,0.36764002,0.3801,-0.26180002
64020,0.3633,0.25158,-0.30072
64020,0.3633,0.25158,-0.30072
64041,0.35966,0.17696,-0.28644
64063,0.35966,0.17696,-0.28644
64063,0.35966,0.17696,-0.28644
64084,0.35966,0.17696,-0.28644
64084,0.35966,0.17696,-0.28644
64105,0.35966,0.17696,-0.28644
64105,0.35966,0.17696,-0.28644
64127,0.35966,0.17696,-0.28644
64127,0.35966,0.17696,-0.28644
64148,0.35966,0.17696,-0.28644
64148,0.35966,0.17696,-0.28644
64169,0.25662002,-0.02212,-0.19572
64191,0.25662002,-0.02212,-0.19572
64191,0.25662002,-0.02212,-0.19572
64212,0.18186,-0.045220003,-0.15722
64212,0.18186,-0.045220003,-0.15722
64233,0.15526001,-0.063420005,-0.10794
64233,0.15526001,-0.063420005,-0.10794
64255,0.15526001,-0.063420005,-0.10794
64255,0.15526001,-0.063420005,-0.10794
64276,0.121520005,-0.06622,-0.0469
64276,0.121520005,-0.06622,-0.0469
64297,0.121520005,-0.06622,-0.0469
64319,0.10724001,-0.057120003,-0.0015400001
64319,0.10724001,-0.057120003,-0.0015400001
64340,0.10724001,-0.057120003,-0.0015400001
64340,0.10724001,-0.057120003,-0.0015400001
64361,0.10724001,-0.057120003,-0.0015400001
64361,0.10724001,-0.057120003,-0.0015400001
64383,0.09086,-0.037380002,0.05068
64383,0.09086,-0.037380002,0.05068
64404,0.09086,-0.037380002,0.05068
64404,0.09086,-0.037380002,0.05068
64425,0.09086,-0.037380002,0.05068
64425,0.09086,-0.037380002,0.05068
64447,0.09086,-0.037380002,0.05068
64468,0.08652,-0.00686,0.1092
64468,0.08652,-0.00686,0.1092
64489,0.08652,-0.00686,0.1092
64489,0.08652,-0.00686,0.1092
64511,0.08652,-0.00686,0.1092
64511,0.08652,-0.00686,0.1092
64532,0.079100005,0.008400001,0.14518
64532,0.079100005,0.008400001,0.14518
64553,0.079100005,0.008400001,0.14518
64553,0.079100005,0.008400001,0.14518
64575,0.07336,0.06328,0.19278
64596,0.07336,0.06328,0.19278
64596,0.07336,0.06328,0.19278
64617,0.07336,0.06328,0.19278
64617,0.07336,0.06328,0.19278
64639,0.07238,0.12292001,0.22232
64639,0.07238,0.12292001,0.22232
64660,0.08428,0.1505,0.23114
64660,0.08428,0.1505,0.23114
64681,0.08428,0.1505,0.23114
64681,0.08428,0.1505,0.23114
64703,0.09408,0.17024,0.24346
64724,0.09408,0.17024,0.24346
64724,0.09408,0.17024,0.24346
64745,0.113680005,0.19446,0.25228
64745,0.113680005,0.19446,0.25228
64767,0.13776,0.2191,0.2597
64767,0.13776,0.2191,0.2597
64788,0.13776,0.2191,0.2597
64788,0.13776,0.2191,0.2597
64809,0.17234,0.2345,0.25522
64809,0.17234,0.2345,0.25522
64831,0.19334,0.25788,0.26068002
64852,0.19334,0.25788,0.26068002
64852,0.19334,0.25788,0.26068002
64873,0.21714,0.30198002,0.24864
64873,0.21714,0.30198002,0.24864
64895,0.21714,0.30198002,0.24864
64895,0.21714,0.30198002,0.24864
64916,0.24990001,0.33012,0.23884001
64916,0.24990001,0.33012,0.23884001
64937,0.29050002,0.37296,0.20622
64937,0.29050002,0.37296,0.20622
64959,0.29050002,0.37296,0.20622
64980,0.3192,0.40670002,0.17514001
64980,0.3192,0.40670002,0.17514001
65001,0.33894,0.43764,0.13958
65001,0.33894,0.43764,0.13958
65023,0.33894,0.43764,0.13958
65023,0.33894,0.43764,0.13958
65044,0.35014,0.45612,0.08904
65044,0.35014,0.45612,0.08904
65065,0.35056,0.48776,0.056280002
65065,0.35056,0.48776,0.056280002
65087,0.35056,0.48776,0.056280002
65108,0.34804,0.51744,0.01092
65108,0.34804,0.51744,0.01092
65129,0.34804,0.51744,0.01092
65129,0.34804,0.51744,0.01092
65151,0.3388,0.53284,-0.04984
65151,0.3388,0.53284,-0.04984
65172,0.3388,0.53284,-0.04984
65172,0.3388,0.53284,-0.04984
65193,0.3388,0.53284,-0.04984
65194,0.3388,0.53284,-0.04984
65215,0.33558002,0.5061,-0.18284
65236,0.33558002,0.5061,-0.18284
65236,0.33558002,0.5061,-0.18284
65257,0.33054,0.47236001,-0.23716001
65257,0.33054,0.47236001,-0.23716001
65279,0.33054,0.47236001,-0.23716001
65279,0.33054,0.47236001,-0.23716001
65300,0.33936,0.41846,-0.27524
65300,0.33936,0.41846,-0.27524
65321,0.33936,0.41846,-0.27524
65321,0.33936,0.41846,-0.27524
65343,0.34034002,0.33810002,-0.31024
65343,0.34034002,0.33810002,-0.31024
65364,0.3402,0.28014,-0.3206
65385,0.3402,0.28014,-0.3206
65385,0.3402,0.28014,-0.3206
65407,0.33138,0.20202,-0.31836
65407,0.33138,0.20202,-0.31836
65428,0.3185,0.12754,-0.30744
65428,0.3185,0.12754,-0.30744
65449,0.3185,0.12754,-0.30744
65449,0.3185,0.12754,-0.30744
65471,0.28784,0.06482,-0.27482
65471,0.28784,0.06482,-0.27482
65492,0.25620002,0.020860001,-0.24878001
65513,0.25620002,0.020860001,-0.24878001
65513,0.25620002,0.020860001,-0.24878001
65535,0.22316,-0.01386,-0.22330001
65535,0.22316,-0.01386,-0.22330001
65556,0.22316,-0.01386,-0.22330001
65556,0.22316,-0.01386,-0.22330001
65577,0.20034,-0.02744,-0.18816
65577,0.20034,-0.02744,-0.18816
65599,0.16604,-0.049560003,-0.13174
65599,0.16604,-0.049560003,-0.13174
65620,0.16604,-0.049560003,-0.13174
65641,0.15246001,-0.061320003,-0.08274
65641,0.15246001,-0.061320003,-0.08274
65663,0.15246001,-0.061320003,-0.08274
65663,0.15246001,-0.061320003,-0.08274
65684,0.13566001,-0.060200002,-0.04396
65684,0.13566001,-0.060200002,-0.04396
65705,0.126,-0.05474,0.018760001
65705,0.126,-0.05474,0.018760001
65727,0.126,-0.05474,0.018760001
65727,0.126,-0.05474,0.018760001
65748,0.11928,-0.04634,0.048580002
65769,0.11928,-0.04634,0.048580002
65769,0.11928,-0.04634,0.048580002
65791,0.11536001,-0.0385,0.081480004
65791,0.11536001,-0.0385,0.081480004
65812,0.10332,-0.028,0.09814
65812,0.10332,-0.028,0.09814
65833,0.10332,-0.028,0.09814
65834,0.10332,-0.028,0.09814
65855,0.08498,0.0021000002,0.13188
65855,0.08498,0.0021000002,0.13188
65876,0.08498,0.0021000002,0.13188
65897,0.08134,0.0231,0.15064001
65897,0.08134,0.0231,0.15064001
65919,0.0959,0.03612,0.17122
65919,0.0959,0.03612,0.17122
65940,0.0959,0.03612,0.17122
65940,0.0959,0.03612,0.17122
65961,0.12138,0.060480002,0.19054
65961,0.12138,0.060480002,0.19054
65983,0.13552,0.093660004,0.22666001
65983,0.13552,0.093660004,0.22666001
66004,0.13552,0.093660004,0.22666001
66025,0.1351,0.1225,0.23842001
66025,0.1351,0.1225,0.23842001
66047,0.1351,0.1225,0.23842001
66047,0.1351,0.1225,0.23842001
66068,0.13734001,0.1561,0.24766001
66068,0.13734001,0.1561,0.24766001
66089,0.1351,0.19068001,0.25704
66089,0.1351,0.19068001,0.25704
66111,0.1351,0.19068001,0.25704
66111,0.1351,0.19068001,0.25704
66132,0.13832,0.21588,0.25704
66132,0.13832,0.21588,0.25704
66153,0.14546001,0.25508,0.25956002
66175,0.14546001,0.25508,0.25956002
66175,0.14546001,0.25508,0.25956002
66196,0.14546001,0.25508,0.25956002
66196,0.14546001,0.25508,0.25956002
66217,0.16856,0.30492002,0.26124
66217,0.16856,0.30492002,0.26124
66239,0.18102,0.33558002,0.25144002
66239,0.18102,0.33558002,0.25144002
66260,0.1967,0.37016,0.24178001
66260,0.1967,0.37016,0.24178001
66281,0.1967,0.37016,0.24178001
66303,0.21336001,0.40376002,0.2191
66303,0.21336001,0.40376002,0.2191
66324,0.21336001,0.40376002,0.2191
66324,0.21336001,0.40376002,0.2191
66345,0.22554001,0.47124,0.17500001
66345,0.22554001,0.47124,0.17500001
66367,0.20958,0.52332,0.12768
66367,0.20958,0.52332,0.12768
66388,0.20958,0.52332,0.12768
66388,0.20958,0.52332,0.12768
66409,0.19922,0.5558,0.08512
66431,0.19922,0.5558,0.08512
66431,0.19922,0.5558,0.08512
66452,0.19264,0.58352,0.04256
66452,0.19264,0.58352,0.04256
66473,0.19264,0.58352,0.04256
66473,0.19264,0.58352,0.04256
66495,0.18494001,0.58982,0.0065800003
66495,0.18494001,0.58982,0.0065800003
66516,0.18494001,0.58982,0.0065800003
66516,0.18494001,0.58982,0.0065800003
66537,0.18494001,0.58982,0.0065800003
66559,0.1743,0.59752,-0.105840005
66559,0.1743,0.59752,-0.105840005
66580,0.1743,0.59752,-0.105840005
66580,0.1743,0.59752,-0.105840005
66601,0.17486,0.595,-0.14546001
66602,0.17486,0.595,-0.14546001
66623,0.18326001,0.57498,-0.20174001
66623,0.18326001,0.57498,-0.20174001
66644,0.18326001,0.57498,-0.20174001
66644,0.18326001,0.57498,-0.20174001
66665,0.18298,0.55804,-0.23310001
66687,0.18004,0.53032,-0.26614
66687,0.18004,0.53032,-0.26614
66708,0.18004,0.53032,-0.26614
66708,0.18004,0.53032,-0.26614
66729,0.18004,0.53032,-0.26614
66729,0.18004,0.53032,-0.26614
66751,0.16772,0.50344,-0.30366
66751,0.16772,0.50344,-0.30366
66772,0.16772,0.50344,-0.30366
66772,0.16772,0.50344,-0.30366
66793,0.16044,0.43596002,-0.35406002
66815,0.16044,0.43596002,-0.35406002
66815,0.16044,0.43596002,-0.35406002
66836,0.16044,0.43596002,-0.35406002
66836,0.16044,0.43596002,-0.35406002
66857,0.16044,0.43596002,-0.35406002
66857,0.16044,0.43596002,-0.35406002
66879,0.16044,0.43596002,-0.35406002
66879,0.16044,0.43596002,-0.35406002
66900,0.16044,0.43596002,-0.35406002
66900,0.16044,0.43596002,-0.35406002
66921,0.16002001,0.18144001,-0.3815
66943,0.16002001,0.13272001,-0.3556
66943,0.16002001,0.13272001,-0.3556
66964,0.16002001,0.13272001,-0.3556
66964,0.16002001,0.13272001,-0.3556
66985,0.16002001,0.13272001,-0.3556
66985,0.16002001,0.13272001,-0.3556
67007,0.16002001,0.13272001,-0.3556
67007,0.16002001,0.13272001,-0.3556
67028,0.13734001,0.02954,-0.2744
67028,0.13734001,0.02954,-0.2744
67049,0.12026,-0.00966,-0.238
67049,0.12026,-0.00966,-0.238
67071,0.12026,-0.00966,-0.238
67092,0.09296,-0.0357,-0.18578
67092,0.09296,-0.0357,-0.18578
67113,0.05572,-0.045500003,-0.12852
67113,0.05572,-0.045500003,-0.12852
67135,0.037800003,-0.04312,-0.09464
67135,0.037800003,-0.04312,-0.09464
67156,0.037800003,-0.04312,-0.09464
67156,0.037800003,-0.04312,-0.09464
67177,0.01008,-0.03402,-0.052780002
67178,0.01008,-0.03402,-0.052780002
67199,0.01008,-0.03402,-0.052780002
67220,0.01008,-0.03402,-0.052780002
67220,0.01008,-0.03402,-0.052780002
67241,0.01008,-0.03402,-0.052780002
67241,0.01008,-0.03402,-0.052780002
67263,-0.028700002,-0.0015400001,-0.01988
67263,-0.028700002,-0.0015400001,-0.01988
67284,-0.05866,0.0259,-0.0273
67284,-0.05866,0.0259,-0.0273
67305,-0.05866,0.0259,-0.0273
67305,-0.05866,0.0259,-0.0273
67327,-0.071540006,0.026180001,-0.04704
67348,-0.05824,0.01946,-0.044940002
67348,-0.05824,0.01946,-0.044940002
67369,-0.05824,0.01946,-0.044940002
67369,-0.05824,0.01946,-0.044940002
67391,-0.053200003,0.01302,-0.04816
67391,-0.053200003,0.01302,-0.04816
67412,-0.044660002,0.0063,-0.04354
67412,-0.044660002,0.0063,-0.04354
67433,-0.044660002,0.0063,-0.04354
67434,-0.044660002,0.0063,-0.04354
67455,-0.04298,0.00238,-0.028560001
67476,-0.04298,0.00238,-0.028560001
67476,-0.04298,0.00238,-0.028560001
67497,-0.03458,0.0061600003,-0.01568
67497,-0.03458,0.0061600003,-0.01568
67519,-0.03458,0.0061600003,-0.01568
67519,-0.03458,0.0061600003,-0.01568
67540,-0.02912,0.00504,0.013160001
67540,-0.02912,0.00504,0.013160001
67561,-0.02912,0.00504,0.013160001
67561,-0.02912,0.00504,0.013160001
67583,-0.02912,0.00504,0.013160001
67604,0.01358,-0.01974,0.02128
67604,0.01358,-0.01974,0.02128
67625,0.01358,-0.01974,0.02128
67625,0.01358,-0.01974,0.02128
67647,0.03136,-0.02016,0.0357
67647,0.03136,-0.02016,0.0357
67668,0.03136,-0.02016,0.0357
67668,0.03136,-0.02016,0.0357
67689,0.04746,-0.011340001,0.07238
67689,0.04746,-0.011340001,0.07238
67711,0.04746,-0.011340001,0.07238
67732,0.0805,0.00644,0.11130001
67732,0.0805,0.00644,0.11130001
67753,0.0805,0.00644,0.11130001
67753,0.0805,0.00644,0.11130001
67775,0.0966,0.018760001,0.13104
67775,0.0966,0.018760001,0.13104
67796,0.0966,0.018760001,0.13104
67796,0.0966,0.018760001,0.13104
67817,0.121800005,0.05208,0.18172
67817,0.121800005,0.05208,0.18172
67839,0.14322,0.10766,0.21308
67839,0.14322,0.10766,0.21308
67860,0.14322,0.10766,0.21308
67881,0.14322,0.10766,0.21308
67881,0.14322,0.10766,0.21308
67903,0.16352001,0.21294,0.252
67903,0.16352001,0.21294,0.252
67924,0.16352001,0.21294,0.252
67924,0.16352001,0.21294,0.252
67945,0.16352001,0.26880002,0.24416001
67945,0.16352001,0.26880002,0.24416001
67967,0.16352001,0.26880002,0.24416001
67967,0.16352001,0.26880002,0.24416001
67988,0.16352001,0.26880002,0.24416001
68009,0.14854,0.33712,0.24318
68009,0.14854,0.33712,0.24318
68031,0.14364,0.3892,0.23002
68031,0.14364,0.3892,0.23002
68052,0.13342,0.455,0.19362001
68052,0.13342,0.455,0.19362001
68073,0.13342,0.455,0.19362001
68073,0.13342,0.455,0.19362001
68095,0.13342,0.455,0.19362001
68095,0.13342,0.455,0.19362001
68116,0.08946,0.54502004,0.106680006
68137,0.07336,0.55748004,0.07644
68137,0.07336,0.55748004,0.07644
68159,0.07336,0.55748004,0.07644
68159,0.07336,0.55748004,0.07644
68180,0.066080004,0.59206,-0.00098
68180,0.066080004,0.59206,-0.00098
68201,0.066080004,0.59206,-0.00098
68202,0.066080004,0.59206,-0.00098
68223,0.08764,0.5978,-0.12852
68223,0.08764,0.5978,-0.12852
68244,0.08764,0.5978,-0.12852
68265,0.10066,0.5705,-0.21504
68265,0.10066,0.5705,-0.21504
68287,0.10682,0.55300003,-0.24654001
68287,0.10682,0.55300003,-0.24654001
68308,0.10682,0.55300003,-0.24654001
68308,0.10682,0.55300003,-0.24654001
68329,0.13566001,0.50288004,-0.30954
68329,0.13566001,0.50288004,-0.30954
68351,0.14952001,0.44856,-0.34482002
68351,0.14952001,0.44856,-0.34482002
68372,0.14952001,0.44856,-0.34482002
68393,0.16632001,0.39802,-0.36904
68393,0.16632001,0.39802,-0.36904
68415,0.18746,0.36092,-0.3759
68415,0.18746,0.36092,-0.3759
68436,0.18746,0.36092,-0.3759
68436,0.18746,0.36092,-0.3759
68457,0.19446,0.3339,-0.37632
68457,0.19446,0.3339,-0.37632
68479,0.19446,0.3339,-0.37632
68479,0.19446,0.3339,-0.37632
68500,0.21896,0.28532,-0.38262
68521,0.22274001,0.24486001,-0.38612002
68521,0.22274001,0.24486001,-0.38612002
68543,0.22274001,0.24486001,-0.38612002
68543,0.22274001,0.24486001,-0.38612002
68564,0.22274001,0.24486001,-0.38612002
68564,0.22274001,0.24486001,-0.38612002
68585,0.20874001,0.18984,-0.39074
68586,0.20874001,0.18984,-0.39074
68607,0.20874001,0.18984,-0.39074
68607,0.20874001,0.18984,-0.39074
68628,0.20874001,0.18984,-0.39074
68649,0.12782,0.10052,-0.35392
68649,0.12782,0.10052,-0.35392
68671,0.07434,0.073920004,-0.31584
68671,0.07434,0.073920004,-0.31584
68692,0.07434,0.073920004,-0.31584
68692,0.07434,0.073920004,-0.31584
68713,0.07434,0.073920004,-0.31584
68714,0.07434,0.073920004,-0.31584
68735,0.03556,0.037100002,-0.27538002
68735,0.03556,0.037100002,-0.27538002
68756,0.0392,0.03542,-0.26978
68756,0.0392,0.03542,-0.26978
68777,0.06202,0.021,-0.25620002
68799,0.06202,0.021,-0.25620002
68799,0.06202,0.021,-0.25620002
68820,0.079380006,-0.00588,-0.23828001
68820,0.079380006,-0.00588,-0.23828001
68841,0.079380006,-0.00588,-0.23828001
68841,0.079380006,-0.00588,-0.23828001
68863,0.093380004,-0.02016,-0.22778
68863,0.093380004,-0.02016,-0.22778
68884,0.093380004,-0.02016,-0.22778
68884,0.093380004,-0.02016,-0.22778
68905,0.093380004,-0.02016,-0.22778
68927,0.09436,-0.028,-0.19698
68927,0.09436,-0.028,-0.19698
68948,0.09436,-0.028,-0.19698
68948,0.09436,-0.028,-0.19698
68969,0.09436,-0.028,-0.19698
68969,0.09436,-0.028,-0.19698
68991,0.06762,-0.0119,-0.20804
68991,0.06762,-0.0119,-0.20804
69012,0.066080004,-0.0075600003,-0.22512001
69012,0.066080004,-0.0075600003,-0.22512001
69033,0.066080004,-0.0075600003,-0.22512001
69055,0.063,-0.0042000003,-0.22526
69055,0.063,-0.0042000003,-0.22526
69076,0.060620002,-0.00952,-0.2156
69076,0.060620002,-0.00952,-0.2156
69097,0.060620002,-0.00952,-0.2156
69097,0.060620002,-0.00952,-0.2156
69119,0.060620002,-0.00952,-0.2156
69119,0.060620002,-0.00952,-0.2156
69140,0.060620002,-0.00952,-0.2156
69140,0.060620002,-0.00952,-0.2156
69161,0.060620002,-0.00952,-0.2156
69183,0.05992,-0.00882,-0.21098001
69183,0.05992,-0.00882,-0.21098001
69204,0.05992,-0.00882,-0.21098001
69204,0.05992,-0.00882,-0.21098001
69225,0.06524,-0.014280001,-0.2051
69225,0.06524,-0.014280001,-0.2051
69247,0.06524,-0.014280001,-0.2051
69247,0.06524,-0.014280001,-0.2051
69268,0.063140005,-0.01638,-0.20384
69268,0.063140005,-0.01638,-0.20384
69289,0.063140005,-0.01638,-0.20384
69311,0.063140005,-0.01638,-0.20384
69311,0.063140005,-0.01638,-0.20384
69332,0.05502,-0.01834,-0.19026001
69332,0.05502,-0.01834,-0.19026001
69353,0.05502,-0.01834,-0.19026001
69353,0.05502,-0.01834,-0.19026001
69375,0.045080002,-0.02604,-0.15834
69375,0.045080002,-0.02604,-0.15834
69396,0.045080002,-0.02604,-0.15834
69396,0.045080002,-0.02604,-0.15834
69417,0.03822,-0.026600001,-0.10332
69439,0.03822,-0.026600001,-0.10332
69439,0.03822,-0.026600001,-0.10332
69460,0.035,-0.03206,-0.0077000004
69460,0.035,-0.03206,-0.0077000004
69481,0.035,-0.03206,-0.0077000004
69481,0.035,-0.03206,-0.0077000004
69503,0.035,-0.03206,-0.0077000004
69503,0.035,-0.03206,-0.0077000004
69524,0.035,-0.03206,-0.0077000004
69524,0.035,-0.03206,-0.0077000004
69545,0.035,-0.03206,-0.0077000004
69545,0.035,-0.03206,-0.0077000004
69567,0.035,-0.03206,-0.0077000004
69588,0.035,-0.03206,-0.0077000004
69588,0.035,-0.03206,-0.0077000004
69609,0.035,-0.03206,-0.0077000004
69609,0.035,-0.03206,-0.0077000004
69631,0.035,-0.03206,-0.0077000004
69631,0.035,-0.03206,-0.0077000004
69652,0.035,-0.03206,-0.0077000004
69652,0.035,-0.03206,-0.0077000004
69673,0.035,-0.03206,-0.0077000004
69673,0.035,-0.03206,-0.0077000004
69695,0.21322,-0.05194,-0.010360001
69716,0.18074,-0.063420005,-0.00854
69716,0.18074,-0.063420005,-0.00854
69737,0.18074,-0.063420005,-0.00854
69737,0.18074,-0.063420005,-0.00854
69759,0.1715,-0.056700002,-0.015260001
69759,0.1715,-0.056700002,-0.015260001
69780,0.19222,-0.05796,-0.045500003
69780,0.19222,-0.05796,-0.045500003
69801,0.19222,-0.05796,-0.045500003
69801,0.19222,-0.05796,-0.045500003
69823,0.19222,-0.05796,-0.045500003
69844,0.18802,-0.05404,-0.026180001
69844,0.18802,-0.05404,-0.026180001
69865,0.18802,-0.05404,-0.026180001
69865,0.18802,-0.05404,-0.026180001
69887,0.20692001,-0.05404,-0.024360001
69887,0.20692001,-0.05404,-0.024360001
69908,0.20692001,-0.05404,-0.024360001
69908,0.20692001,-0.05404,-0.024360001
69929,0.2415,-0.05152,-0.03192
69930,0.2415,-0.05152,-0.03192
69951,0.2415,-0.05152,-0.03192
69972,0.2415,-0.05152,-0.03192
69972,0.2415,-0.05152,-0.03192
69993,0.31724,-0.021,-0.01918
69993,0.31724,-0.021,-0.01918
70015,0.31724,-0.021,-0.01918
70015,0.31724,-0.021,-0.01918
70036,0.33194,-0.00798,-0.00644
70036,0.33194,-0.00798,-0.00644
70057,0.33194,-0.00798,-0.00644
70057,0.33194,-0.00798,-0.00644
70079,0.3409,-0.01148,-0.0042000003
70100,0.33096,-0.015120001,-0.0175
70100,0.33096,-0.015120001,-0.0175
70121,0.33096,-0.015120001,-0.0175
70121,0.33096,-0.015120001,-0.0175
70143,0.33096,-0.01722,-0.02576
70143,0.33096,-0.01722,-0.02576
70164,0.33096,-0.01722,-0.02576
70164,0.33096,-0.01722,-0.02576
70185,0.33096,-0.01722,-0.02576
70185,0.33096,-0.01722,-0.02576
70207,0.31528002,-0.02394,-0.09324
70228,0.31528002,-0.02394,-0.09324
70228,0.31528002,-0.02394,-0.09324
70249,0.31528002,-0.02394,-0.09324
70249,0.31528002,-0.02394,-0.09324
70271,0.28994,-0.03262,-0.12278
70271,0.28994,-0.03262,-0.12278
70292,0.24990001,-0.0462,-0.11648
70292,0.24990001,-0.0462,-0.11648
70313,0.18508,-0.05516,-0.11872
70313,0.18508,-0.05516,-0.11872
70335,0.18508,-0.05516,-0.11872
70356,0.18508,-0.05516,-0.11872
70356,0.18508,-0.05516,-0.11872
70377,0.19264,-0.061180003,-0.095060006
70377,0.19264,-0.061180003,-0.095060006
70399,0.19264,-0.061180003,-0.095060006
70399,0.19264,-0.061180003,-0.095060006
70420,0.19264,-0.061180003,-0.095060006
70420,0.19264,-0.061180003,-0.095060006
70441,0.19264,-0.061180003,-0.095060006
70441,0.19264,-0.061180003,-0.095060006
70463,0.19264,-0.061180003,-0.095060006
70463,0.19264,-0.061180003,-0.095060006
70484,0.19264,-0.061180003,-0.095060006
70505,0.19264,-0.061180003,-0.095060006
70505,0.19264,-0.061180003,-0.095060006
70527,0.19264,-0.061180003,-0.095060006
70527,0.19264,-0.061180003,-0.095060006
70548,0.19264,-0.061180003,-0.095060006
70548,0.19264,-0.061180003,-0.095060006
70569,0.10066,-0.0511,-0.00672
70569,0.10066,-0.0511,-0.00672
70591,0.10066,-0.0511,-0.00672
70591,0.10066,-0.0511,-0.00672
70612,0.10066,-0.0511,-0.00672
70633,0.10066,-0.0511,-0.00672
70634,0.10066,-0.0511,-0.00672
70655,0.10066,-0.0511,-0.00672
70655,0.10066,-0.0511,-0.00672
70676,0.10066,-0.0511,-0.00672
70676,0.10066,-0.0511,-0.00672
70697,0.10066,-0.0511,-0.00672
70697,0.10066,-0.0511,-0.00672
70719,0.0805,-0.03472,0.03164
70719,0.0805,-0.03472,0.03164
70740,0.0805,-0.03472,0.03164
70761,0.0805,-0.03472,0.03164
70761,0.0805,-0.03472,0.03164
70783,0.122080006,-0.0427,0.016800001
70783,0.122080006,-0.0427,0.016800001
70804,0.122080006,-0.0427,0.016800001
70804,0.122080006,-0.0427,0.016800001
70825,0.13902001,-0.04382,0.01176
70825,0.13902001,-0.04382,0.01176
70847,0.13902001,-0.04382,0.01176
70847,0.13902001,-0.04382,0.01176
70868,0.17220001,-0.03836,0.041300002
70889,0.21728,-0.01372,0.08624
70889,0.21728,-0.01372,0.08624
70911,0.21728,-0.01372,0.08624
70911,0.21728,-0.01372,0.08624
70932,0.25326002,0.00028,0.097720005
70932,0.25326002,0.00028,0.097720005
70953,0.25326002,0.00028,0.097720005
70953,0.25326002,0.00028,0.097720005
70975,0.25326002,0.00028,0.097720005
70975,0.25326002,0.00028,0.097720005
70996,0.29008,0.03668,0.12516001
71017,0.294,0.048720002,0.14224
71017,0.294,0.048720002,0.14224
71039,0.26068002,0.045780003,0.15526001
71039,0.26068002,0.045780003,0.15526001
71060,0.26068002,0.045780003,0.15526001
71060,0.26068002,0.045780003,0.15526001
71081,0.26068002,0.045780003,0.15526001
71081,0.26068002,0.045780003,0.15526001
71103,0.21154,0.02128,0.15386
71103,0.21154,0.02128,0.15386
71124,0.13258,0.00952,0.14042
71145,0.13258,0.00952,0.14042
71145,0.13258,0.00952,0.14042
71167,0.13258,0.00952,0.14042
71167,0.13258,0.00952,0.14042
71188,0.13258,0.00952,0.14042
71188,0.13258,0.00952,0.14042
71209,0.13258,0.00952,0.14042
71209,0.13258,0.00952,0.14042
71231,0.109340005,-0.01162,0.11298
71231,0.109340005,-0.01162,0.11298
71252,0.109340005,-0.01162,0.11298
71252,0.109340005,-0.01162,0.11298
71273,0.109340005,-0.01162,0.11298
71295,0.081480004,-0.00812,0.10304
71295,0.081480004,-0.00812,0.10304
71316,0.04998,-0.0035,0.095060006
71316,0.04998,-0.0035,0.095060006
71337,0.03836,-0.00266,0.07658
71338,0.03836,-0.00266,0.07658
71359,0.03836,-0.00266,0.07658
71359,0.03836,-0.00266,0.07658
71380,0.03836,-0.00266,0.07658
71380,0.03836,-0.00266,0.07658
71401,-0.00168,0.00728,0.05824
71423,-0.00168,0.00728,0.05824
71423,-0.00168,0.00728,0.05824
71444,-0.00238,-0.009380001,0.0329
71444,-0.00238,-0.009380001,0.0329
71465,0.02156,-0.0231,0.01092
71465,0.02156,-0.0231,0.01092
71487,0.02156,-0.0231,0.01092
71487,0.02156,-0.0231,0.01092
71508,0.02156,-0.0231,0.01092
71508,0.02156,-0.0231,0.01092
71529,0.02156,-0.0231,0.01092
71551,0.00364,-0.024360001,-0.028
71551,0.00364,-0.024360001,-0.028
71572,0.00364,-0.024360001,-0.028
71572,0.00364,-0.024360001,-0.028
71593,-0.03822,-0.00322,-0.05992
71594,-0.03822,-0.00322,-0.05992
71615,-0.03822,-0.00322,-0.05992
71615,-0.03822,-0.00322,-0.05992
71636,-0.04732,0.013160001,-0.0623
71636,-0.04732,0.013160001,-0.0623
71657,-0.04732,0.013160001,-0.0623
71679,-0.04732,0.013160001,-0.0623
71679,-0.04732,0.013160001,-0.0623
71700,-0.10388,0.05894,-0.057540003
71700,-0.10388,0.05894,-0.057540003
71721,-0.10388,0.05894,-0.057540003
71721,-0.10388,0.05894,-0.057540003
71743,-0.10388,0.05894,-0.057540003
71743,-0.10388,0.05894,-0.057540003
71764,-0.10388,0.05894,-0.057540003
71764,-0.10388,0.05894,-0.057540003
71785,-0.10388,0.05894,-0.057540003
71807,-0.10388,0.05894,-0.057540003
71807,-0.10388,0.05894,-0.057540003
71828,-0.083160006,0.03878,-0.04256
71828,-0.083160006,0.03878,-0.04256
71849,-0.083160006,0.03878,-0.04256
71849,-0.083160006,0.03878,-0.04256
71871,-0.083160006,0.03878,-0.04256
71871,-0.083160006,0.03878,-0.04256
71892,-0.083160006,0.03878,-0.04256
71892,-0.083160006,0.03878,-0.04256
71914,-0.083160006,0.03878,-0.04256
71935,-0.083160006,0.03878,-0.04256
71935,-0.083160006,0.03878,-0.04256
71956,-0.083160006,0.03878,-0.04256
71956,-0.083160006,0.03878,-0.04256
71977,-0.083160006,0.03878,-0.04256
71978,-0.083160006,0.03878,-0.04256
71999,-0.083160006,0.03878,-0.04256
71999,-0.083160006,0.03878,-0.04256
72020,-0.083160006,0.03878,-0.04256
72020,-0.083160006,0.03878,-0.04256
72041,-0.083160006,0.03878,-0.04256
72063,-0.083160006,0.03878,-0.04256
72063,-0.083160006,0.03878,-0.04256
72084,-0.083160006,0.03878,-0.04256
72084,-0.083160006,0.03878,-0.04256
72105,-0.083160006,0.03878,-0.04256
72105,-0.083160006,0.03878,-0.04256
72127,-0.083160006,0.03878,-0.04256
72127,-0.083160006,0.03878,-0.04256
72148,-0.083160006,0.03878,-0.04256
72148,-0.083160006,0.03878,-0.04256
72169,-0.083160006,0.03878,-0.04256
72169,-0.083160006,0.03878,-0.04256
72191,-0.083160006,0.03878,-0.04256
72212,-0.083160006,0.03878,-0.04256
72212,-0.083160006,0.03878,-0.04256
72233,-0.083160006,0.03878,-0.04256
72233,-0.083160006,0.03878,-0.04256
72255,-0.083160006,0.03878,-0.04256
72255,-0.083160006,0.03878,-0.04256
72276,-0.083160006,0.03878,-0.04256
72276,-0.083160006,0.03878,-0.04256
72297,-0.083160006,0.03878,-0.04256
72297,-0.083160006,0.03878,-0.04256
72319,-0.083160006,0.03878,-0.04256
72340,-0.083160006,0.03878,-0.04256
72340,-0.083160006,0.03878,-0.04256
72361,-0.083160006,0.03878,-0.04256
72361,-0.083160006,0.03878,-0.04256
72383,-0.083160006,0.03878,-0.04256
72383,-0.083160006,0.03878,-0.04256
72404,-0.083160006,0.03878,-0.04256
72404,-0.083160006,0.03878,-0.04256
72425,-0.083160006,0.03878,-0.04256
72426,-0.083160006,0.03878,-0.04256
72447,-0.083160006,0.03878,-0.04256
72468,-0.083160006,0.03878,-0.04256
72468,-0.083160006,0.03878,-0.04256
72489,-0.083160006,0.03878,-0.04256
72489,-0.083160006,0.03878,-0.04256
72511,-0.083160006,0.03878,-0.04256
72511,-0.083160006,0.03878,-0.04256
72532,0.26726002,0.19208,0.23016001
72532,0.26726002,0.19208,0.23016001
72553,0.26726002,0.19208,0.23016001
72553,0.26726002,0.19208,0.23016001
72575,0.26726002,0.19208,0.23016001
72596,0.26726002,0.19208,0.23016001
72596,0.26726002,0.19208,0.23016001
72617,0.26726002,0.19208,0.23016001
72617,0.26726002,0.19208,0.23016001
72639,0.26726002,0.19208,0.23016001
72639,0.26726002,0.19208,0.23016001
72660,0.26726002,0.19208,0.23016001
72660,0.26726002,0.19208,0.23016001
72681,0.26726002,0.19208,0.23016001
72681,0.26726002,0.19208,0.23016001
72703,0.26726002,0.19208,0.23016001
72724,0.26726002,0.19208,0.23016001
72724,0.26726002,0.19208,0.23016001
72745,0.26726002,0.19208,0.23016001
72746,0.26726002,0.19208,0.23016001
72767,0.26726002,0.19208,0.23016001
72767,0.26726002,0.19208,0.23016001
72788,0.29568002,0.28602,0.22344
72788,0.29568002,0.28602,0.22344
72809,0.29568002,0.28602,0.22344
72810,0.29568002,0.28602,0.22344
72831,0.29568002,0.28602,0.22344
72852,0.29568002,0.28602,0.22344
72852,0.29568002,0.28602,0.22344
72873,0.34636,0.32032,-0.3213
72874,0.34636,0.32032,-0.3213
72895,0.34636,0.32032,-0.3213
72895,0.34636,0.32032,-0.3213
72916,0.27664,0.22428,-0.3591
72916,0.27664,0.22428,-0.3591
72937,0.27664,0.22428,-0.3591
72937,0.27664,0.22428,-0.3591
72959,0.27664,0.22428,-0.3591
72959,0.27664,0.22428,-0.3591
72980,0.24934001,0.18942,-0.3633
73001,0.23352,0.13440001,-0.34622002
73002,0.23352,0.13440001,-0.34622002
73023,0.23352,0.13440001,-0.34622002
73023,0.23352,0.13440001,-0.34622002
73044,0.23352,0.13440001,-0.34622002
73044,0.23352,0.13440001,-0.34622002
73065,0.22932,0.114240006,-0.34524
73065,0.22932,0.114240006,-0.34524
73087,0.22932,0.114240006,-0.34524
73087,0.22932,0.114240006,-0.34524
73108,0.22932,0.114240006,-0.34524
73129,0.22932,0.114240006,-0.34524
73130,0.22932,0.114240006,-0.34524
73151,0.22932,0.114240006,-0.34524
73151,0.22932,0.114240006,-0.34524
73172,0.22932,0.114240006,-0.34524
73172,0.22932,0.114240006,-0.34524
73193,0.22932,0.114240006,-0.34524
73194,0.22932,0.114240006,-0.34524
73215,0.22932,0.114240006,-0.34524
73215,0.22932,0.114240006,-0.34524
73236,0.22932,0.114240006,-0.34524
73258,0.22932,0.114240006,-0.34524
73258,0.22932,0.114240006,-0.34524
73279,0.22932,0.114240006,-0.34524
73279,0.22932,0.114240006,-0.34524
73300,0.22932,0.114240006,-0.34524
73300,0.22932,0.114240006,-0.34524
73321,0.22932,0.114240006,-0.34524
73321,0.22932,0.114240006,-0.34524
73343,0.22932,0.114240006,-0.34524
73343,0.22932,0.114240006,-0.34524
73364,0.41706002,0.11648,0.05418
73385,0.41706002,0.11648,0.05418
73385,0.41706002,0.11648,0.05418
73407,0.41706002,0.11648,0.05418
73407,0.41706002,0.11648,0.05418
73428,0.41706002,0.11648,0.05418
73428,0.41706002,0.11648,0.05418
73449,0.34594002,0.35574,0.1799
73449,0.34594002,0.35574,0.1799
73471,0.34594002,0.35574,0.1799
73471,0.34594002,0.35574,0.1799
73492,0.34594002,0.35574,0.1799
73514,0.30674002,0.38164002,0.19306001
73514,0.30674002,0.38164002,0.19306001
73535,0.30674002,0.38164002,0.19306001
73535,0.30674002,0.38164002,0.19306001
73556,0.30674002,0.38164002,0.19306001
73556,0.30674002,0.38164002,0.19306001
73577,0.24738,0.39634,0.22512001
73577,0.24738,0.39634,0.22512001
73599,0.24738,0.39634,0.22512001
73599,0.24738,0.39634,0.22512001
73620,0.24738,0.39634,0.22512001
73641,0.24738,0.39634,0.22512001
73641,0.24738,0.39634,0.22512001
73663,0.24738,0.39634,0.22512001
73663,0.24738,0.39634,0.22512001
73684,0.20986001,0.39998,0.22638
73684,0.20986001,0.39998,0.22638
73705,0.20986001,0.39998,0.22638
73705,0.20986001,0.39998,0.22638
73727,0.20986001,0.39998,0.22638
73727,0.20986001,0.39998,0.22638
73748,0.20986001,0.39998,0.22638
73769,0.14742,0.39578,0.23254001
73769,0.14742,0.39578,0.23254001
73791,0.14742,0.39578,0.23254001
73791,0.14742,0.39578,0.23254001
73812,0.14742,0.39578,0.23254001
73812,0.14742,0.39578,0.23254001
73833,0.14742,0.39578,0.23254001
73833,0.14742,0.39578,0.23254001
73855,0.14742,0.39578,0.23254001
73855,0.14742,0.39578,0.23254001
73876,0.00336,0.33782002,0.21574001
73876,0.00336,0.33782002,0.21574001
73898,0.00336,0.33782002,0.21574001
73919,0.00336,0.33782002,0.21574001
73919,0.00336,0.33782002,0.21574001
73940,-0.0092400005,0.34370002,0.20566
73940,-0.0092400005,0.34370002,0.20566
73962,-0.0092400005,0.34370002,0.20566
73962,-0.0092400005,0.34370002,0.20566
73983,-0.0092400005,0.34370002,0.20566
73983,-0.0092400005,0.34370002,0.20566
74004,-0.0092400005,0.34370002,0.20566
74004,-0.0092400005,0.34370002,0.20566
74025,-0.0092400005,0.34370002,0.20566
74047,-0.0092400005,0.34370002,0.20566
74047,-0.0092400005,0.34370002,0.20566
74068,-0.0092400005,0.34370002,0.20566
74068,-0.0092400005,0.34370002,0.20566
74089,0.10794,0.20496,0.24962
74089,0.10794,0.20496,0.24962
74111,0.10794,0.20496,0.24962
74111,0.10794,0.20496,0.24962
74132,0.15806,0.15428,0.23114
74132,0.15806,0.15428,0.23114
74153,0.15806,0.15428,0.23114
74175,0.15736,0.086100005,0.20342
74175,0.15736,0.086100005,0.20342
74196,0.15736,0.086100005,0.20342
74196,0.15736,0.086100005,0.20342
74217,0.15134001,0.06818,0.19404
74217,0.15134001,0.06818,0.19404
74239,0.15134001,0.06818,0.19404
74239,0.15134001,0.06818,0.19404
74260,0.15162,0.04228,0.16842
74260,0.15162,0.04228,0.16842
74281,0.15162,0.04228,0.16842
74303,0.16128,0.01386,0.14084001
74303,0.16128,0.01386,0.14084001
74324,0.16128,0.01386,0.14084001
74324,0.16128,0.01386,0.14084001
74345,0.1596,-0.01274,0.11578
74346,0.1596,-0.01274,0.11578
74367,0.1596,-0.01274,0.11578
74367,0.1596,-0.01274,0.11578
74388,0.17626001,-0.04382,0.03626
74388,0.17626001,-0.04382,0.03626
74409,0.17626001,-0.04382,0.03626
74431,0.19726,-0.05978,-0.021
74431,0.19726,-0.05978,-0.021
74452,0.19726,-0.05978,-0.021
74452,0.19726,-0.05978,-0.021
74473,0.24962,-0.05516,-0.08008
74473,0.24962,-0.05516,-0.08008
74495,0.2933,-0.03164,-0.14126
74495,0.2933,-0.03164,-0.14126
74516,0.2933,-0.03164,-0.14126
74516,0.2933,-0.03164,-0.14126
74537,0.2933,-0.03164,-0.14126
74559,0.2933,-0.03164,-0.14126
74559,0.2933,-0.03164,-0.14126
74580,0.31472,0.028140001,-0.24430001
74580,0.31472,0.028140001,-0.24430001
74601,0.31472,0.028140001,-0.24430001
74601,0.31472,0.028140001,-0.24430001
74623,0.31472,0.028140001,-0.24430001
74623,0.31472,0.028140001,-0.24430001
74644,0.30884,0.07924,-0.28098002
74644,0.30884,0.07924,-0.28098002
74665,0.30884,0.07924,-0.28098002
74665,0.30884,0.07924,-0.28098002
74687,0.31136,0.108500004,-0.3045
74708,0.31136,0.108500004,-0.3045
74708,0.31136,0.108500004,-0.3045
74729,0.31136,0.108500004,-0.3045
74729,0.31136,0.108500004,-0.3045
74751,0.31136,0.108500004,-0.3045
74751,0.31136,0.108500004,-0.3045
74772,0.33936,0.15890001,-0.31080002
74772,0.33936,0.15890001,-0.31080002
74793,0.41790003,0.17584,-0.21532
74794,0.41790003,0.17584,-0.21532
74815,0.41790003,0.17584,-0.21532
74836,0.41790003,0.17584,-0.21532
74836,0.41790003,0.17584,-0.21532
74857,0.41790003,0.17584,-0.21532
74857,0.41790003,0.17584,-0.21532
74879,0.41790003,0.17584,-0.21532
74879,0.41790003,0.17584,-0.21532
74900,0.41790003,0.17584,-0.21532
74900,0.41790003,0.17584,-0.21532
74921,0.41790003,0.17584,-0.21532
74921,0.41790003,0.17584,-0.21532
74943,0.41790003,0.17584,-0.21532
74964,0.41790003,0.17584,-0.21532
74964,0.41790003,0.17584,-0.21532
74986,0.45976,0.336,-0.05978
74986,0.45976,0.336,-0.05978
75007,0.40824002,0.43890002,0.0217
75007,0.40824002,0.43890002,0.0217
75028,0.36862,0.47068,0.06426
75028,0.36862,0.47068,0.06426
75049,0.36862,0.47068,0.06426
75049,0.36862,0.47068,0.06426
75071,0.36862,0.47068,0.06426
75092,0.36862,0.47068,0.06426
75092,0.36862,0.47068,0.06426
75113,0.32046002,0.48062003,0.10038
75113,0.32046002,0.48062003,0.10038
75135,0.32046002,0.48062003,0.10038
75135,0.32046002,0.48062003,0.10038
75156,0.32046002,0.48062003,0.10038
75156,0.32046002,0.48062003,0.10038
75177,0.32046002,0.48062003,0.10038
75177,0.32046002,0.48062003,0.10038
75199,0.32046002,0.48062003,0.10038
75220,0.32046002,0.48062003,0.10038
75220,0.32046002,0.48062003,0.10038
75241,0.32046002,0.48062003,0.10038
75241,0.32046002,0.48062003,0.10038
75263,0.32046002,0.48062003,0.10038
75263,0.32046002,0.48062003,0.10038
75284,0.32046002,0.48062003,0.10038
75284,0.32046002,0.48062003,0.10038
75305,0.32046002,0.48062003,0.10038
75306,0.32046002,0.48062003,0.10038
75327,0.32046002,0.48062003,0.10038
75348,0.32046002,0.48062003,0.10038
75348,0.32046002,0.48062003,0.10038
75369,0.32046002,0.48062003,0.10038
75369,0.32046002,0.48062003,0.10038
75391,0.32046002,0.48062003,0.10038
75391,0.32046002,0.48062003,0.10038
75412,0.32046002,0.48062003,0.10038
75412,0.32046002,0.48062003,0.10038
75433,0.32046002,0.48062003,0.10038
75433,0.32046002,0.48062003,0.10038
75455,0.32046002,0.48062003,0.10038
75476,0.32046002,0.48062003,0.10038
75476,0.32046002,0.48062003,0.10038
75497,0.32046002,0.48062003,0.10038
75497,0.32046002,0.48062003,0.10038
75519,0.32046002,0.48062003,0.10038
75519,0.32046002,0.48062003,0.10038
75540,0.32046002,0.48062003,0.10038
75540,0.32046002,0.48062003,0.10038
75561,0.16422,0.33642,0.25522
75561,0.16422,0.33642,0.25522
75583,0.053200003,0.17794001,0.22274001
75583,0.053200003,0.17794001,0.22274001
75604,0.053200003,0.17794001,0.22274001
75625,0.09604,0.13818,0.22806
75625,0.09604,0.13818,0.22806
75647,0.09604,0.13818,0.22806
75647,0.09604,0.13818,0.22806
75668,0.09604,0.13818,0.22806
75668,0.09604,0.13818,0.22806
75689,0.114800006,0.09464,0.20832
75689,0.114800006,0.09464,0.20832
75711,0.114800006,0.09464,0.20832
75711,0.114800006,0.09464,0.20832
75732,0.118300006,0.0868,0.20174001
75753,0.118300006,0.0868,0.20174001
75753,0.118300006,0.0868,0.20174001
75775,0.09814,0.03962,0.16534
75775,0.09814,0.03962,0.16534
75796,0.09814,0.03962,0.16534
75796,0.09814,0.03962,0.16534
75817,0.09814,0.03962,0.16534
75817,0.09814,0.03962,0.16534
75839,0.08708,0.02156,0.14406
75839,0.08708,0.02156,0.14406
75860,0.08708,0.02156,0.14406
75881,0.07336,0.0063,0.11928
75881,0.07336,0.0063,0.11928
75903,0.05404,0.00966,0.11676
75903,0.05404,0.00966,0.11676
75924,0.04298,0.01624,0.075600006
75924,0.04298,0.01624,0.075600006
75945,0.04298,0.01624,0.075600006
75945,0.04298,0.01624,0.075600006
75967,0.04298,0.01624,0.075600006
75967,0.04298,0.01624,0.075600006
75988,0.04298,0.01624,0.075600006
76009,0.04298,0.01624,0.075600006
76009,0.04298,0.01624,0.075600006
76031,0.024500001,-0.00014,0.07084
76031,0.024500001,-0.00014,0.07084
76052,0.024500001,-0.00014,0.07084
76052,0.024500001,-0.00014,0.07084
76073,0.024500001,-0.00014,0.07084
76074,0.024500001,-0.00014,0.07084
76095,0.024500001,-0.00014,0.07084
76095,0.024500001,-0.00014,0.07084
76116,0.03528,-0.02198,0.04242
76137,0.042,-0.0329,0.02982
76137,0.042,-0.0329,0.02982
76159,0.042,-0.0329,0.02982
76159,0.042,-0.0329,0.02982
76180,0.05124,-0.033320002,0.049700003
76180,0.05124,-0.033320002,0.049700003
76201,0.074200004,-0.01988,0.09002
76201,0.074200004,-0.01988,0.09002
76223,0.074200004,-0.01988,0.09002
76223,0.074200004,-0.01988,0.09002
76244,0.074200004,-0.01988,0.09002
76265,0.074200004,-0.01988,0.09002
76265,0.074200004,-0.01988,0.09002
76287,0.074200004,-0.01988,0.09002
76287,0.074200004,-0.01988,0.09002
76308,0.1008,0.03178,0.16086
76308,0.1008,0.03178,0.16086
76329,0.1008,0.03178,0.16086
76329,0.1008,0.03178,0.16086
76351,0.1008,0.03178,0.16086
76351,0.1008,0.03178,0.16086
76372,0.1008,0.03178,0.16086
76372,0.1008,0.03178,0.16086
76393,0.1008,0.03178,0.16086
76415,0.066080004,0.10948,0.20944001
76415,0.066080004,0.10948,0.20944001
76436,0.066080004,0.10948,0.20944001
76436,0.066080004,0.10948,0.20944001
76457,0.057120003,0.12502,0.21630001
76458,0.057120003,0.12502,0.21630001
76479,0.057120003,0.12502,0.21630001
76479,0.057120003,0.12502,0.21630001
76500,0.06426,0.14406,0.23156
76500,0.06426,0.14406,0.23156
76521,0.06426,0.14406,0.23156
76543,0.06426,0.14406,0.23156
76543,0.06426,0.14406,0.23156
76564,0.06426,0.14406,0.23156
76564,0.06426,0.14406,0.23156
76585,0.06426,0.14406,0.23156
76585,0.06426,0.14406,0.23156
76607,0.06426,0.14406,0.23156
76607,0.06426,0.14406,0.23156
76628,0.06426,0.14406,0.23156
76628,0.06426,0.14406,0.23156
76649,0.06426,0.14406,0.23156
76671,0.06426,0.14406,0.23156
76671,0.06426,0.14406,0.23156
76692,0.06426,0.14406,0.23156
76692,0.06426,0.14406,0.23156
76713,0.06426,0.14406,0.23156
76713,0.06426,0.14406,0.23156
76735,0.06426,0.14406,0.23156
76735,0.06426,0.14406,0.23156
76756,0.06426,0.14406,0.23156
76756,0.06426,0.14406,0.23156
76777,0.06426,0.14406,0.23156
76799,0.06426,0.14406,0.23156
76799,0.06426,0.14406,0.23156
76820,0.06426,0.14406,0.23156
76820,0.06426,0.14406,0.23156
76841,0.06426,0.14406,0.23156
76842,0.06426,0.14406,0.23156
76863,0.06426,0.14406,0.23156
76863,0.06426,0.14406,0.23156
76884,0.06426,0.14406,0.23156
76884,0.06426,0.14406,0.23156
76905,0.06426,0.14406,0.23156
76927,0.06426,0.14406,0.23156
76927,0.06426,0.14406,0.23156
76948,0.06426,0.14406,0.23156
76948,0.06426,0.14406,0.23156
76969,0.06426,0.14406,0.23156
76969,0.06426,0.14406,0.23156
76991,0.06426,0.14406,0.23156
76991,0.06426,0.14406,0.23156
77012,0.06426,0.14406,0.23156
77012,0.06426,0.14406,0.23156
77033,0.06426,0.14406,0.23156
77055,0.32396,0.44422,-0.27874002
77055,0.32396,0.44422,-0.27874002
77076,0.32396,0.44422,-0.27874002
77076,0.32396,0.44422,-0.27874002
77097,0.32396,0.44422,-0.27874002
77097,0.32396,0.44422,-0.27874002
77119,0.32396,0.44422,-0.27874002
77119,0.32396,0.44422,-0.27874002
77140,0.32396,0.44422,-0.27874002
77140,0.32396,0.44422,-0.27874002
77161,0.27384,0.46760002,-0.28602
77183,0.27384,0.46760002,-0.28602
77183,0.27384,0.46760002,-0.28602
77204,0.27384,0.46760002,-0.28602
77204,0.27384,0.46760002,-0.28602
77225,0.27384,0.46760002,-0.28602
77225,0.27384,0.46760002,-0.28602
77247,0.28868002,0.47516,-0.2667
77247,0.28868002,0.47516,-0.2667
77268,0.28868002,0.47516,-0.2667
77268,0.28868002,0.47516,-0.2667
77289,0.28868002,0.47516,-0.2667
77289,0.28868002,0.47516,-0.2667
77311,0.35014,0.49742,-0.16198
77332,0.37184,0.49406,-0.00476
77332,0.37184,0.49406,-0.00476
77353,0.37184,0.49406,-0.00476
77353,0.37184,0.49406,-0.00476
77375,0.33922002,0.49616,0.061040003
77375,0.33922002,0.49616,0.061040003
77396,0.3122,0.504,0.085540004
77396,0.3122,0.504,0.085540004
77417,0.3122,0.504,0.085540004
77418,0.3122,0.504,0.085540004
77439,0.3122,0.504,0.085540004
77460,0.3122,0.504,0.085540004
77460,0.3122,0.504,0.085540004
77481,0.3122,0.504,0.085540004
77481,0.3122,0.504,0.085540004
77503,0.3122,0.504,0.085540004
77503,0.3122,0.504,0.085540004
77524,0.3122,0.504,0.085540004
77524,0.3122,0.504,0.085540004
77545,0.3122,0.504,0.085540004
77545,0.3122,0.504,0.085540004
77567,0.17164001,0.37156,0.24052
77588,0.17164001,0.37156,0.24052
77588,0.17164001,0.37156,0.24052
77609,0.17164001,0.37156,0.24052
77609,0.17164001,0.37156,0.24052
77631,0.17164001,0.37156,0.24052
77631,0.17164001,0.37156,0.24052
77652,0.17164001,0.37156,0.24052
77652,0.17164001,0.37156,0.24052
77673,0.17164001,0.37156,0.24052
77673,0.17164001,0.37156,0.24052
77695,0.08652,0.24024001,0.25620002
77716,0.07238,0.2254,0.25606
77716,0.07238,0.2254,0.25606
77737,0.06678,0.22582,0.24808
77737,0.06678,0.22582,0.24808
77759,0.06678,0.22582,0.24808
77759,0.06678,0.22582,0.24808
77780,0.057400003,0.24640001,0.25046
77780,0.057400003,0.24640001,0.25046
77801,0.057400003,0.24640001,0.25046
77801,0.057400003,0.24640001,0.25046
77823,0.052360002,0.25914,0.25046
77844,0.05586,0.25438002,0.25074002
77844,0.05586,0.25438002,0.25074002
77865,0.05586,0.25438002,0.25074002
77865,0.05586,0.25438002,0.25074002
77887,0.06538,0.26684,0.25704
77887,0.06538,0.26684,0.25704
77908,0.06538,0.26684,0.25704
77908,0.06538,0.26684,0.25704
77929,0.1393,0.27776,0.26208
77929,0.1393,0.27776,0.26208
77951,0.1393,0.27776,0.26208
77972,0.22680001,0.28126,0.25186
77972,0.22680001,0.28126,0.25186
77993,0.22680001,0.28126,0.25186
77994,0.22680001,0.28126,0.25186
78015,0.34762,0.28994,0.18984
78015,0.34762,0.28994,0.18984
78036,0.41748002,0.29554,0.109340005
78036,0.41748002,0.29554,0.109340005
78057,0.41748002,0.29554,0.109340005
78058,0.41748002,0.29554,0.109340005
78079,0.45248002,0.31780002,0.02534
78079,0.45248002,0.31780002,0.02534
78100,0.45752,0.35546002,-0.062580004
78121,0.43708003,0.40796,-0.10108
78121,0.43708003,0.40796,-0.10108
78143,0.43708003,0.40796,-0.10108
78143,0.43708003,0.40796,-0.10108
78164,0.43708003,0.40796,-0.10108
78164,0.43708003,0.40796,-0.10108
78185,0.43708003,0.40796,-0.10108
78186,0.43708003,0.40796,-0.10108
78207,0.37030002,0.48566002,-0.15274
78207,0.37030002,0.48566002,-0.15274
78228,0.37030002,0.48566002,-0.15274
78249,0.31542,0.50764,-0.20706001
78249,0.31542,0.50764,-0.20706001
78271,0.2653,0.50932,-0.25228
78271,0.2653,0.50932,-0.25228
78292,0.2653,0.50932,-0.25228
78292,0.2653,0.50932,-0.25228
78313,0.20804,0.5005,-0.29638
78313,0.20804,0.5005,-0.29638
78335,0.20804,0.5005,-0.29638
78335,0.20804,0.5005,-0.29638
78356,0.168,0.47544003,-0.3283
78377,0.13006,0.4578,-0.34426
78377,0.13006,0.4578,-0.34426
78399,0.13006,0.4578,-0.34426
78399,0.13006,0.4578,-0.34426
78420,0.116340004,0.44744,-0.34440002
78420,0.116340004,0.44744,-0.34440002
78442,0.116340004,0.44744,-0.34440002
78442,0.116340004,0.44744,-0.34440002
78463,0.116340004,0.44744,-0.34440002
78463,0.116340004,0.44744,-0.34440002
78484,0.116340004,0.44744,-0.34440002
78505,0.17514001,0.43204,-0.35574
78506,0.17514001,0.43204,-0.35574
78527,0.17514001,0.43204,-0.35574
78527,0.17514001,0.43204,-0.35574
78548,0.17514001,0.43204,-0.35574
78548,0.17514001,0.43204,-0.35574
78569,0.17514001,0.43204,-0.35574
78569,0.17514001,0.43204,-0.35574
78591,0.40978003,0.41832,-0.17066
78591,0.40978003,0.41832,-0.17066
78612,0.40922,0.45038,-0.05558
78633,0.40922,0.45038,-0.05558
78633,0.40922,0.45038,-0.05558
78655,0.40922,0.45038,-0.05558
78655,0.40922,0.45038,-0.05558
78676,0.40922,0.45038,-0.05558
78676,0.40922,0.45038,-0.05558
78697,0.31668,0.45052,0.14938
78697,0.31668,0.45052,0.14938
78719,0.31668,0.45052,0.14938
78719,0.31668,0.45052,0.14938
78740,0.31668,0.45052,0.14938
78761,0.31668,0.45052,0.14938
78761,0.31668,0.45052,0.14938
78783,0.16408001,0.37268,0.24934001
78783,0.16408001,0.37268,0.24934001
78804,0.13412,0.34888002,0.2569
78804,0.13412,0.34888002,0.2569
78825,0.13412,0.34888002,0.2569
78825,0.13412,0.34888002,0.2569
78847,0.13412,0.34888002,0.2569
78847,0.13412,0.34888002,0.2569
78868,0.0665,0.30086002,0.25914
78889,0.049700003,0.30688,0.2492
78890,0.049700003,0.30688,0.2492
78911,0.049700003,0.30688,0.2492
78911,0.049700003,0.30688,0.2492
78932,0.049700003,0.30688,0.2492
78932,0.049700003,0.30688,0.2492
78953,0.049700003,0.30688,0.2492
78954,0.049700003,0.30688,0.2492
78975,0.049700003,0.30688,0.2492
78975,0.049700003,0.30688,0.2492
78996,0.26404,0.34146002,0.22722
78996,0.26404,0.34146002,0.22722
79017,0.26404,0.34146002,0.22722
79039,0.26404,0.34146002,0.22722
79039,0.26404,0.34146002,0.22722
79060,0.26404,0.34146002,0.22722
79060,0.26404,0.34146002,0.22722
79081,0.26404,0.34146002,0.22722
79081,0.26404,0.34146002,0.22722
79103,0.42854002,0.39746,-0.15456
79103,0.42854002,0.39746,-0.15456
79124,0.42854002,0.39746,-0.15456
79124,0.42854002,0.39746,-0.15456
79145,0.42854002,0.39746,-0.15456
79167,0.37338,0.41258,-0.24990001
79167,0.37338,0.41258,-0.24990001
79188,0.37338,0.41258,-0.24990001
79188,0.37338,0.41258,-0.24990001
79209,0.37338,0.41258,-0.24990001
79209,0.37338,0.41258,-0.24990001
79231,0.37338,0.41258,-0.24990001
79231,0.37338,0.41258,-0.24990001
79252,0.37338,0.41258,-0.24990001
79252,0.37338,0.41258,-0.24990001
79274,0.32228002,0.39774,-0.30226
79295,0.32228002,0.39774,-0.30226
79295,0.32228002,0.39774,-0.30226
79316,0.41300002,0.43946,-0.07434
79316,0.41300002,0.43946,-0.07434
79337,0.41300002,0.43946,-0.07434
79337,0.41300002,0.43946,-0.07434
79359,0.41300002,0.43946,-0.07434
79359,0.41300002,0.43946,-0.07434
79380,0.41300002,0.43946,-0.07434
79380,0.41300002,0.43946,-0.07434
79401,0.23198001,0.3325,0.24584001
79423,0.23198001,0.3325,0.24584001
79423,0.23198001,0.3325,0.24584001
79444,0.15078,0.28056002,0.259
79444,0.15078,0.28056002,0.259
79465,0.15078,0.28056002,0.259
79465,0.15078,0.28056002,0.259
79487,0.15078,0.28056002,0.259
79487,0.15078,0.28056002,0.259
79508,0.0623,0.24556,0.25382
79508,0.0623,0.24556,0.25382
79529,0.0623,0.24556,0.25382
79551,0.0623,0.24556,0.25382
79551,0.0623,0.24556,0.25382
79572,0.0623,0.24556,0.25382
79572,0.0623,0.24556,0.25382
79593,0.06384,0.25046,0.25466
79594,0.06384,0.25046,0.25466
79615,0.26236,0.35728002,0.22834
79615,0.26236,0.35728002,0.22834
79636,0.33684,0.40096,0.15134001
79636,0.33684,0.40096,0.15134001
79657,0.33684,0.40096,0.15134001
79679,0.33684,0.40096,0.15134001
79679,0.33684,0.40096,0.15134001
79700,0.3934,0.44688,0.03276
79700,0.3934,0.44688,0.03276
79721,0.3934,0.44688,0.03276
79721,0.3934,0.44688,0.03276
79743,0.39368,0.44366002,-0.1694
79743,0.39368,0.44366002,-0.1694
79764,0.39368,0.44366002,-0.1694
79764,0.39368,0.44366002,-0.1694
79785,0.39368,0.44366002,-0.1694
79785,0.39368,0.44366002,-0.1694
79807,0.39368,0.44366002,-0.1694
79828,0.33040002,0.455,-0.25592
79828,0.33040002,0.455,-0.25592
79849,0.33040002,0.455,-0.25592
79849,0.33040002,0.455,-0.25592
79871,0.33040002,0.455,-0.25592
79871,0.33040002,0.455,-0.25592
79892,0.33040002,0.455,-0.25592
79892,0.33040002,0.455,-0.25592
79913,0.42266002,0.42112002,-0.0061600003
79913,0.42266002,0.42112002,-0.0061600003
79935,0.42266002,0.42112002,-0.0061600003
79956,0.42266002,0.42112002,-0.0061600003
79956,0.42266002,0.42112002,-0.0061600003
79977,0.42266002,0.42112002,-0.0061600003
79977,0.42266002,0.42112002,-0.0061600003
79999,0.42266002,0.42112002,-0.0061600003
79999,0.42266002,0.42112002,-0.0061600003
80020,0.42266002,0.42112002,-0.0061600003
80020,0.42266002,0.42112002,-0.0061600003
80041,0.38570002,0.22162001,0.16982001
80042,0.38570002,0.22162001,0.16982001
80063,0.38570002,0.22162001,0.16982001
80084,0.38570002,0.22162001,0.16982001
80084,0.38570002,0.22162001,0.16982001
80105,0.38570002,0.22162001,0.16982001
80105,0.38570002,0.22162001,0.16982001
80127,0.24514,0.114240006,0.21574001
80127,0.24514,0.114240006,0.21574001
80148,0.24514,0.114240006,0.21574001
80148,0.24514,0.114240006,0.21574001
80169,0.24514,0.114240006,0.21574001
80170,0.24514,0.114240006,0.21574001
80191,0.24514,0.114240006,0.21574001
80212,0.24514,0.114240006,0.21574001
80212,0.24514,0.114240006,0.21574001
80233,0.154,0.096880004,0.21644
80233,0.154,0.096880004,0.21644
80255,0.15498,0.09548,0.21000001
80255,0.15498,0.09548,0.21000001
80276,0.15498,0.09548,0.21000001
80276,0.15498,0.09548,0.21000001
80297,0.15498,0.09548,0.21000001
80297,0.15498,0.09548,0.21000001
80319,0.1729,0.05082,0.18620001
80340,0.15638,0.014,0.14686
80340,0.15638,0.014,0.14686
80361,0.15274,-0.0385,0.060620002
80361,0.15274,-0.0385,0.060620002
80383,0.15274,-0.0385,0.060620002
80383,0.15274,-0.0385,0.060620002
80404,0.15274,-0.0385,0.060620002
80404,0.15274,-0.0385,0.060620002
80425,0.15890001,-0.060620002,-0.0014000001
80425,0.15890001,-0.060620002,-0.0014000001
80447,0.13104,-0.06874,-0.061460003
80468,0.13104,-0.06874,-0.061460003
80468,0.13104,-0.06874,-0.061460003
80489,0.13104,-0.06874,-0.061460003
80489,0.13104,-0.06874,-0.061460003
80511,0.14378001,-0.060760003,-0.13174
80511,0.14378001,-0.060760003,-0.13174
80532,0.14378001,-0.060760003,-0.13174
80532,0.14378001,-0.060760003,-0.13174
80554,0.14378001,-0.060760003,-0.13174
80554,0.14378001,-0.060760003,-0.13174
80575,0.14378001,-0.060760003,-0.13174
80596,0.20692001,-0.037100002,-0.20104
80596,0.20692001,-0.037100002,-0.20104
80617,0.20692001,-0.037100002,-0.20104
80617,0.20692001,-0.037100002,-0.20104
80639,0.20692001,-0.037100002,-0.20104
80639,0.20692001,-0.037100002,-0.20104
80660,0.20692001,-0.037100002,-0.20104
80660,0.20692001,-0.037100002,-0.20104
80681,0.20692001,-0.037100002,-0.20104
80681,0.20692001,-0.037100002,-0.20104
80703,0.20692001,-0.037100002,-0.20104
80703,0.20692001,-0.037100002,-0.20104
80724,0.20692001,-0.037100002,-0.20104
80745,0.3479,0.12992,-0.2793
80745,0.3479,0.12992,-0.2793
80767,0.3479,0.12992,-0.2793
80767,0.3479,0.12992,-0.2793
80788,0.3479,0.12992,-0.2793
80788,0.3479,0.12992,-0.2793
80810,0.3479,0.12992,-0.2793
80810,0.3479,0.12992,-0.2793
80831,0.3479,0.12992,-0.2793
80831,0.3479,0.12992,-0.2793
80852,0.3479,0.12992,-0.2793
80874,0.3479,0.12992,-0.2793
80874,0.3479,0.12992,-0.2793
80895,0.3479,0.12992,-0.2793
80895,0.3479,0.12992,-0.2793
80916,0.4277,0.38346002,-0.16436
80916,0.4277,0.38346002,-0.16436
80937,0.4277,0.38346002,-0.16436
80937,0.4277,0.38346002,-0.16436
80959,0.4277,0.38346002,-0.16436
80959,0.4277,0.38346002,-0.16436
80980,0.40866002,0.43344,-0.14294
81002,0.39354002,0.47376,-0.085540004
81002,0.39354002,0.47376,-0.085540004
81023,0.36974,0.4977,-0.06566
81023,0.36974,0.4977,-0.06566
81044,0.36974,0.4977,-0.06566
81044,0.36974,0.4977,-0.06566
81066,0.36974,0.4977,-0.06566
81066,0.36974,0.4977,-0.06566
81087,0.36974,0.4977,-0.06566
81087,0.36974,0.4977,-0.06566
81108,0.36974,0.4977,-0.06566
81129,0.30338,0.55328,-0.03444
81130,0.30338,0.55328,-0.03444
81151,0.30338,0.55328,-0.03444
81151,0.30338,0.55328,-0.03444
81172,0.30338,0.55328,-0.03444
81172,0.30338,0.55328,-0.03444
81194,0.2394,0.57834,-0.02604
81194,0.2394,0.57834,-0.02604
81215,0.2394,0.57834,-0.02604
81215,0.2394,0.57834,-0.02604
81236,0.21252,0.58254004,-0.00994
81258,0.21252,0.58254004,-0.00994
81258,0.21252,0.58254004,-0.00994
81279,0.16170001,0.58184004,0.02786
81279,0.16170001,0.58184004,0.02786
81300,0.16170001,0.58184004,0.02786
81300,0.16170001,0.58184004,0.02786
81321,0.1477,0.58002,0.053200003
81321,0.1477,0.58002,0.053200003
81343,0.12782,0.56420004,0.08848
81343,0.12782,0.56420004,0.08848
81364,0.12782,0.56420004,0.08848
81385,0.12782,0.56420004,0.08848
81386,0.12782,0.56420004,0.08848
81407,0.12782,0.56420004,0.08848
81407,0.12782,0.56420004,0.08848
81428,0.11494,0.54936004,0.11326
81428,0.11494,0.54936004,0.11326
81449,0.09898,0.51212,0.14742
81449,0.09898,0.51212,0.14742
81471,0.09898,0.51212,0.14742
81471,0.09898,0.51212,0.14742
81492,0.09632,0.49084002,0.17136
81492,0.09632,0.49084002,0.17136
81513,0.09632,0.49084002,0.17136
81535,0.110460006,0.45388,0.19698
81535,0.110460006,0.45388,0.19698
81556,0.110460006,0.45388,0.19698
81556,0.110460006,0.45388,0.19698
81577,0.110460006,0.45388,0.19698
81577,0.110460006,0.45388,0.19698
81599,0.113680005,0.33908,0.24514
81599,0.113680005,0.33908,0.24514
81620,0.113680005,0.33908,0.24514
81620,0.113680005,0.33908,0.24514
81641,0.113680005,0.33908,0.24514
81663,0.113680005,0.33908,0.24514
81663,0.113680005,0.33908,0.24514
81684,0.113680005,0.33908,0.24514
81684,0.113680005,0.33908,0.24514
81705,0.091000006,0.28504002,0.24738
81705,0.091000006,0.28504002,0.24738
81727,0.08064,0.25914,0.24892001
81727,0.08064,0.25914,0.24892001
81748,0.08064,0.25914,0.24892001
81748,0.08064,0.25914,0.24892001
81769,0.08064,0.25914,0.24892001
81791,0.06804,0.2632,0.2492
81791,0.06804,0.2632,0.2492
81812,0.06804,0.2632,0.2492
81812,0.06804,0.2632,0.2492
81833,0.05824,0.27552,0.25074002
81833,0.05824,0.27552,0.25074002
81855,0.06202,0.2793,0.24864
81855,0.06202,0.2793,0.24864
81876,0.06202,0.2793,0.24864
81876,0.06202,0.2793,0.24864
81897,0.06202,0.2793,0.24864
81919,0.06202,0.2793,0.24864
81919,0.06202,0.2793,0.24864
81940,0.06202,0.2793,0.24864
81940,0.06202,0.2793,0.24864
81961,0.06202,0.2793,0.24864
81961,0.06202,0.2793,0.24864
81983,0.18508,0.34594002,0.25676
81983,0.18508,0.34594002,0.25676
82004,0.18508,0.34594002,0.25676
82004,0.18508,0.34594002,0.25676
82026,0.23030001,0.34944,0.23142001
82047,0.23030001,0.34944,0.23142001
82047,0.23030001,0.34944,0.23142001
82068,0.24668,0.37786,0.22792001
82068,0.24668,0.37786,0.22792001
82089,0.25844002,0.40306002,0.20048
82089,0.25844002,0.40306002,0.20048
82111,0.25844002,0.40306002,0.20048
82111,0.25844002,0.40306002,0.20048
82132,0.27468002,0.4354,0.17962
82132,0.27468002,0.4354,0.17962
82154,0.27468002,0.4354,0.17962
82175,0.27468002,0.4354,0.17962
82175,0.27468002,0.4354,0.17962
82196,0.27468002,0.4354,0.17962
82196,0.27468002,0.4354,0.17962
82218,0.29372,0.45584002,0.15946001
82218,0.29372,0.45584002,0.15946001
82239,0.29372,0.45584002,0.15946001
82239,0.29372,0.45584002,0.15946001
82260,0.29372,0.45584002,0.15946001
82260,0.29372,0.45584002,0.15946001
82281,0.37156,0.47726002,0.02926
82303,0.37156,0.47726002,0.02926
82303,0.37156,0.47726002,0.02926
82324,0.3661,0.49308002,0.00644
82324,0.3661,0.49308002,0.00644
82345,0.34454,0.51296,-0.028560001
82345,0.34454,0.51296,-0.028560001
82367,0.34454,0.51296,-0.028560001
82367,0.34454,0.51296,-0.028560001
82388,0.32298002,0.53186,-0.037800003
82388,0.32298002,0.53186,-0.037800003
82409,0.32298002,0.53186,-0.037800003
82410,0.32298002,0.53186,-0.037800003
82431,0.32298002,0.53186,-0.037800003
82452,0.30296,0.55174,-0.0581
82452,0.30296,0.55174,-0.0581
82474,0.27916,0.56490004,-0.086380005
82474,0.27916,0.56490004,-0.086380005
82495,0.27916,0.56490004,-0.086380005
82495,0.27916,0.56490004,-0.086380005
82516,0.27916,0.56490004,-0.086380005
82516,0.27916,0.56490004,-0.086380005
82538,0.27916,0.56490004,-0.086380005
82538,0.27916,0.56490004,-0.086380005
82559,0.27916,0.56490004,-0.086380005
82580,0.26880002,0.55636,-0.161
82580,0.26880002,0.55636,-0.161
82602,0.27118,0.52542,-0.22106001
82602,0.27118,0.52542,-0.22106001
82623,0.27118,0.52542,-0.22106001
82623,0.27118,0.52542,-0.22106001
82644,0.27118,0.52542,-0.22106001
82644,0.27118,0.52542,-0.22106001
82665,0.30688,0.43736002,-0.2842
82666,0.30688,0.43736002,-0.2842
82687,0.31962,0.38752002,-0.31458002
82708,0.31962,0.38752002,-0.31458002
82708,0.31962,0.38752002,-0.31458002
82729,0.31962,0.38752002,-0.31458002
82729,0.31962,0.38752002,-0.31458002
82751,0.31584,0.33362,-0.33222002
82751,0.31584,0.33362,-0.33222002
82772,0.31584,0.33362,-0.33222002
82772,0.31584,0.33362,-0.33222002
82793,0.30534002,0.28980002,-0.34426
82793,0.30534002,0.28980002,-0.34426
82815,0.30534002,0.28980002,-0.34426
82836,0.30534002,0.28980002,-0.34426
82836,0.30534002,0.28980002,-0.34426
82858,0.30534002,0.28980002,-0.34426
82858,0.30534002,0.28980002,-0.34426
82879,0.30534002,0.28980002,-0.34426
82879,0.30534002,0.28980002,-0.34426
82900,0.25578,0.14742,-0.34482002
82900,0.25578,0.14742,-0.34482002
82922,0.25578,0.14742,-0.34482002
82922,0.25578,0.14742,-0.34482002
82943,0.25578,0.14742,-0.34482002
82964,0.17682001,0.085540004,-0.33124
82964,0.17682001,0.085540004,-0.33124
82986,0.13034001,0.06174,-0.3129
82986,0.13034001,0.06174,-0.3129
83007,0.103180006,0.049140003,-0.2989
83007,0.103180006,0.049140003,-0.2989
83028,0.103180006,0.049140003,-0.2989
83028,0.103180006,0.049140003,-0.2989
83049,0.103180006,0.049140003,-0.2989
83049,0.103180006,0.049140003,-0.2989
83071,0.103180006,0.049140003,-0.2989
83092,0.0658,0.04648,-0.29204002
83092,0.0658,0.04648,-0.29204002
83113,0.02954,0.057680003,-0.28476
83114,0.02954,0.057680003,-0.28476
83135,0.02954,0.057680003,-0.28476
83135,0.02954,0.057680003,-0.28476
83156,0.02954,0.057680003,-0.28476
83156,0.02954,0.057680003,-0.28476
83177,-0.0546,0.07602,-0.24066001
83177,-0.0546,0.07602,-0.24066001
83199,-0.0546,0.07602,-0.24066001
83199,-0.0546,0.07602,-0.24066001
83220,-0.0546,0.07602,-0.24066001
83241,-0.0546,0.07602,-0.24066001
83241,-0.0546,0.07602,-0.24066001
83263,-0.16282001,0.18172,-0.16842
83263,-0.16282001,0.18172,-0.16842
83284,-0.17514001,0.22456001,-0.17052001
83284,-0.17514001,0.22456001,-0.17052001
83305,-0.17514001,0.22456001,-0.17052001
83305,-0.17514001,0.22456001,-0.17052001
83327,-0.18368,0.27972,-0.16352001
83327,-0.18368,0.27972,-0.16352001
83348,-0.18368,0.27972,-0.16352001
83369,-0.18368,0.27972,-0.16352001
83369,-0.18368,0.27972,-0.16352001
83391,-0.18816,0.30408,-0.14616
83391,-0.18816,0.30408,-0.14616
83412,-0.18816,0.30408,-0.14616
83412,-0.18816,0.30408,-0.14616
83433,-0.18816,0.30408,-0.14616
83433,-0.18816,0.30408,-0.14616
83455,-0.1932,0.28112,-0.12320001
83455,-0.1932,0.28112,-0.12320001
83476,-0.1932,0.28112,-0.12320001
83497,-0.18676001,0.25746,-0.122640006
83497,-0.18676001,0.25746,-0.122640006
83519,-0.18676001,0.25746,-0.122640006
83519,-0.18676001,0.25746,-0.122640006
83540,-0.18676001,0.25746,-0.122640006
83540,-0.18676001,0.25746,-0.122640006
83561,-0.18676001,0.25746,-0.122640006
83562,-0.18676001,0.25746,-0.122640006
83583,-0.18676001,0.25746,-0.122640006
83583,-0.18676001,0.25746,-0.122640006
83604,-0.18676001,0.25746,-0.122640006
83625,-0.15120001,0.122080006,-0.105840005
83625,-0.15120001,0.122080006,-0.105840005
83647,-0.15120001,0.122080006,-0.105840005
83647,-0.15120001,0.122080006,-0.105840005
83668,-0.15120001,0.122080006,-0.105840005
83668,-0.15120001,0.122080006,-0.105840005
83689,-0.12320001,0.0833,-0.13006
83690,-0.12320001,0.0833,-0.13006
83711,-0.12320001,0.0833,-0.13006
83711,-0.12320001,0.0833,-0.13006
83732,-0.117740005,0.08848,-0.14476
83753,-0.117740005,0.08848,-0.14476
83753,-0.117740005,0.08848,-0.14476
83775,-0.117740005,0.08848,-0.14476
83775,-0.117740005,0.08848,-0.14476
83796,-0.117740005,0.08848,-0.14476
83796,-0.117740005,0.08848,-0.14476
83817,-0.111020006,0.20538001,-0.27622
83817,-0.111020006,0.20538001,-0.27622
83839,-0.098560005,0.26586002,-0.30968
83839,-0.098560005,0.26586002,-0.30968
83860,-0.098560005,0.26586002,-0.30968
83881,-0.098560005,0.26586002,-0.30968
83882,-0.098560005,0.26586002,-0.30968
83903,-0.098560005,0.26586002,-0.30968
83903,-0.098560005,0.26586002,-0.30968
83924,-0.098560005,0.26586002,-0.30968
83924,-0.098560005,0.26586002,-0.30968
83945,-0.078820005,0.22736001,-0.31836
83945,-0.078820005,0.22736001,-0.31836
83967,-0.078820005,0.22736001,-0.31836
83967,-0.078820005,0.22736001,-0.31836
83988,-0.078820005,0.22736001,-0.31836
84009,-0.078820005,0.22736001,-0.31836
84009,-0.078820005,0.22736001,-0.31836
84031,-0.090160005,0.20104,-0.28952
84031,-0.090160005,0.20104,-0.28952
84052,-0.090160005,0.20104,-0.28952
84052,-0.090160005,0.20104,-0.28952
84073,-0.090160005,0.20104,-0.28952
84073,-0.090160005,0.20104,-0.28952
84095,-0.090160005,0.20104,-0.28952
84095,-0.090160005,0.20104,-0.28952
84116,-0.1043,0.19978,-0.27258
84116,-0.1043,0.19978,-0.27258
84137,-0.1043,0.19978,-0.27258
84159,-0.1043,0.19978,-0.27258
84159,-0.1043,0.19978,-0.27258
84180,-0.1043,0.19978,-0.27258
84180,-0.1043,0.19978,-0.27258
84201,-0.1043,0.19978,-0.27258
84201,-0.1043,0.19978,-0.27258
84223,-0.1043,0.19978,-0.27258
84223,-0.1043,0.19978,-0.27258
84244,-0.1043,0.19978,-0.27258
84244,-0.1043,0.19978,-0.27258
84265,-0.1043,0.19978,-0.27258
84287,-0.1043,0.19978,-0.27258
84287,-0.1043,0.19978,-0.27258
84308,-0.17584,0.31080002,-0.18676001
84308,-0.17584,0.31080002,-0.18676001
84329,-0.17584,0.31080002,-0.18676001
84329,-0.17584,0.31080002,-0.18676001
84351,-0.14448,0.33138,-0.26292
84351,-0.14448,0.33138,-0.26292
84372,-0.14448,0.33138,-0.26292
84372,-0.14448,0.33138,-0.26292
84394,-0.07714,0.35042,-0.32144
84415,-0.02114,0.36428002,-0.35322002
84415,-0.02114,0.36428002,-0.35322002
84436,-0.02114,0.36428002,-0.35322002
84436,-0.02114,0.36428002,-0.35322002
84457,-0.02114,0.36428002,-0.35322002
84457,-0.02114,0.36428002,-0.35322002
84479,-0.02114,0.36428002,-0.35322002
84479,-0.02114,0.36428002,-0.35322002
84500,0.011340001,0.37394002,-0.36078
84500,0.011340001,0.37394002,-0.36078
84521,0.0406,0.39200002,-0.36288002
84543,0.0406,0.39200002,-0.36288002
84543,0.0406,0.39200002,-0.36288002
84564,0.0406,0.39200002,-0.36288002
84564,0.0406,0.39200002,-0.36288002
84586,0.0406,0.39200002,-0.36288002
84586,0.0406,0.39200002,-0.36288002
84607,0.0406,0.39200002,-0.36288002
84607,0.0406,0.39200002,-0.36288002
84628,0.14840001,0.34706,-0.38612002
84628,0.14840001,0.34706,-0.38612002
84649,0.14840001,0.34706,-0.38612002
84671,0.14840001,0.34706,-0.38612002
84671,0.14840001,0.34706,-0.38612002
84692,0.14840001,0.34706,-0.38612002
84692,0.14840001,0.34706,-0.38612002
84713,0.14840001,0.34706,-0.38612002
84713,0.14840001,0.34706,-0.38612002
84735,0.14840001,0.34706,-0.38612002
84735,0.14840001,0.34706,-0.38612002
84756,0.2037,0.28686002,-0.38304
84756,0.2037,0.28686002,-0.38304
84777,0.2037,0.28686002,-0.38304
84799,0.2037,0.28686002,-0.38304
84799,0.2037,0.28686002,-0.38304
84820,0.2037,0.28686002,-0.38304
84820,0.2037,0.28686002,-0.38304
84841,0.2037,0.28686002,-0.38304
84842,0.2037,0.28686002,-0.38304
84863,0.2037,0.28686002,-0.38304
84863,0.2037,0.28686002,-0.38304
84884,0.2037,0.28686002,-0.38304
84884,0.23268001,0.29638,-0.36834002
84905,0.20034,0.37394002,-0.36596
84906,0.20034,0.37394002,-0.36596
84927,0.20034,0.37394002,-0.36596
84948,0.20034,0.37394002,-0.36596
84948,0.20034,0.37394002,-0.36596
84969,0.20034,0.37394002,-0.36596
84969,0.20034,0.37394002,-0.36596
84991,0.20034,0.37394002,-0.36596
84991,0.20034,0.37394002,-0.36596
85012,0.20034,0.37394002,-0.36596
85012,0.20034,0.37394002,-0.36596
85033,0.1407,0.3934,-0.37198
85033,0.1407,0.3934,-0.37198
85055,0.1407,0.3934,-0.37198
85076,0.1407,0.3934,-0.37198
85076,0.1407,0.3934,-0.37198
85097,0.1407,0.3934,-0.37198
85098,0.1407,0.3934,-0.37198
85119,0.1407,0.3934,-0.37198
85119,0.1407,0.3934,-0.37198
85140,-0.06538,0.41482002,-0.30478
85140,-0.06538,0.41482002,-0.30478
85161,-0.094220005,0.41426,-0.26726002
85161,-0.094220005,0.41426,-0.26726002
85183,-0.10948,0.41104,-0.26012
85204,-0.10948,0.41104,-0.26012
85204,-0.10948,0.41104,-0.26012
85225,-0.10948,0.41104,-0.26012
85226,-0.10948,0.41104,-0.26012
85247,-0.11382,0.4144,-0.25018
85247,-0.11382,0.4144,-0.25018
85268,-0.11382,0.4144,-0.25018
85268,-0.11382,0.4144,-0.25018
85289,-0.09086,0.39578,-0.29582
85290,-0.09086,0.39578,-0.29582
85311,-0.09086,0.39578,-0.29582
85332,-0.09086,0.39578,-0.29582
85332,-0.09086,0.39578,-0.29582
85353,0.05082,0.33656,-0.38416
85354,0.05082,0.33656,-0.38416
85375,0.0938,0.3122,-0.3969
85375,0.0938,0.3122,-0.3969
85396,0.0938,0.3122,-0.3969
85396,0.0938,0.3122,-0.3969
85417,0.16436,0.27636,-0.3885
85418,0.16436,0.27636,-0.3885
85439,0.16436,0.27636,-0.3885
85460,0.23856,0.25256002,-0.36932
85460,0.23856,0.25256002,-0.36932
85481,0.23856,0.25256002,-0.36932
85481,0.23856,0.25256002,-0.36932
85503,0.23856,0.25256002,-0.36932
85503,0.23856,0.25256002,-0.36932
85524,0.32844,0.23058,-0.32984
85524,0.32844,0.23058,-0.32984
85545,0.32844,0.23058,-0.32984
85545,0.32844,0.23058,-0.32984
85567,0.3486,0.22316,-0.30702
85588,0.3808,0.22106001,-0.26628
85588,0.3808,0.22106001,-0.26628
85609,0.3808,0.22106001,-0.26628
85610,0.3808,0.22106001,-0.26628
85631,0.3808,0.22106001,-0.26628
85631,0.3808,0.22106001,-0.26628
85652,0.39746,0.2282,-0.25620002
85652,0.39746,0.2282,-0.25620002
85674,0.39746,0.2282,-0.25620002
85674,0.39746,0.2282,-0.25620002
85695,0.39746,0.2282,-0.25620002
85716,0.37492,0.23702,-0.28434
85716,0.37492,0.23702,-0.28434
85737,0.37492,0.23702,-0.28434
85737,0.37492,0.23702,-0.28434
85759,0.37492,0.23702,-0.28434
85759,0.37492,0.23702,-0.28434
85780,0.26068002,0.25564,-0.36708
85780,0.26068002,0.25564,-0.36708
85802,0.26068002,0.25564,-0.36708
85802,0.26068002,0.25564,-0.36708
85823,0.21364,0.24626,-0.38584
85823,0.21364,0.24626,-0.38584
85844,0.18074,0.23114,-0.39088002
85865,0.18074,0.23114,-0.39088002
85866,0.18074,0.23114,-0.39088002
85887,0.18074,0.23114,-0.39088002
85887,0.18074,0.23114,-0.39088002
85908,0.18074,0.23114,-0.39088002
85908,0.18074,0.23114,-0.39088002
85929,0.18074,0.23114,-0.39088002
85929,0.18074,0.23114,-0.39088002
85951,0.18074,0.23114,-0.39088002
85951,0.18074,0.23114,-0.39088002
85972,0.12754,0.22316,-0.39270002
85993,0.12754,0.22316,-0.39270002
85993,0.12754,0.22316,-0.39270002
86015,0.113960005,0.23198001,-0.39452
86015,0.113960005,0.23198001,-0.39452
86036,0.113960005,0.23198001,-0.39452
86036,0.113960005,0.23198001,-0.39452
86057,0.07378,0.24794,-0.38682002
86058,0.07378,0.24794,-0.38682002
86079,0.04046,0.24290001,-0.37786
86079,0.04046,0.24290001,-0.37786
86100,0.04046,0.24290001,-0.37786
86121,0.04046,0.24290001,-0.37786
86122,0.04046,0.24290001,-0.37786
86143,0.04046,0.24290001,-0.37786
86143,0.04046,0.24290001,-0.37786
86164,-0.00812,0.2611,-0.36414
86164,-0.00812,0.2611,-0.36414
86185,-0.0182,0.26796,-0.36232
86186,-0.0182,0.26796,-0.36232
86207,-0.0182,0.26796,-0.36232
86207,-0.0182,0.26796,-0.36232
86228,-0.0182,0.26796,-0.36232
86249,-0.0175,0.27664,-0.36316
86249,-0.0175,0.27664,-0.36316
86271,0.02212,0.23856,-0.37100002
86271,0.02212,0.23856,-0.37100002
86292,0.02212,0.23856,-0.37100002
86292,0.02212,0.23856,-0.37100002
86313,0.049700003,0.17962,-0.3738
86314,0.049700003,0.17962,-0.3738
86335,0.049700003,0.17962,-0.3738
86335,0.049700003,0.17962,-0.3738
86356,0.049700003,0.17962,-0.3738
86377,0.099400006,0.20216,-0.3822
86377,0.099400006,0.20216,-0.3822
86399,0.099400006,0.20216,-0.3822
86399,0.099400006,0.20216,-0.3822
86420,0.099400006,0.20216,-0.3822
86420,0.099400006,0.20216,-0.3822
86441,0.099400006,0.20216,-0.3822
86442,0.099400006,0.20216,-0.3822
86463,0.13734001,0.1876,-0.37856
86463,0.13734001,0.1876,-0.37856
86484,0.15274,0.18396,-0.37688002
86505,0.15274,0.18396,-0.37688002
86505,0.15274,0.18396,-0.37688002
86527,0.15274,0.18396,-0.37688002
86527,0.15274,0.18396,-0.37688002
86548,0.19894001,0.16898,-0.36372
86548,0.19894001,0.16898,-0.36372
86570,0.19894001,0.16898,-0.36372
86570,0.19894001,0.16898,-0.36372
86591,0.23534,0.15988,-0.35196
86591,0.23534,0.15988,-0.35196
86612,0.23534,0.15988,-0.35196
86612,0.23534,0.15988,-0.35196
86633,0.23534,0.15988,-0.35196
86655,0.23534,0.15988,-0.35196
86655,0.23534,0.15988,-0.35196
86676,0.34636,0.18844001,-0.28882
86676,0.34636,0.18844001,-0.28882
86697,0.34636,0.18844001,-0.28882
86698,0.34636,0.18844001,-0.28882
86719,0.4004,0.20902,-0.24640001
86719,0.4004,0.20902,-0.24640001
86740,0.4004,0.20902,-0.24640001
86740,0.4004,0.20902,-0.24640001
86761,0.4004,0.20902,-0.24640001
86783,0.46130002,0.27916,-0.120400004
86783,0.46130002,0.27916,-0.120400004
86804,0.46382,0.308,-0.08274
86804,0.46382,0.308,-0.08274
86825,0.46382,0.308,-0.08274
86826,0.46382,0.308,-0.08274
86847,0.46382,0.308,-0.08274
86847,0.46382,0.308,-0.08274
86868,0.46382,0.308,-0.08274
86868,0.46382,0.308,-0.08274
86889,0.43792,0.40292,-0.03626
86911,0.43792,0.40292,-0.03626
86911,0.43792,0.40292,-0.03626
86932,0.43792,0.40292,-0.03626
86932,0.43792,0.40292,-0.03626
86953,0.39760002,0.47754002,-0.049140003
86953,0.39760002,0.47754002,-0.049140003
86975,0.24024001,0.57694,-0.1659
86975,0.24024001,0.57694,-0.1659
86996,0.24024001,0.57694,-0.1659
86996,0.24024001,0.57694,-0.1659
87017,0.24024001,0.57694,-0.1659
87039,0.24024001,0.57694,-0.1659
87039,0.24024001,0.57694,-0.1659
87060,0.24024001,0.57694,-0.1659
87060,0.24024001,0.57694,-0.1659
87081,0.24024001,0.57694,-0.1659
87081,0.24024001,0.57694,-0.1659
87103,0.24024001,0.57694,-0.1659
87103,0.24024001,0.57694,-0.1659
87124,0.24024001,0.57694,-0.1659
87124,0.24024001,0.57694,-0.1659
87145,0.24024001,0.57694,-0.1659
87167,0.24024001,0.57694,-0.1659
87167,0.24024001,0.57694,-0.1659
87188,0.24024001,0.57694,-0.1659
87188,0.24024001,0.57694,-0.1659
87210,0.24024001,0.57694,-0.1659
87210,0.24024001,0.57694,-0.1659
87231,0.24024001,0.57694,-0.1659
87231,0.24024001,0.57694,-0.1659
87252,0.24024001,0.57694,-0.1659
87252,0.24024001,0.57694,-0.1659
87274,0.24024001,0.57694,-0.1659
87295,0.04634,0.47152,-0.33404002
87295,0.04634,0.47152,-0.33404002
87316,0.04634,0.47152,-0.33404002
87316,0.04634,0.47152,-0.33404002
87337,0.04634,0.47152,-0.33404002
87337,0.04634,0.47152,-0.33404002
87359,0.04634,0.47152,-0.33404002
87359,0.04634,0.47152,-0.33404002
87380,0.04634,0.47152,-0.33404002
87380,0.04634,0.47152,-0.33404002
87401,0.04634,0.47152,-0.33404002
87423,0.04634,0.47152,-0.33404002
87423,0.04634,0.47152,-0.33404002
87444,0.04634,0.47152,-0.33404002
87444,0.04634,0.47152,-0.33404002
87465,0.04634,0.47152,-0.33404002
87465,0.04634,0.47152,-0.33404002
87487,0.04634,0.47152,-0.33404002
87487,0.04634,0.47152,-0.33404002
87508,0.04634,0.47152,-0.33404002
87508,0.04634,0.47152,-0.33404002
87530,0.04634,0.47152,-0.33404002
87530,0.04634,0.47152,-0.33404002
87551,0.04634,0.47152,-0.33404002
87572,0.04634,0.47152,-0.33404002
87572,0.04634,0.47152,-0.33404002
87593,0.04634,0.47152,-0.33404002
87593,0.04634,0.47152,-0.33404002
87615,0.04634,0.47152,-0.33404002
87615,0.04634,0.47152,-0.33404002
87636,0.04634,0.47152,-0.33404002
87636,0.04634,0.47152,-0.33404002
87658,0.04634,0.47152,-0.33404002
87658,0.04634,0.47152,-0.33404002
87679,0.04634,0.47152,-0.33404002
87700,0.04634,0.47152,-0.33404002
87700,0.04634,0.47152,-0.33404002
87722,0.04634,0.47152,-0.33404002
87722,0.04634,0.47152,-0.33404002
87743,0.04634,0.47152,-0.33404002
87743,0.04634,0.47152,-0.33404002
87764,0.04634,0.47152,-0.33404002
87764,0.04634,0.47152,-0.33404002
87786,0.04634,0.47152,-0.33404002
87786,0.04634,0.47152,-0.33404002
87807,0.04634,0.47152,-0.33404002
87828,0.04634,0.47152,-0.33404002
87828,0.04634,0.47152,-0.33404002
87849,-0.0329,0.46648002,-0.30408
87849,-0.0329,0.46648002,-0.30408
87871,0.057540003,0.37758002,-0.37898
87871,0.057540003,0.37758002,-0.37898
87892,0.10654,0.37968,-0.37618002
87892,0.10654,0.37968,-0.37618002
87913,0.10654,0.37968,-0.37618002
87914,0.10654,0.37968,-0.37618002
87935,0.10654,0.37968,-0.37618002
87956,0.10654,0.37968,-0.37618002
87956,0.10654,0.37968,-0.37618002
87978,0.14868,0.36596,-0.38766
87978,0.14868,0.36596,-0.38766
87999,0.14868,0.36596,-0.38766
87999,0.14868,0.36596,-0.38766
88020,0.14868,0.36596,-0.38766
88020,0.14868,0.36596,-0.38766
88042,0.14868,0.36596,-0.38766
88042,0.14868,0.36596,-0.38766
88063,0.14868,0.36596,-0.38766
88084,0.14868,0.36596,-0.38766
88084,0.14868,0.36596,-0.38766
88105,0.14868,0.36596,-0.38766
88105,0.14868,0.36596,-0.38766
88127,0.14868,0.36596,-0.38766
88127,0.14868,0.36596,-0.38766
88148,0.34258002,0.19166,-0.28938
88148,0.34258002,0.19166,-0.28938
88169,0.34258002,0.19166,-0.28938
88170,0.34258002,0.19166,-0.28938
88191,0.38892,0.19684,-0.2576
88212,0.38892,0.19684,-0.2576
88212,0.38892,0.19684,-0.2576
88234,0.43582,0.2184,-0.1897
88234,0.43582,0.2184,-0.1897
88255,0.46424,0.25046,-0.114240006
88255,0.46424,0.25046,-0.114240006
88276,0.46424,0.25046,-0.114240006
88276,0.46424,0.25046,-0.114240006
88297,0.46368,0.315,-0.0651
88297,0.46368,0.315,-0.0651
88319,0.46060002,0.32802,-0.05376
88319,0.46060002,0.32802,-0.05376
88340,0.46060002,0.32802,-0.05376
88361,0.46060002,0.32802,-0.05376
88362,0.46060002,0.32802,-0.05376
88383,0.46060002,0.32802,-0.05376
88383,0.46060002,0.32802,-0.05376
88404,0.42042002,0.4305,-0.00742
88404,0.42042002,0.4305,-0.00742
88425,0.42042002,0.4305,-0.00742
88426,0.42042002,0.4305,-0.00742
88447,0.42042002,0.4305,-0.00742
88447,0.42042002,0.4305,-0.00742
88468,0.38346002,0.47306,-0.00028
88489,0.31416002,0.54292,-0.033040002
88490,0.31416002,0.54292,-0.033040002
88511,0.31416002,0.54292,-0.033040002
88511,0.31416002,0.54292,-0.033040002
88532,0.31416002,0.54292,-0.033040002
88532,0.31416002,0.54292,-0.033040002
88553,0.31416002,0.54292,-0.033040002
88554,0.31416002,0.54292,-0.033040002
88575,0.31416002,0.54292,-0.033040002
88575,0.31416002,0.54292,-0.033040002
88596,0.22316,0.58884,-0.12376
88617,0.16898,0.60242003,-0.13678001
88618,0.16898,0.60242003,-0.13678001
88639,0.16898,0.60242003,-0.13678001
88639,0.16898,0.60242003,-0.13678001
88660,0.16898,0.60242003,-0.13678001
88660,0.16898,0.60242003,-0.13678001
88682,0.16898,0.60242003,-0.13678001
88682,0.16898,0.60242003,-0.13678001
88703,0.1043,0.60732,-0.14098
88703,0.1043,0.60732,-0.14098
88724,0.1043,0.60732,-0.14098
88745,0.030240001,0.58856004,-0.16128
88746,0.030240001,0.58856004,-0.16128
88767,0.00896,0.57722,-0.17864001
88767,0.00896,0.57722,-0.17864001
88788,0.00896,0.57722,-0.17864001
88788,0.00896,0.57722,-0.17864001
88810,-0.0102200005,0.55734,-0.20888
88810,-0.0102200005,0.55734,-0.20888
88831,-0.0102200005,0.55734,-0.20888
88831,-0.0102200005,0.55734,-0.20888
88852,-0.0102200005,0.55734,-0.20888
88873,-0.0102200005,0.55734,-0.20888
88874,-0.0102200005,0.55734,-0.20888
88895,-0.0102200005,0.55734,-0.20888
88895,-0.0102200005,0.55734,-0.20888
88916,-0.0102200005,0.55734,-0.20888
88916,-0.0102200005,0.55734,-0.20888
88938,-0.0102200005,0.55734,-0.20888
88938,-0.0102200005,0.55734,-0.20888
88959,-0.0102200005,0.55734,-0.20888
88959,-0.0102200005,0.55734,-0.20888
88980,-0.0102200005,0.55734,-0.20888
89001,-0.0231,0.4704,-0.31654
89001,-0.0231,0.4704,-0.31654
89023,-0.015260001,0.44926003,-0.3255
89023,-0.015260001,0.44926003,-0.3255
89044,-0.00896,0.43806002,-0.33432
89044,-0.00896,0.43806002,-0.33432
89065,-0.00896,0.43806002,-0.33432
89065,-0.00896,0.43806002,-0.33432
89087,-0.00896,0.43806002,-0.33432
89087,-0.00896,0.43806002,-0.33432
89108,-0.00896,0.43806002,-0.33432
89129,-0.01344,0.41468,-0.35294002
89130,-0.01344,0.41468,-0.35294002
89151,0.03122,0.37744,-0.37464002
89151,0.03122,0.37744,-0.37464002
89172,0.03122,0.37744,-0.37464002
89172,0.03122,0.37744,-0.37464002
89194,0.033040002,0.37184,-0.38122
89194,0.033040002,0.37184,-0.38122
89215,0.033040002,0.37184,-0.38122
89215,0.033040002,0.37184,-0.38122
89236,0.057260003,0.36652002,-0.37758002
89236,0.057260003,0.36652002,-0.37758002
89257,0.057260003,0.36652002,-0.37758002
89279,0.09996,0.36148,-0.38234
89279,0.09996,0.36148,-0.38234
89300,0.09996,0.36148,-0.38234
89300,0.09996,0.36148,-0.38234
89321,0.12656,0.3479,-0.38542002
89321,0.12656,0.3479,-0.38542002
89343,0.16856,0.31822002,-0.38654
89343,0.16856,0.31822002,-0.38654
89364,0.16856,0.31822002,-0.38654
89364,0.16856,0.31822002,-0.38654
89386,0.16856,0.31822002,-0.38654
89407,0.21042001,0.29428002,-0.38122
89407,0.21042001,0.29428002,-0.38122
89428,0.2583,0.28476,-0.37156
89428,0.2583,0.28476,-0.37156
89449,0.2583,0.28476,-0.37156
89449,0.2583,0.28476,-0.37156
89471,0.32424,0.24836001,-0.32410002
89471,0.32424,0.24836001,-0.32410002
89492,0.32424,0.24836001,-0.32410002
89492,0.32424,0.24836001,-0.32410002
89513,0.32424,0.24836001,-0.32410002
89535,0.32424,0.24836001,-0.32410002
89535,0.32424,0.24836001,-0.32410002
89556,0.36736,0.19922,-0.28224
89556,0.36736,0.19922,-0.28224
89578,0.36736,0.19922,-0.28224
89578,0.36736,0.19922,-0.28224
89599,0.36736,0.19922,-0.28224
89599,0.36736,0.19922,-0.28224
89620,0.37114,0.18746,-0.28042
89620,0.37114,0.18746,-0.28042
89642,0.37982002,0.18802,-0.27006
89663,0.37982002,0.18802,-0.27006
89663,0.37982002,0.18802,-0.27006
89684,0.39354002,0.16226001,-0.23646
89684,0.39354002,0.16226001,-0.23646
89705,0.39354002,0.16226001,-0.23646
89706,0.39354002,0.16226001,-0.23646
89727,0.39424002,0.10444,-0.19432001
89727,0.39424002,0.10444,-0.19432001
89748,0.39676002,0.07756,-0.16716
89748,0.39676002,0.07756,-0.16716
89769,0.39676002,0.07756,-0.16716
89791,0.39676002,0.07756,-0.16716
89791,0.39676002,0.07756,-0.16716
89812,0.3675,0.03668,-0.1386
89812,0.3675,0.03668,-0.1386
89833,0.34356,0.00266,-0.08246
89834,0.34356,0.00266,-0.08246
89855,0.3045,-0.020720001,-0.05152
89855,0.3045,-0.020720001,-0.05152
89876,0.26866,-0.03668,-0.02912
89876,0.26866,-0.03668,-0.02912
89897,0.26866,-0.03668,-0.02912
89919,0.23142001,-0.041020002,0.00728
89919,0.23142001,-0.041020002,0.00728
89940,0.23142001,-0.041020002,0.00728
89940,0.23142001,-0.041020002,0.00728
89962,0.22078,-0.03444,0.03528
89962,0.22078,-0.03444,0.03528
89984,0.20636001,-0.0315,0.04424
89984,0.20636001,-0.0315,0.04424
90004,0.20636001,-0.0315,0.04424
90004,0.20636001,-0.0315,0.04424
90025,0.20636001,-0.0315,0.04424
90026,0.20636001,-0.0315,0.04424
90047,0.20636001,-0.0315,0.04424
90068,0.18536,-0.03192,0.05838
90068,0.18536,-0.03192,0.05838
90089,0.20594001,-0.02982,0.0504
90089,0.20594001,-0.02982,0.0504
90111,0.20594001,-0.02982,0.0504
90111,0.20594001,-0.02982,0.0504
90132,0.20594001,-0.02982,0.0504
90132,0.20594001,-0.02982,0.0504
90153,0.27622,-0.033040002,-0.01148
90154,0.27622,-0.033040002,-0.01148
90175,0.27622,-0.033040002,-0.01148
90196,0.32340002,-0.00784,-0.06762
90196,0.32340002,-0.00784,-0.06762
90217,0.32340002,-0.00784,-0.06762
90217,0.32340002,-0.00784,-0.06762
90239,0.35924,0.03458,-0.13440001
90239,0.35924,0.03458,-0.13440001
90260,0.35924,0.03458,-0.13440001
90260,0.35924,0.03458,-0.13440001
90281,0.38304,0.090720005,-0.21602
90282,0.38304,0.090720005,-0.21602
90303,0.38304,0.090720005,-0.21602
90324,0.37926,0.12544,-0.24094
90324,0.37926,0.12544,-0.24094
90345,0.37926,0.12544,-0.24094
90346,0.37926,0.12544,-0.24094
90367,0.35812002,0.20944001,-0.30072
90367,0.35812002,0.20944001,-0.30072
90388,0.35812002,0.20944001,-0.30072
90388,0.35812002,0.20944001,-0.30072
90410,0.35812002,0.20944001,-0.30072
90410,0.35812002,0.20944001,-0.30072
90431,0.35812002,0.20944001,-0.30072
90452,0.35812002,0.20944001,-0.30072
90452,0.35812002,0.20944001,-0.30072
90473,0.33376002,0.31458002,-0.32942
90473,0.33376002,0.31458002,-0.32942
90495,0.33376002,0.31458002,-0.32942
90495,0.33376002,0.31458002,-0.32942
90516,0.33376002,0.31458002,-0.32942
90516,0.33376002,0.31458002,-0.32942
90537,0.27916,0.37226,-0.34594002
90537,0.27916,0.37226,-0.34594002
90559,0.27916,0.37226,-0.34594002
90580,0.2667,0.40684,-0.34272
90580,0.2667,0.40684,-0.34272
90601,0.27356002,0.43386,-0.32312
90601,0.27356002,0.43386,-0.32312
90623,0.27356002,0.43386,-0.32312
90623,0.27356002,0.43386,-0.32312
90644,0.28,0.47726002,-0.28042
90644,0.28,0.47726002,-0.28042
90665,0.27286002,0.5166,-0.24668
90665,0.27286002,0.5166,-0.24668
90687,0.27286002,0.5166,-0.24668
90708,0.27286002,0.5166,-0.24668
90708,0.27286002,0.5166,-0.24668
90729,0.22764,0.55776,-0.23492001
90730,0.22764,0.55776,-0.23492001
90751,0.168,0.58156,-0.2072
90751,0.168,0.58156,-0.2072
90772,0.168,0.58156,-0.2072
90772,0.168,0.58156,-0.2072
90793,0.168,0.58156,-0.2072
90793,0.168,0.58156,-0.2072
90815,0.168,0.58156,-0.2072
90836,0.082880005,0.61502004,-0.1323
90836,0.082880005,0.61502004,-0.1323
90858,0.082880005,0.61502004,-0.1323
90858,0.082880005,0.61502004,-0.1323
90879,0.082880005,0.61502004,-0.1323
90879,0.082880005,0.61502004,-0.1323
90900,0.02604,0.6132,-0.07266
90900,0.02604,0.6132,-0.07266
90921,0.02604,0.6132,-0.07266
90922,0.02604,0.6132,-0.07266
90943,0.02604,0.6132,-0.07266
90943,0.02604,0.6132,-0.07266
90964,0.02604,0.6132,-0.07266
90985,0.01834,0.60382,-0.013300001
90985,0.01834,0.60382,-0.013300001
91007,0.01834,0.60382,-0.013300001
91007,0.01834,0.60382,-0.013300001
91028,0.020580001,0.59528,0.020860001
91028,0.020580001,0.59528,0.020860001
91049,0.020580001,0.59528,0.020860001
91050,0.020580001,0.59528,0.020860001
91071,0.05782,0.59528,0.03416
91071,0.05782,0.59528,0.03416
91092,0.093380004,0.60284,0.028
91113,0.093380004,0.60284,0.028
91114,0.093380004,0.60284,0.028
91135,0.093380004,0.60284,0.028
91135,0.093380004,0.60284,0.028
91156,0.093380004,0.60284,0.028
91156,0.093380004,0.60284,0.028
91179,0.22946,0.5999,-0.05166
91179,0.22946,0.5999,-0.05166
91199,0.22946,0.5999,-0.05166
91199,0.22946,0.5999,-0.05166
91220,0.22946,0.5999,-0.05166
91241,0.22946,0.5999,-0.05166
91242,0.22946,0.5999,-0.05166
91263,0.22946,0.5999,-0.05166
91263,0.22946,0.5999,-0.05166
91284,0.259,0.49406,-0.2884
91284,0.259,0.49406,-0.2884
91306,0.259,0.49406,-0.2884
91306,0.259,0.49406,-0.2884
91327,0.23086001,0.45878002,-0.33278
91327,0.23086001,0.45878002,-0.33278
91348,0.19614,0.4242,-0.35392
91369,0.19614,0.4242,-0.35392
91369,0.19614,0.4242,-0.35392
91391,0.16520001,0.4032,-0.37604
91391,0.16520001,0.4032,-0.37604
91412,0.16520001,0.4032,-0.37604
91412,0.16520001,0.4032,-0.37604
91433,0.16520001,0.4032,-0.37604
91434,0.16520001,0.4032,-0.37604
91455,0.16520001,0.4032,-0.37604
91455,0.16520001,0.4032,-0.37604
91476,0.16520001,0.4032,-0.37604
91498,0.13958,0.33068,-0.39200002
91498,0.13958,0.33068,-0.39200002
91519,0.12138,0.30814,-0.38976002
91519,0.12138,0.30814,-0.38976002
91540,0.12138,0.30814,-0.38976002
91540,0.12138,0.30814,-0.38976002
91562,0.10248,0.28868002,-0.4018
91562,0.10248,0.28868002,-0.4018
91583,0.10248,0.28868002,-0.4018
91583,0.10248,0.28868002,-0.4018
91604,0.089880005,0.27580002,-0.40138
91625,0.09436,0.28014,-0.39760002
91626,0.09436,0.28014,-0.39760002
91647,0.09436,0.28014,-0.39760002
91647,0.09436,0.28014,-0.39760002
91668,0.09436,0.28014,-0.39760002
91668,0.09436,0.28014,-0.39760002
91689,0.09436,0.28014,-0.39760002
91690,0.09436,0.28014,-0.39760002
91711,0.13818,0.28210002,-0.38878
91711,0.13818,0.28210002,-0.38878
91732,0.13818,0.28210002,-0.38878
91732,0.13818,0.28210002,-0.38878
91753,0.13608,0.27398002,-0.39970002
91775,0.13202,0.25886,-0.39816
91775,0.13202,0.25886,-0.39816
91796,0.13202,0.25886,-0.39816
91796,0.13202,0.25886,-0.39816
91817,0.13146,0.23366001,-0.39634
91818,0.13146,0.23366001,-0.39634
91839,0.13146,0.23366001,-0.39634
91839,0.13146,0.23366001,-0.39634
91860,0.1533,0.18326001,-0.38374
91860,0.1533,0.18326001,-0.38374
91881,0.1533,0.18326001,-0.38374
91903,0.2709,0.090720005,-0.28910002
91903,0.2709,0.090720005,-0.28910002
91924,0.2709,0.090720005,-0.28910002
91924,0.2709,0.090720005,-0.28910002
91945,0.2933,0.07322,-0.2709
91946,0.2933,0.07322,-0.2709
91967,0.30996,0.048720002,-0.2289
91967,0.30996,0.048720002,-0.2289
91988,0.30996,0.048720002,-0.2289
91989,0.30996,0.048720002,-0.2289
92009,0.32466,0.028280001,-0.17542
92031,0.32466,0.028280001,-0.17542
92031,0.32466,0.028280001,-0.17542
92052,0.32466,0.028280001,-0.17542
92052,0.32466,0.028280001,-0.17542
92073,0.34888002,0.01302,-0.06944
92074,0.34888002,0.01302,-0.06944
92095,0.34888002,0.01302,-0.06944
92095,0.34888002,0.01302,-0.06944
92116,0.35112,0.01806,-0.057260003
92116,0.35112,0.01806,-0.057260003
92137,0.35112,0.01806,-0.057260003
92159,0.35112,0.01806,-0.057260003
92159,0.35112,0.01806,-0.057260003
92180,0.39242002,0.05838,-0.10626
92180,0.39242002,0.05838,-0.10626
92201,0.40698,0.08918,-0.13706
92201,0.40698,0.08918,-0.13706
92223,0.40698,0.08918,-0.13706
92223,0.40698,0.08918,-0.13706
92244,0.40698,0.08918,-0.13706
92244,0.40698,0.08918,-0.13706
92265,0.40698,0.08918,-0.13706
92287,0.40306002,0.16338,-0.22512001
92287,0.40306002,0.16338,-0.22512001
92308,0.40306002,0.16338,-0.22512001
92308,0.40306002,0.16338,-0.22512001
92329,0.36806002,0.19054,-0.27916
92329,0.36806002,0.19054,-0.27916
92351,0.33138,0.21168001,-0.3192
92351,0.33138,0.21168001,-0.3192
92372,0.33138,0.21168001,-0.3192
92372,0.33138,0.21168001,-0.3192
92394,0.29722002,0.24010001,-0.35336
92415,0.29722002,0.24010001,-0.35336
92415,0.29722002,0.24010001,-0.35336
92436,0.28728,0.25788,-0.35140002
92436,0.28728,0.25788,-0.35140002
92457,0.28728,0.25788,-0.35140002
92458,0.28728,0.25788,-0.35140002
92479,0.27804002,0.26502,-0.35728002
92479,0.27804002,0.26502,-0.35728002
92500,0.27804002,0.26502,-0.35728002
92500,0.27804002,0.26502,-0.35728002
92522,0.23506,0.30282,-0.37534
92543,0.23506,0.30282,-0.37534
92543,0.23506,0.30282,-0.37534
92564,0.23506,0.30282,-0.37534
92564,0.23506,0.30282,-0.37534
92585,0.22652,0.31612,-0.37366
92585,0.22652,0.31612,-0.37366
92607,0.21994,0.32970002,-0.38458002
92607,0.21994,0.32970002,-0.38458002
92628,0.20972,0.35378,-0.3808
92628,0.20972,0.35378,-0.3808
92649,0.20972,0.35378,-0.3808
92650,0.20972,0.35378,-0.3808
92671,0.21336001,0.39886,-0.37086
92692,0.21336001,0.39886,-0.37086
92692,0.21336001,0.39886,-0.37086
92713,0.20496,0.43400002,-0.35644
92713,0.20496,0.43400002,-0.35644
92735,0.20496,0.43400002,-0.35644
92735,0.20496,0.43400002,-0.35644
92756,0.20496,0.43400002,-0.35644
92756,0.20496,0.43400002,-0.35644
92777,0.15708001,0.50162,-0.3255
92777,0.15708001,0.50162,-0.3255
92799,0.15708001,0.50162,-0.3255
92820,0.12894,0.53172004,-0.29932
92820,0.12894,0.53172004,-0.29932
92841,0.105560005,0.56518,-0.2597
92842,0.105560005,0.56518,-0.2597
92863,0.105560005,0.56518,-0.2597
92863,0.105560005,0.56518,-0.2597
92884,0.08456,0.58296,-0.21630001
92884,0.08456,0.58296,-0.21630001
92905,0.08456,0.58296,-0.21630001
92906,0.08456,0.58296,-0.21630001
92927,0.05978,0.59598,-0.18872
92948,0.04228,0.60956,-0.15008001
92948,0.04228,0.60956,-0.15008001
92969,0.04228,0.60956,-0.15008001
92970,0.04228,0.60956,-0.15008001
92991,0.056840003,0.61054003,-0.10402
92991,0.056840003,0.61054003,-0.10402
93012,0.07112,0.6146,-0.07252
93012,0.07112,0.6146,-0.07252
93033,0.07112,0.6146,-0.07252
93034,0.07112,0.6146,-0.07252
93055,0.07112,0.6146,-0.07252
93076,0.0952,0.61516,-0.045500003
93076,0.0952,0.61516,-0.045500003
93097,0.13342,0.60718,-0.00588
93098,0.13342,0.60718,-0.00588
93119,0.13342,0.60718,-0.00588
93119,0.13342,0.60718,-0.00588
93140,0.13342,0.60718,-0.00588
93140,0.13342,0.60718,-0.00588
93162,0.13342,0.60718,-0.00588
93162,0.13342,0.60718,-0.00588
93183,0.13342,0.60718,-0.00588
93204,0.13342,0.60718,-0.00588
93204,0.13342,0.60718,-0.00588
93225,0.23324001,0.51128,0.14140001
93226,0.23324001,0.51128,0.14140001
93247,0.23324001,0.51128,0.14140001
93247,0.23324001,0.51128,0.14140001
93268,0.25214002,0.48020002,0.16744
93268,0.25214002,0.48020002,0.16744
93289,0.25242,0.4417,0.19222
93290,0.25242,0.4417,0.19222
93311,0.24486001,0.4081,0.21126
93332,0.24486001,0.4081,0.21126
93332,0.24486001,0.4081,0.21126
93354,0.24486001,0.4081,0.21126
93354,0.24486001,0.4081,0.21126
93375,0.24486001,0.4081,0.21126
93375,0.24486001,0.4081,0.21126
93396,0.24486001,0.4081,0.21126
93396,0.24486001,0.4081,0.21126
93417,0.26866,0.36092,0.22596
93418,0.26866,0.36092,0.22596
93439,0.33894,0.28714,0.19768001
93439,0.33894,0.28714,0.19768001
93460,0.3815,0.24752,0.1491
93481,0.3815,0.24752,0.1491
93481,0.3815,0.24752,0.1491
93503,0.42098,0.20482,0.097440004
93503,0.42098,0.20482,0.097440004
93524,0.441,0.18004,0.04214
93524,0.441,0.18004,0.04214
93545,0.441,0.18004,0.04214
93546,0.441,0.18004,0.04214
93567,0.45136002,0.16604,0.00966
93567,0.45136002,0.16604,0.00966
93588,0.45136002,0.16604,0.00966
93609,0.45514002,0.14742,-0.0658
93610,0.45514002,0.14742,-0.0658
93631,0.45514002,0.14742,-0.0658
93631,0.45514002,0.14742,-0.0658
93652,0.44506,0.1498,-0.15848
93652,0.44506,0.1498,-0.15848
93674,0.44506,0.1498,-0.15848
93674,0.44506,0.1498,-0.15848
93695,0.44506,0.1498,-0.15848
93695,0.44506,0.1498,-0.15848
93716,0.44506,0.1498,-0.15848
93738,0.35084,0.15512,-0.30338
93738,0.35084,0.15512,-0.30338
93759,0.35084,0.15512,-0.30338
93759,0.35084,0.15512,-0.30338
93780,0.35084,0.15512,-0.30338
93780,0.35084,0.15512,-0.30338
93802,0.35084,0.15512,-0.30338
93802,0.35084,0.15512,-0.30338
93823,0.35084,0.15512,-0.30338
93823,0.35084,0.15512,-0.30338
93844,0.10542,0.13272001,-0.35644
93865,0.05404,0.12922001,-0.3479
93865,0.05404,0.12922001,-0.3479
93887,0.05404,0.12922001,-0.3479
93887,0.05404,0.12922001,-0.3479
93908,0.02114,0.13552,-0.33418
93908,0.02114,0.13552,-0.33418
93929,0.02114,0.13552,-0.33418
93930,0.02114,0.13552,-0.33418
93951,0.01106,0.13398,-0.33138
93951,0.01106,0.13398,-0.33138
93972,0.01106,0.13398,-0.33138
93993,-0.020860001,0.1491,-0.32704002
93994,-0.020860001,0.1491,-0.32704002
94015,-0.020860001,0.1491,-0.32704002
94015,-0.020860001,0.1491,-0.32704002
94036,-0.020860001,0.1491,-0.32704002
94036,-0.020860001,0.1491,-0.32704002
94058,-0.03892,0.15932,-0.31458002
94058,-0.03892,0.15932,-0.31458002
94079,-0.03892,0.15932,-0.31458002
94079,-0.03892,0.15932,-0.31458002
94100,-0.045360003,0.16044,-0.31766
94121,-0.045360003,0.16044,-0.31766
94122,-0.045360003,0.16044,-0.31766
94143,-0.01078,0.14224,-0.32606
94143,-0.01078,0.14224,-0.32606
94164,-0.01078,0.14224,-0.32606
94164,-0.01078,0.14224,-0.32606
94185,-0.01078,0.14224,-0.32606
94186,-0.01078,0.14224,-0.32606
94207,-0.01078,0.14224,-0.32606
94207,-0.01078,0.14224,-0.32606
94228,-0.01078,0.14224,-0.32606
94249,0.0063,0.13384001,-0.33264002
94250,0.0063,0.13384001,-0.33264002
94271,0.0063,0.13384001,-0.33264002
94271,0.0063,0.13384001,-0.33264002
94292,0.0063,0.13384001,-0.33264002
94292,0.0063,0.13384001,-0.33264002
94313,0.0063,0.13384001,-0.33264002
94313,0.0063,0.13384001,-0.33264002
94335,0.0063,0.13384001,-0.33264002
94335,0.0063,0.13384001,-0.33264002
94356,0.17976001,0.43106002,-0.3598
94356,0.17976001,0.43106002,-0.3598
94377,0.17976001,0.43106002,-0.3598
94399,0.17976001,0.43106002,-0.3598
94399,0.17976001,0.43106002,-0.3598
94420,0.17976001,0.43106002,-0.3598
94420,0.17976001,0.43106002,-0.3598
94441,0.17976001,0.43106002,-0.3598
94442,0.17976001,0.43106002,-0.3598
94463,0.17276001,0.54292,-0.27398002
94463,0.17276001,0.54292,-0.27398002
94484,0.17276001,0.54292,-0.27398002
94484,0.17276001,0.54292,-0.27398002
94506,0.17276001,0.54292,-0.27398002
94527,0.17276001,0.54292,-0.27398002
94527,0.17276001,0.54292,-0.27398002
94548,0.12964,0.55300003,-0.25620002
94548,0.12964,0.55300003,-0.25620002
94569,0.090160005,0.55216,-0.26586002
94570,0.090160005,0.55216,-0.26586002
94591,0.062580004,0.55468,-0.24962
94591,0.062580004,0.55468,-0.24962
94612,0.062580004,0.55468,-0.24962
94612,0.062580004,0.55468,-0.24962
94633,0.05138,0.55496,-0.24388
94655,0.05138,0.55496,-0.24388
94655,0.05138,0.55496,-0.24388
94676,0.05138,0.55496,-0.24388
94676,0.05138,0.55496,-0.24388
94697,0.05138,0.55496,-0.24388
94697,0.05138,0.55496,-0.24388
94719,0.05138,0.55496,-0.24388
94719,0.05138,0.55496,-0.24388
94740,0.05138,0.55496,-0.24388
94740,0.05138,0.55496,-0.24388
94762,0.05138,0.55496,-0.24388
94783,-0.01904,0.57722,-0.15204
94783,-0.01904,0.57722,-0.15204
94804,-0.045080002,0.574,-0.066640005
94804,-0.045080002,0.574,-0.066640005
94825,-0.045080002,0.574,-0.066640005
94825,-0.045080002,0.574,-0.066640005
94847,-0.045080002,0.574,-0.066640005
94847,-0.045080002,0.574,-0.066640005
94868,-0.045080002,0.574,-0.066640005
94868,-0.045080002,0.574,-0.066640005
94889,-0.045080002,0.574,-0.066640005
94911,-0.04228,0.57526004,-0.05138
94911,-0.04228,0.57526004,-0.05138
94932,-0.04228,0.57526004,-0.05138
94932,-0.04228,0.57526004,-0.05138
94954,-0.04228,0.57526004,-0.05138
94954,-0.04228,0.57526004,-0.05138
94975,-0.04228,0.57526004,-0.05138
94975,-0.04228,0.57526004,-0.05138
94996,-0.04228,0.57526004,-0.05138
94996,-0.04228,0.57526004,-0.05138
95017,-0.04228,0.57526004,-0.05138
95039,-0.04228,0.57526004,-0.05138
95039,-0.04228,0.57526004,-0.05138
95060,-0.04228,0.57526004,-0.05138
95060,-0.04228,0.57526004,-0.05138
95081,-0.04228,0.57526004,-0.05138
95082,-0.04228,0.57526004,-0.05138
95103,-0.04228,0.57526004,-0.05138
95103,-0.04228,0.57526004,-0.05138
95124,-0.04228,0.57526004,-0.05138
95124,-0.04228,0.57526004,-0.05138
95145,-0.04228,0.57526004,-0.05138
95146,-0.04228,0.57526004,-0.05138
95167,-0.04228,0.57526004,-0.05138
95188,-0.04228,0.57526004,-0.05138
95188,-0.04228,0.57526004,-0.05138
95209,-0.04228,0.57526004,-0.05138
95210,-0.04228,0.57526004,-0.05138
95231,-0.04228,0.57526004,-0.05138
95231,-0.04228,0.57526004,-0.05138
95252,-0.04228,0.57526004,-0.05138
95252,-0.04228,0.57526004,-0.05138
95273,0.45976,0.36232,-0.08498
95274,0.45976,0.36232,-0.08498
95295,0.45234,0.3563,-0.14784001
95316,0.45234,0.3563,-0.14784001
95316,0.45234,0.3563,-0.14784001
95338,0.45234,0.3563,-0.14784001
95338,0.45234,0.3563,-0.14784001
95359,0.38584,0.35770002,-0.27384
95359,0.38584,0.35770002,-0.27384
95380,0.38584,0.35770002,-0.27384
95380,0.38584,0.35770002,-0.27384
95401,0.35322002,0.34496,-0.30926
95402,0.35322002,0.34496,-0.30926
95423,0.35322002,0.34496,-0.30926
95444,0.31066,0.33222002,-0.35154
95444,0.31066,0.33222002,-0.35154
95465,0.31066,0.33222002,-0.35154
95466,0.31066,0.33222002,-0.35154
95487,0.31066,0.33222002,-0.35154
95487,0.31066,0.33222002,-0.35154
95508,0.31066,0.33222002,-0.35154
95508,0.31066,0.33222002,-0.35154
95529,0.31066,0.33222002,-0.35154
95530,0.31066,0.33222002,-0.35154
95551,0.31066,0.33222002,-0.35154
95572,0.31066,0.33222002,-0.35154
95572,0.31066,0.33222002,-0.35154
95593,0.22092001,0.28756002,-0.38318002
95594,0.22092001,0.28756002,-0.38318002
95615,0.22092001,0.28756002,-0.38318002
95615,0.22092001,0.28756002,-0.38318002
95636,0.20524001,0.2737,-0.39564002
95636,0.20524001,0.2737,-0.39564002
95657,0.20524001,0.2737,-0.39564002
95658,0.20524001,0.2737,-0.39564002
95679,0.17948,0.25998,-0.39564002
95700,0.17948,0.25998,-0.39564002
95700,0.17948,0.25998,-0.39564002
95721,0.19026001,0.252,-0.39172
95721,0.19026001,0.252,-0.39172
95743,0.19026001,0.252,-0.39172
95743,0.19026001,0.252,-0.39172
95764,0.19026001,0.252,-0.39172
95764,0.19026001,0.252,-0.39172
95786,0.19026001,0.252,-0.39172
95786,0.19026001,0.252,-0.39172
95807,0.24206,0.2247,-0.3738
95828,0.24206,0.2247,-0.3738
95828,0.24206,0.2247,-0.3738
95849,0.24206,0.2247,-0.3738
95849,0.24206,0.2247,-0.3738
95871,0.34524,0.23618001,-0.30618
95871,0.34524,0.23618001,-0.30618
95892,0.34524,0.23618001,-0.30618
95892,0.34524,0.23618001,-0.30618
95913,0.45584002,0.26306,-0.13482
95914,0.45584002,0.26306,-0.13482
95935,0.46914002,0.28672,-0.06888
95956,0.46914002,0.28672,-0.06888
95956,0.46914002,0.28672,-0.06888
95977,0.46914002,0.28672,-0.06888
95977,0.46914002,0.28672,-0.06888
95999,0.45682,0.34566,-0.041440003
95999,0.45682,0.34566,-0.041440003
96020,0.45682,0.34566,-0.041440003
96020,0.45682,0.34566,-0.041440003
96042,0.45682,0.34566,-0.041440003
96042,0.45682,0.34566,-0.041440003
96063,0.45682,0.34566,-0.041440003
96063,0.45682,0.34566,-0.041440003
96084,0.45682,0.34566,-0.041440003
96105,0.45682,0.34566,-0.041440003
96106,0.45682,0.34566,-0.041440003
96127,0.45682,0.34566,-0.041440003
96127,0.45682,0.34566,-0.041440003
96148,0.45682,0.34566,-0.041440003
96148,0.45682,0.34566,-0.041440003
96169,0.45682,0.34566,-0.041440003
96169,0.45682,0.34566,-0.041440003
96191,0.45682,0.34566,-0.041440003
96191,0.45682,0.34566,-0.041440003
96212,0.45682,0.34566,-0.041440003
96233,0.45682,0.34566,-0.041440003
96233,0.45682,0.34566,-0.041440003
96255,0.45682,0.34566,-0.041440003
96255,0.45682,0.34566,-0.041440003
96276,0.45682,0.34566,-0.041440003
96276,0.45682,0.34566,-0.041440003
96297,0.45682,0.34566,-0.041440003
96297,0.45682,0.34566,-0.041440003
96319,0.25886,0.5852,-0.075320005
96319,0.25886,0.5852,-0.075320005
96340,0.25886,0.5852,-0.075320005
96361,0.27538002,0.57946,-0.102620006
96362,0.27538002,0.57946,-0.102620006
96383,0.27538002,0.57946,-0.102620006
96383,0.27538002,0.57946,-0.102620006
96404,0.28504002,0.56574,-0.14658001
96404,0.28504002,0.56574,-0.14658001
96425,0.28504002,0.56574,-0.14658001
96426,0.28504002,0.56574,-0.14658001
96447,0.30254,0.5362,-0.18900001
96447,0.30254,0.5362,-0.18900001
96468,0.3143,0.5187,-0.21112001
96490,0.3143,0.5187,-0.21112001
96490,0.3143,0.5187,-0.21112001
96511,0.3143,0.5187,-0.21112001
96511,0.3143,0.5187,-0.21112001
96532,0.32578,0.48258,-0.23996
96532,0.32578,0.48258,-0.23996
96553,0.33208,0.48762003,-0.22904001
96554,0.33208,0.48762003,-0.22904001
96575,0.33208,0.48762003,-0.22904001
96575,0.33208,0.48762003,-0.22904001
96596,0.34356,0.50596,-0.18816
96617,0.34356,0.50596,-0.18816
96617,0.34356,0.50596,-0.18816
96639,0.34356,0.50596,-0.18816
96639,0.34356,0.50596,-0.18816
96660,0.34356,0.50596,-0.18816
96660,0.34356,0.50596,-0.18816
96681,0.37968,0.48650002,-0.14742
96682,0.37968,0.48650002,-0.14742
96703,0.3906,0.48146,-0.11186
96703,0.3906,0.48146,-0.11186
96724,0.3906,0.48146,-0.11186
96745,0.3906,0.48146,-0.11186
96746,0.3906,0.48146,-0.11186
96767,0.39172,0.48258,-0.101780005
96767,0.39172,0.48258,-0.101780005
96788,0.39816,0.47992,-0.108500004
96788,0.39816,0.47992,-0.108500004
96809,0.40026,0.47264,-0.1225
96810,0.40026,0.47264,-0.1225
96831,0.40026,0.47264,-0.1225
96831,0.40026,0.47264,-0.1225
96852,0.40026,0.47264,-0.1225
96852,0.40026,0.47264,-0.1225
96873,0.40026,0.47264,-0.1225
96895,0.40026,0.47264,-0.1225
96895,0.40026,0.47264,-0.1225
96916,0.40026,0.47264,-0.1225
96916,0.40026,0.47264,-0.1225
96938,0.35196,0.40796,-0.28546
96938,0.35196,0.40796,-0.28546
96959,0.35196,0.40796,-0.28546
96959,0.35196,0.40796,-0.28546
96980,0.35196,0.40796,-0.28546
96980,0.35196,0.40796,-0.28546
97001,0.35196,0.40796,-0.28546
97023,0.28098002,0.36918002,-0.35224
97023,0.28098002,0.36918002,-0.35224
97044,0.28098002,0.36918002,-0.35224
97044,0.28098002,0.36918002,-0.35224
97065,0.28098002,0.36918002,-0.35224
97066,0.28098002,0.36918002,-0.35224
97087,0.25326002,0.39956,-0.35392
97087,0.25326002,0.39956,-0.35392
97108,0.25326002,0.39956,-0.35392
97108,0.25326002,0.39956,-0.35392
97129,0.25326002,0.39956,-0.35392
97151,0.25550002,0.44324002,-0.3409
97151,0.25550002,0.44324002,-0.3409
97172,0.24010001,0.46942002,-0.3199
97172,0.24010001,0.46942002,-0.3199
97193,0.24010001,0.46942002,-0.3199
97194,0.24010001,0.46942002,-0.3199
97215,0.17934,0.5173,-0.31584
97215,0.17934,0.5173,-0.31584
97236,0.17934,0.5173,-0.31584
97236,0.17934,0.5173,-0.31584
97257,0.17934,0.5173,-0.31584
97279,0.17934,0.5173,-0.31584
97279,0.17934,0.5173,-0.31584
97300,0.17934,0.5173,-0.31584
97300,0.17934,0.5173,-0.31584
97321,0.15190001,0.47684002,-0.35168
97322,0.15190001,0.47684002,-0.35168
97343,0.15190001,0.47684002,-0.35168
97343,0.15190001,0.47684002,-0.35168
97364,0.15190001,0.47684002,-0.35168
97364,0.15190001,0.47684002,-0.35168
97385,0.15190001,0.47684002,-0.35168
97407,0.15190001,0.47684002,-0.35168
97407,0.15190001,0.47684002,-0.35168
97428,0.15190001,0.47684002,-0.35168
97428,0.15190001,0.47684002,-0.35168
97449,0.15190001,0.47684002,-0.35168
97450,0.15190001,0.47684002,-0.35168
97471,0.15190001,0.47684002,-0.35168
97471,0.15190001,0.47684002,-0.35168
97492,0.16114001,0.41048002,-0.37254
97492,0.16114001,0.41048002,-0.37254
97513,0.16114001,0.41048002,-0.37254
97535,0.33852002,0.20034,-0.315
97535,0.33852002,0.20034,-0.315
97556,0.33852002,0.20034,-0.315
97556,0.33852002,0.20034,-0.315
97578,0.33852002,0.20034,-0.315
97578,0.33852002,0.20034,-0.315
97599,0.33852002,0.20034,-0.315
97599,0.33852002,0.20034,-0.315
97620,0.3668,0.077700004,-0.20972
97620,0.3668,0.077700004,-0.20972
97642,0.36554,0.052640002,-0.17752
97663,0.36554,0.052640002,-0.17752
97663,0.36554,0.052640002,-0.17752
97684,0.35840002,0.02702,-0.121800005
97684,0.35840002,0.02702,-0.121800005
97705,0.36428002,0.024360001,-0.03556
97706,0.36428002,0.024360001,-0.03556
97727,0.36428002,0.024360001,-0.03556
97727,0.36428002,0.024360001,-0.03556
97748,0.36428002,0.024360001,-0.03556
97748,0.36428002,0.024360001,-0.03556
97769,0.35056,0.09632,0.12782
97769,0.35056,0.09632,0.12782
97791,0.35056,0.09632,0.12782
97812,0.34804,0.1505,0.15624
97812,0.34804,0.1505,0.15624
97833,0.34804,0.1505,0.15624
97833,0.34804,0.1505,0.15624
97855,0.34874,0.22764,0.19404
97855,0.34874,0.22764,0.19404
97876,0.34874,0.22764,0.19404
97876,0.34874,0.22764,0.19404
97897,0.34874,0.22764,0.19404
97898,0.34874,0.22764,0.19404
97919,0.34874,0.22764,0.19404
97940,0.33068,0.30226,0.19922
97940,0.33068,0.30226,0.19922
97961,0.33068,0.30226,0.19922
97962,0.33068,0.30226,0.19922
97983,0.33068,0.30226,0.19922
97983,0.33068,0.30226,0.19922
98004,0.33068,0.30226,0.19922
98004,0.33068,0.30226,0.19922
98025,0.33068,0.30226,0.19922
98026,0.33068,0.30226,0.19922
98047,0.33068,0.30226,0.19922
98068,0.33068,0.30226,0.19922
98068,0.33068,0.30226,0.19922
98089,0.33068,0.30226,0.19922
98090,0.33068,0.30226,0.19922
98111,0.33068,0.30226,0.19922
98111,0.33068,0.30226,0.19922
98132,0.17500001,0.59528,0.01554
98132,0.17500001,0.59528,0.01554
98153,0.17500001,0.59528,0.01554
98154,0.17500001,0.59528,0.01554
98175,0.17500001,0.59528,0.01554
98196,0.17500001,0.59528,0.01554
98196,0.17500001,0.59528,0.01554
98217,0.17500001,0.59528,0.01554
98218,0.17500001,0.59528,0.01554
98239,0.12502,0.6153,-0.048580002
98239,0.12502,0.6153,-0.048580002
98260,0.12502,0.6153,-0.048580002
98260,0.12502,0.6153,-0.048580002
98281,0.11816,0.61348003,-0.05922
98282,0.11816,0.61348003,-0.05922
98303,0.11816,0.61348003,-0.05922
98324,0.11816,0.61348003,-0.05922
98324,0.11816,0.61348003,-0.05922
98345,0.11816,0.61348003,-0.05922
98346,0.11816,0.61348003,-0.05922
98367,0.11816,0.61348003,-0.05922
98367,0.11816,0.61348003,-0.05922
98388,0.11816,0.61348003,-0.05922
98388,0.11816,0.61348003,-0.05922
98409,0.11816,0.61348003,-0.05922
98410,0.11816,0.61348003,-0.05922
98431,0.04018,0.60368,-0.03528
98452,0.02548,0.59626,-0.0196
98452,0.02548,0.59626,-0.0196
98473,0.02548,0.59626,-0.0196
98473,0.02548,0.59626,-0.0196
98495,0.02548,0.59626,-0.0196
98495,0.02548,0.59626,-0.0196
98516,0.05502,0.58912003,0.014
98516,0.05502,0.58912003,0.014
98538,0.05502,0.58912003,0.014
98538,0.05502,0.58912003,0.014
98559,0.05502,0.58912003,0.014
98559,0.05502,0.58912003,0.014
98580,0.05502,0.58912003,0.014
98601,0.05502,0.58912003,0.014
98602,0.05502,0.58912003,0.014
98623,0.05502,0.58912003,0.014
98623,0.05502,0.58912003,0.014
98644,0.05502,0.58912003,0.014
98644,0.05502,0.58912003,0.014
98665,0.124460004,0.5439,0.1246
98665,0.124460004,0.5439,0.1246
98687,0.124460004,0.5439,0.1246
98687,0.124460004,0.5439,0.1246
98708,0.124460004,0.5439,0.1246
98729,0.124460004,0.5439,0.1246
98730,0.124460004,0.5439,0.1246
98751,0.14686,0.45738003,0.21252
98751,0.14686,0.45738003,0.21252
98772,0.17388001,0.3745,0.23842001
98772,0.17388001,0.3745,0.23842001
98793,0.17388001,0.3745,0.23842001
98794,0.17388001,0.3745,0.23842001
98815,0.16758001,0.3318,0.2541
98815,0.16758001,0.3318,0.2541
98836,0.16758001,0.3318,0.2541
98858,0.14224,0.30716002,0.25186
98858,0.14224,0.30716002,0.25186
98879,0.14224,0.30716002,0.25186
98879,0.14224,0.30716002,0.25186
98900,0.14224,0.30716002,0.25186
98900,0.14224,0.30716002,0.25186
98921,0.14224,0.30716002,0.25186
98922,0.14224,0.30716002,0.25186
98943,0.14224,0.30716002,0.25186
98943,0.14224,0.30716002,0.25186
98964,0.14224,0.30716002,0.25186
98985,0.03276,0.20286001,0.22596
98986,0.03276,0.20286001,0.22596
99007,0.03276,0.20286001,0.22596
99007,0.03276,0.20286001,0.22596
99028,0.03276,0.20286001,0.22596
99028,0.03276,0.20286001,0.22596
99049,0.03276,0.20286001,0.22596
99049,0.03276,0.20286001,0.22596
99071,0.03276,0.20286001,0.22596
99071,0.03276,0.20286001,0.22596
99092,-0.02772,0.112,0.16142
99113,-0.02772,0.112,0.16142
99114,-0.02772,0.112,0.16142
99135,-0.02772,0.112,0.16142
99135,-0.02772,0.112,0.16142
99156,-0.02772,0.112,0.16142
99156,-0.02772,0.112,0.16142
99177,-0.02772,0.112,0.16142
99177,-0.02772,0.112,0.16142
99199,-0.02772,0.112,0.16142
99199,-0.02772,0.112,0.16142
99220,-0.02772,0.112,0.16142
99241,-0.02772,0.112,0.16142
99241,-0.02772,0.112,0.16142
99263,-0.02772,0.112,0.16142
99263,-0.02772,0.112,0.16142
99284,-0.01092,0.00056,0.035
99284,-0.01092,0.00056,0.035
99305,-0.01092,0.00056,0.035
99305,-0.01092,0.00056,0.035
99327,-0.01092,0.00056,0.035
99327,-0.01092,0.00056,0.035
99348,0.09142,-0.0518,0.00224
99369,0.09142,-0.0518,0.00224
99369,0.09142,-0.0518,0.00224
99391,0.13538,-0.06776,-0.08022
99391,0.13538,-0.06776,-0.08022
99412,0.13538,-0.06776,-0.08022
99412,0.13538,-0.06776,-0.08022
99433,0.13538,-0.06776,-0.08022
99433,0.13538,-0.06776,-0.08022
99455,0.13538,-0.06776,-0.08022
99455,0.13538,-0.06776,-0.08022
99476,0.13538,-0.06776,-0.08022
99476,0.13538,-0.06776,-0.08022
99497,0.13538,-0.06776,-0.08022
99519,0.18382001,-0.063420005,-0.109340005
99519,0.18382001,-0.063420005,-0.109340005
99540,0.18382001,-0.063420005,-0.109340005
99540,0.18382001,-0.063420005,-0.109340005
99561,0.18382001,-0.063420005,-0.109340005
99561,0.18382001,-0.063420005,-0.109340005
99583,0.18382001,-0.063420005,-0.109340005
99583,0.18382001,-0.063420005,-0.109340005
99604,0.18382001,-0.063420005,-0.109340005
99604,0.18382001,-0.063420005,-0.109340005
99626,0.18382001,-0.063420005,-0.109340005
99647,0.18382001,-0.063420005,-0.109340005
99647,0.18382001,-0.063420005,-0.109340005
99668,0.18382001,-0.063420005,-0.109340005
99668,0.18382001,-0.063420005,-0.109340005
99689,0.18382001,-0.063420005,-0.109340005
99689,0.18382001,-0.063420005,-0.109340005
99711,0.18382001,-0.063420005,-0.109340005
99711,0.18382001,-0.063420005,-0.109340005
99732,0.18382001,-0.063420005,-0.109340005
99732,0.18382001,-0.063420005,-0.109340005
99753,0.18382001,-0.063420005,-0.109340005
99775,0.18382001,-0.063420005,-0.109340005
99775,0.18382001,-0.063420005,-0.109340005
99796,0.18382001,-0.063420005,-0.109340005
99796,0.18382001,-0.063420005,-0.109340005
99817,0.18382001,-0.063420005,-0.109340005
99818,0.18382001,-0.063420005,-0.109340005
99839,0.18382001,-0.063420005,-0.109340005
99839,0.18382001,-0.063420005,-0.109340005
99860,0.18382001,-0.063420005,-0.109340005
99860,0.18382001,-0.063420005,-0.109340005
99881,0.18382001,-0.063420005,-0.109340005
99903,0.18382001,-0.063420005,-0.109340005
99903,0.18382001,-0.063420005,-0.109340005
99924,0.18382001,-0.063420005,-0.109340005
99924,0.18382001,-0.063420005,-0.109340005
99945,0.29806,-0.04046,-0.075040005
99946,0.29806,-0.04046,-0.075040005
99967,0.19838001,-0.041580003,-0.17304
99967,0.19838001,-0.041580003,-0.17304
99988,0.19838001,-0.041580003,-0.17304
99988,0.19838001,-0.041580003,-0.17304
100009,0.26180002,-0.04242,-0.113400005
100031,0.26180002,-0.04242,-0.113400005
100031,0.26180002,-0.04242,-0.113400005
100052,0.26180002,-0.04242,-0.113400005
100052,0.26180002,-0.04242,-0.113400005
100073,0.24598001,-0.037100002,-0.16156
100073,0.24598001,-0.037100002,-0.16156
100095,0.24598001,-0.037100002,-0.16156
100095,0.24598001,-0.037100002,-0.16156
100116,0.24598001,-0.037100002,-0.16156
100116,0.24598001,-0.037100002,-0.16156
100137,0.19474001,-0.04648,-0.16338
100159,0.15470001,-0.05964,-0.1477
100159,0.15470001,-0.05964,-0.1477
100180,0.13398,-0.05376,-0.13524
100180,0.13398,-0.05376,-0.13524
100201,0.13846001,-0.05894,-0.14406
100201,0.13846001,-0.05894,-0.14406
100223,0.13846001,-0.05894,-0.14406
100223,0.13846001,-0.05894,-0.14406
100244,0.13846001,-0.05894,-0.14406
100244,0.13846001,-0.05894,-0.14406
100265,0.3052,-0.01246,-0.14924
100266,0.3052,-0.01246,-0.14924
100287,0.3052,-0.01246,-0.14924
100308,0.36218002,0.01918,-0.11004
100308,0.36218002,0.01918,-0.11004
100329,0.36218002,0.01918,-0.11004
100330,0.36218002,0.01918,-0.11004
100351,0.40306002,0.053340003,-0.03794
100351,0.40306002,0.053340003,-0.03794
100372,0.40306002,0.053340003,-0.03794
100372,0.40306002,0.053340003,-0.03794
100393,0.40306002,0.053340003,-0.03794
100393,0.40306002,0.053340003,-0.03794
100415,0.42322,0.08498,-0.062860005
100436,0.42322,0.08498,-0.062860005
100436,0.42322,0.08498,-0.062860005
100457,0.42322,0.08498,-0.062860005
100458,0.42322,0.08498,-0.062860005
100479,0.26208,-0.01736,-0.20552
100479,0.26208,-0.01736,-0.20552
100500,0.26208,-0.01736,-0.20552
100500,0.26208,-0.01736,-0.20552
100521,0.20328,-0.035,-0.19684
100522,0.20328,-0.035,-0.19684
100543,0.20328,-0.035,-0.19684
100564,0.22302,-0.026320001,-0.20986001
100564,0.22302,-0.026320001,-0.20986001
100585,0.33936,0.0357,-0.19880001
100585,0.33936,0.0357,-0.19880001
100607,0.33936,0.0357,-0.19880001
100607,0.33936,0.0357,-0.19880001
100628,0.45612,0.14714001,-0.08806
100628,0.45612,0.14714001,-0.08806
100649,0.45612,0.14714001,-0.08806
100650,0.45612,0.14714001,-0.08806
100671,0.4718,0.22134,0.01638
100692,0.4718,0.22134,0.01638
100692,0.4718,0.22134,0.01638
100713,0.46130002,0.25466,0.05544
100714,0.46130002,0.25466,0.05544
100735,0.45752,0.2884,0.04382
100735,0.45752,0.2884,0.04382
100756,0.45752,0.2884,0.04382
100756,0.45752,0.2884,0.04382
100778,0.46886,0.30464,-0.0924
100778,0.46886,0.30464,-0.0924
100799,0.42700002,0.22568001,-0.25368002
100820,0.42700002,0.22568001,-0.25368002
100820,0.42700002,0.22568001,-0.25368002
100841,0.33684,0.11354,-0.28910002
100842,0.33684,0.11354,-0.28910002
100863,0.35322002,0.0924,-0.29554
100863,0.35322002,0.0924,-0.29554
100884,0.35322002,0.0924,-0.29554
100884,0.35322002,0.0924,-0.29554
100905,0.3465,0.112,-0.28644
100906,0.3465,0.112,-0.28644
100927,0.3465,0.112,-0.28644
100948,0.3465,0.112,-0.28644
100948,0.3465,0.112,-0.28644
100969,0.39760002,0.15876001,-0.24556
100970,0.39760002,0.15876001,-0.24556
100991,0.46704,0.21700001,-0.112840004
100991,0.46704,0.21700001,-0.112840004
101012,0.47432002,0.23982,0.00896
101012,0.47432002,0.23982,0.00896
101033,0.47432002,0.23982,0.00896
101033,0.47432002,0.23982,0.00896
101055,0.47432002,0.23982,0.00896
101076,0.47432002,0.23982,0.00896
101076,0.47432002,0.23982,0.00896
101097,0.45654002,0.19334,0.04214
101098,0.45654002,0.19334,0.04214
101119,0.46326002,0.1505,-0.02968
101119,0.46326002,0.1505,-0.02968
101140,0.46326002,0.1505,-0.02968
101140,0.46326002,0.1505,-0.02968
101161,0.46326002,0.1505,-0.02968
101161,0.46326002,0.1505,-0.02968
101183,0.46326002,0.1505,-0.02968
101183,0.46326002,0.1505,-0.02968
101204,0.46326002,0.1505,-0.02968
101225,0.4424,0.121800005,-0.14546001
101225,0.4424,0.121800005,-0.14546001
101247,0.4424,0.121800005,-0.14546001
101247,0.4424,0.121800005,-0.14546001
101268,0.33096,0.09268,-0.27734
101268,0.33096,0.09268,-0.27734
101290,0.33096,0.09268,-0.27734
101290,0.33096,0.09268,-0.27734
101311,0.3556,0.116340004,-0.27034
101311,0.3556,0.116340004,-0.27034
101332,0.38206002,0.14742,-0.2604
101353,0.38206002,0.14742,-0.2604
101354,0.38206002,0.14742,-0.2604
101375,0.41524002,0.18102,-0.23226
101375,0.41524002,0.18102,-0.23226
101396,0.41524002,0.18102,-0.23226
101396,0.41524002,0.18102,-0.23226
101417,0.41524002,0.18102,-0.23226
101418,0.41524002,0.18102,-0.23226
101439,0.41524002,0.18102,-0.23226
101439,0.41524002,0.18102,-0.23226
101460,0.41524002,0.18102,-0.23226
101481,0.33166,0.23464,-0.34594002
101482,0.33166,0.23464,-0.34594002
101503,0.33166,0.23464,-0.34594002
101503,0.33166,0.23464,-0.34594002
101524,0.29498002,0.26474002,-0.3731
101524,0.29498002,0.26474002,-0.3731
101545,0.29498002,0.26474002,-0.3731
101546,0.29498002,0.26474002,-0.3731
101567,0.2947,0.29946,-0.36344
101567,0.2947,0.29946,-0.36344
101588,0.30492002,0.34048,-0.35504
101609,0.30492002,0.34048,-0.35504
101610,0.30492002,0.34048,-0.35504
101631,0.30898002,0.42714,-0.31654
101631,0.30898002,0.42714,-0.31654
101652,0.30898002,0.42714,-0.31654
101652,0.30898002,0.42714,-0.31654
101673,0.30898002,0.42714,-0.31654
101673,0.30898002,0.42714,-0.31654
101695,0.2492,0.49448,-0.30296
101695,0.2492,0.49448,-0.30296
101716,0.2492,0.49448,-0.30296
101737,0.2492,0.49448,-0.30296
101738,0.2492,0.49448,-0.30296
101759,0.20314,0.50736004,-0.32256
101759,0.20314,0.50736004,-0.32256
101780,0.20314,0.50736004,-0.32256
101780,0.20314,0.50736004,-0.32256
101801,0.13328001,0.49854,-0.33138
101801,0.13328001,0.49854,-0.33138
101823,0.060480002,0.47446,-0.34342
101823,0.060480002,0.47446,-0.34342
101844,0.060480002,0.47446,-0.34342
101865,0.060480002,0.47446,-0.34342
101866,0.060480002,0.47446,-0.34342
101887,0.01904,0.49182,-0.31374002
101887,0.01904,0.49182,-0.31374002
101908,0.01904,0.49182,-0.31374002
101908,0.01904,0.49182,-0.31374002
101929,0.01904,0.49182,-0.31374002
101929,0.01904,0.49182,-0.31374002
101951,0.01904,0.49182,-0.31374002
101951,0.01904,0.49182,-0.31374002
101972,-0.09058,0.53634,-0.14182
101972,-0.09058,0.53634,-0.14182
101994,-0.09058,0.53634,-0.14182
102015,-0.09058,0.53634,-0.14182
102015,-0.09058,0.53634,-0.14182
102036,-0.101500005,0.52808,-0.11214
102036,-0.101500005,0.52808,-0.11214
102058,-0.101500005,0.52808,-0.11214
102058,-0.101500005,0.52808,-0.11214
102079,-0.101500005,0.52808,-0.11214
102079,-0.101500005,0.52808,-0.11214
102100,-0.10388,0.53606004,-0.08764
102100,-0.10388,0.53606004,-0.08764
102121,-0.10388,0.53606004,-0.08764
102143,-0.116340004,0.5145,-0.075600006
102143,-0.116340004,0.5145,-0.075600006
102164,-0.12026,0.51478,-0.067200005
102164,-0.12026,0.51478,-0.067200005
102185,-0.12026,0.51478,-0.067200005
102185,-0.12026,0.51478,-0.067200005
102207,-0.12026,0.51478,-0.067200005
102207,-0.12026,0.51478,-0.067200005
102228,-0.110460006,0.52248,-0.079380006
102228,-0.110460006,0.52248,-0.079380006
102249,-0.110460006,0.52248,-0.079380006
102271,-0.08904,0.54782003,-0.09562
102271,-0.08904,0.54782003,-0.09562
102292,-0.08904,0.54782003,-0.09562
102292,-0.08904,0.54782003,-0.09562
102313,-0.057400003,0.57162,-0.110460006
102314,-0.057400003,0.57162,-0.110460006
102335,-0.057400003,0.57162,-0.110460006
102335,-0.057400003,0.57162,-0.110460006
102356,-0.057400003,0.57162,-0.110460006
102356,-0.057400003,0.57162,-0.110460006
102377,0.04998,0.58758,-0.21126
102399,0.04998,0.58758,-0.21126
102399,0.04998,0.58758,-0.21126
102420,0.1386,0.56490004,-0.25816
102420,0.1386,0.56490004,-0.25816
102441,0.1386,0.56490004,-0.25816
102442,0.1386,0.56490004,-0.25816
102463,0.14308001,0.55034,-0.27804002
102463,0.14308001,0.55034,-0.27804002
102484,0.13636,0.5334,-0.30142
102484,0.13636,0.5334,-0.30142
102505,0.13636,0.5334,-0.30142
102527,0.13636,0.5334,-0.30142
102527,0.13636,0.5334,-0.30142
102548,0.13258,0.54544,-0.27804002
102548,0.13258,0.54544,-0.27804002
102569,0.13258,0.54544,-0.27804002
102570,0.13258,0.54544,-0.27804002
102591,0.12376,0.57708,-0.23548001
102591,0.12376,0.57708,-0.23548001
102612,0.120680004,0.59514004,-0.16072
102612,0.120680004,0.59514004,-0.16072
102633,0.120680004,0.59514004,-0.16072
102655,0.09632,0.6181,-0.121240005
102655,0.09632,0.6181,-0.121240005
102676,0.09632,0.6181,-0.121240005
102676,0.09632,0.6181,-0.121240005
102698,0.09632,0.6181,-0.121240005
102698,0.09632,0.6181,-0.121240005
102719,0.09632,0.6181,-0.121240005
102719,0.09632,0.6181,-0.121240005
102740,0.09632,0.6181,-0.121240005
102740,0.09632,0.6181,-0.121240005
102761,0.00364,0.57974,0.033460002
102783,0.01582,0.58632004,0.03556
102783,0.01582,0.58632004,0.03556
102804,0.01582,0.58632004,0.03556
102804,0.01582,0.58632004,0.03556
102826,0.02982,0.59164,0.03556
102826,0.02982,0.59164,0.03556
102847,0.045080002,0.59108,0.03962
102847,0.045080002,0.59108,0.03962
102868,0.045080002,0.59108,0.03962
102868,0.045080002,0.59108,0.03962
102890,0.045080002,0.59108,0.03962
102890,0.045080002,0.59108,0.03962
102911,0.053620003,0.59486,0.028280001
102932,0.086380005,0.5999,0.0294
102932,0.086380005,0.5999,0.0294
102954,0.086380005,0.5999,0.0294
102954,0.086380005,0.5999,0.0294
102975,0.114800006,0.61348003,-0.01162
102975,0.114800006,0.61348003,-0.01162
102996,0.1225,0.61586004,-0.05432
102996,0.1225,0.61586004,-0.05432
103017,0.1225,0.61586004,-0.05432
103017,0.1225,0.61586004,-0.05432
103039,0.12306,0.61642003,-0.1127
103060,0.12278,0.60886,-0.17472
103060,0.12278,0.60886,-0.17472
103082,0.12278,0.60886,-0.17472
103082,0.12278,0.60886,-0.17472
103103,0.11564,0.58758,-0.22708
103103,0.11564,0.58758,-0.22708
103124,0.11564,0.58758,-0.22708
103124,0.11564,0.58758,-0.22708
103145,0.113120005,0.55398,-0.27048
103146,0.113120005,0.55398,-0.27048
103167,0.113120005,0.53788,-0.2947
103188,0.113120005,0.53788,-0.2947
103188,0.113120005,0.53788,-0.2947
103209,0.113120005,0.53788,-0.2947
103209,0.113120005,0.53788,-0.2947
103231,0.113120005,0.53788,-0.2947
103231,0.113120005,0.53788,-0.2947
103252,0.116900004,0.51884,-0.30954
103252,0.116900004,0.51884,-0.30954
103274,0.16226001,0.55734,-0.25144002
103274,0.16226001,0.55734,-0.25144002
103295,0.16226001,0.55734,-0.25144002
103316,0.16226001,0.55734,-0.25144002
103316,0.16226001,0.55734,-0.25144002
103337,0.16226001,0.55734,-0.25144002
103337,0.16226001,0.55734,-0.25144002
103359,0.16226001,0.55734,-0.25144002
103359,0.16226001,0.55734,-0.25144002
103380,0.16226001,0.55734,-0.25144002
103380,0.16226001,0.55734,-0.25144002
103401,0.16226001,0.55734,-0.25144002
103402,0.16226001,0.55734,-0.25144002
103423,0.1666,0.60480005,0.00392
103444,0.1666,0.60480005,0.00392
103444,0.1666,0.60480005,0.00392
103465,0.1666,0.60480005,0.00392
103465,0.1666,0.60480005,0.00392
103487,0.15568,0.60858,0.0014000001
103487,0.15568,0.60858,0.0014000001
103508,0.17696,0.61236,-0.02128
103508,0.17696,0.61236,-0.02128
103529,0.18984,0.61152,-0.062860005
103530,0.18984,0.61152,-0.062860005
103551,0.18984,0.61152,-0.062860005
103572,0.19236,0.60046,-0.15568
103572,0.19236,0.60046,-0.15568
103594,0.19558,0.56448,-0.24878001
103594,0.19558,0.56448,-0.24878001
103615,0.19558,0.56448,-0.24878001
103615,0.19558,0.56448,-0.24878001
103636,0.19558,0.56448,-0.24878001
103636,0.19558,0.56448,-0.24878001
103657,0.20804,0.47348002,-0.3332
103658,0.20804,0.47348002,-0.3332
103679,0.20804,0.47348002,-0.3332
103679,0.20804,0.47348002,-0.3332
103700,0.20804,0.47348002,-0.3332
103721,0.20804,0.47348002,-0.3332
103721,0.20804,0.47348002,-0.3332
103743,0.21168001,0.44660002,-0.34888002
103743,0.21168001,0.44660002,-0.34888002
103764,0.21168001,0.44660002,-0.34888002
103764,0.21168001,0.44660002,-0.34888002
103785,0.29078,0.52458,-0.21504
103786,0.29078,0.52458,-0.21504
103807,0.29078,0.52458,-0.21504
103807,0.29078,0.52458,-0.21504
103828,0.33054,0.54236,-0.10598
103849,0.33054,0.54236,-0.10598
103850,0.33054,0.54236,-0.10598
103871,0.33054,0.54236,-0.10598
103871,0.33054,0.54236,-0.10598
103892,0.38038,0.4844,0.00406
103892,0.38038,0.4844,0.00406
103914,0.38038,0.4844,0.00406
103914,0.38038,0.4844,0.00406
103935,0.39886,0.45388,0.04354
103935,0.39886,0.45388,0.04354
103956,0.38836002,0.44534,0.06818
103978,0.38836002,0.44534,0.06818
103978,0.38836002,0.44534,0.06818
103999,0.38248,0.42616,0.10108
103999,0.38248,0.42616,0.10108
104020,0.38248,0.42616,0.10108
104020,0.38248,0.42616,0.10108
104042,0.3878,0.4004,0.100940004
104042,0.3878,0.4004,0.100940004
104063,0.3878,0.4004,0.100940004
104063,0.3878,0.4004,0.100940004
104084,0.39816,0.38654,0.10808
104105,0.39816,0.38654,0.10808
104106,0.39816,0.38654,0.10808
104127,0.39816,0.38654,0.10808
104127,0.39816,0.38654,0.10808
104148,0.39816,0.38654,0.10808
104148,0.39816,0.38654,0.10808
104169,0.33656,0.41146,0.1575
104170,0.33656,0.41146,0.1575
104191,0.33656,0.41146,0.1575
104191,0.33656,0.41146,0.1575
104212,0.33124,0.42742002,0.14714001
104233,0.33124,0.42742002,0.14714001
104234,0.33124,0.42742002,0.14714001
104255,0.33586,0.47250003,0.102060005
104255,0.33586,0.47250003,0.102060005
104276,0.32354,0.52598,0.016520001
104276,0.32354,0.52598,0.016520001
104297,0.32354,0.52598,0.016520001
104298,0.32354,0.52598,0.016520001
104319,0.30576,0.56434,-0.10808
104319,0.30576,0.56434,-0.10808
104340,0.25606,0.57176,-0.18354
104361,0.25606,0.57176,-0.18354
104362,0.25606,0.57176,-0.18354
104383,0.20496,0.57358,-0.21196
104383,0.20496,0.57358,-0.21196
104404,0.15988,0.58324003,-0.21924001
104404,0.15988,0.58324003,-0.21924001
104426,0.15988,0.58324003,-0.21924001
104426,0.15988,0.58324003,-0.21924001
104447,0.15988,0.58324003,-0.21924001
104447,0.15988,0.58324003,-0.21924001
104468,0.15988,0.58324003,-0.21924001
104489,0.15988,0.58324003,-0.21924001
104489,0.15988,0.58324003,-0.21924001
104511,0.11004,0.57414,-0.23464
104511,0.11004,0.57414,-0.23464
104532,0.056420002,0.57134,-0.24080001
104532,0.056420002,0.57134,-0.24080001
104553,0.056420002,0.57134,-0.24080001
104554,0.056420002,0.57134,-0.24080001
104575,0.041160002,0.5698,-0.23114
104575,0.041160002,0.5698,-0.23114
104596,0.04298,0.56868,-0.23044
104596,0.04298,0.56868,-0.23044
104617,0.04298,0.56868,-0.23044
104639,0.04298,0.56868,-0.23044
104639,0.04298,0.56868,-0.23044
104660,0.0588,0.57960004,-0.21336001
104660,0.0588,0.57960004,-0.21336001
104681,0.0588,0.57960004,-0.21336001
104682,0.0588,0.57960004,-0.21336001
104703,0.0595,0.5887,-0.19712001
104703,0.0595,0.5887,-0.19712001
104724,0.0595,0.5887,-0.19712001
104724,0.0595,0.5887,-0.19712001
104745,0.0595,0.5887,-0.19712001
104767,0.056700002,0.59864,-0.16296001
104767,0.056700002,0.59864,-0.16296001
104788,0.044800002,0.6006,-0.120960005
104788,0.044800002,0.6006,-0.120960005
104809,0.044800002,0.6006,-0.120960005
104810,0.044800002,0.6006,-0.120960005
104831,0.044800002,0.6006,-0.120960005
104831,0.044800002,0.6006,-0.120960005
104852,0.03584,0.602,-0.090720005
104852,0.03584,0.602,-0.090720005
104873,0.03584,0.602,-0.090720005
104895,0.03444,0.5999,-0.09618
104895,0.03444,0.5999,-0.09618
104916,0.03444,0.5999,-0.09618
104916,0.03444,0.5999,-0.09618
104938,0.03444,0.5999,-0.09618
104938,0.03444,0.5999,-0.09618
104959,0.0476,0.59738004,-0.121520005
104959,0.0476,0.59738004,-0.121520005
